ISO-10303-21;
HEADER;
/* Generated by software containing ST-Developer
 * from STEP Tools, Inc. (www.steptools.com) 
 */

FILE_DESCRIPTION(
/* description */ (''),
/* implementation_level */ '2;1');

FILE_NAME(
/* name */ 'Case bottom.step',
/* time_stamp */ '2026-03-02T23:52:38-08:00',
/* author */ (''),
/* organization */ (''),
/* preprocessor_version */ 'ST-DEVELOPER v20.1',
/* originating_system */ 'Autodesk Translation Framework v14.24.0.0',
/* authorisation */ '');

FILE_SCHEMA (('AUTOMOTIVE_DESIGN { 1 0 10303 214 3 1 1 }'));
ENDSEC;

DATA;
#10=MECHANICAL_DESIGN_GEOMETRIC_PRESENTATION_REPRESENTATION('',(#13,#14,
#15),#4996);
#11=SHAPE_REPRESENTATION_RELATIONSHIP('SRR','None',#5002,#12);
#12=ADVANCED_BREP_SHAPE_REPRESENTATION('',(#16,#17,#18),#4995);
#13=STYLED_ITEM('',(#5011),#16);
#14=STYLED_ITEM('',(#5011),#17);
#15=STYLED_ITEM('',(#5011),#18);
#16=MANIFOLD_SOLID_BREP('Body1',#2618);
#17=MANIFOLD_SOLID_BREP('Body6',#2619);
#18=MANIFOLD_SOLID_BREP('Body7',#2620);
#19=CIRCLE('',#2675,5.);
#20=CIRCLE('',#2676,5.);
#21=CIRCLE('',#2679,5.);
#22=CIRCLE('',#2680,5.);
#23=CIRCLE('',#2681,5.);
#24=CIRCLE('',#2682,1.7);
#25=CIRCLE('',#2683,1.7);
#26=CIRCLE('',#2684,1.7);
#27=CIRCLE('',#2685,1.7);
#28=CIRCLE('',#2687,5.);
#29=CIRCLE('',#2689,5.);
#30=CIRCLE('',#2691,5.);
#31=CIRCLE('',#2696,3.);
#32=CIRCLE('',#2697,3.);
#33=CIRCLE('',#2699,3.00000000000001);
#34=CIRCLE('',#2700,3.00000000000001);
#35=CIRCLE('',#2702,3.00000000000001);
#36=CIRCLE('',#2703,3.00000000000001);
#37=CIRCLE('',#2705,3.);
#38=CIRCLE('',#2706,3.);
#39=CIRCLE('',#2713,1.7);
#40=CIRCLE('',#2716,1.7);
#41=CIRCLE('',#2719,1.7);
#42=CIRCLE('',#2722,1.7);
#43=CIRCLE('',#2725,2.5);
#44=CIRCLE('',#2726,2.5);
#45=CIRCLE('',#2730,2.5);
#46=CIRCLE('',#2731,2.5);
#47=CYLINDRICAL_SURFACE('',#2674,5.);
#48=CYLINDRICAL_SURFACE('',#2686,5.);
#49=CYLINDRICAL_SURFACE('',#2688,5.);
#50=CYLINDRICAL_SURFACE('',#2690,5.);
#51=CYLINDRICAL_SURFACE('',#2695,3.);
#52=CYLINDRICAL_SURFACE('',#2698,3.00000000000001);
#53=CYLINDRICAL_SURFACE('',#2701,3.00000000000001);
#54=CYLINDRICAL_SURFACE('',#2704,3.);
#55=CYLINDRICAL_SURFACE('',#2712,1.7);
#56=CYLINDRICAL_SURFACE('',#2715,1.7);
#57=CYLINDRICAL_SURFACE('',#2718,1.7);
#58=CYLINDRICAL_SURFACE('',#2721,1.7);
#59=CYLINDRICAL_SURFACE('',#2724,2.5);
#60=CYLINDRICAL_SURFACE('',#2729,2.5);
#61=FACE_BOUND('',#319,.T.);
#62=FACE_BOUND('',#341,.T.);
#63=FACE_BOUND('',#374,.T.);
#64=FACE_BOUND('',#408,.T.);
#65=FACE_BOUND('',#409,.T.);
#66=FACE_BOUND('',#410,.T.);
#67=FACE_BOUND('',#411,.T.);
#68=FACE_BOUND('',#412,.T.);
#69=FACE_BOUND('',#413,.T.);
#70=FACE_BOUND('',#414,.T.);
#71=FACE_BOUND('',#424,.T.);
#72=FACE_BOUND('',#425,.T.);
#73=FACE_BOUND('',#426,.T.);
#74=FACE_BOUND('',#427,.T.);
#75=FACE_BOUND('',#443,.T.);
#76=FACE_BOUND('',#444,.T.);
#77=FACE_BOUND('',#445,.T.);
#78=FACE_BOUND('',#446,.T.);
#79=FACE_BOUND('',#449,.T.);
#80=FACE_BOUND('',#452,.T.);
#81=FACE_BOUND('',#455,.T.);
#82=FACE_BOUND('',#458,.T.);
#83=PLANE('',#2622);
#84=PLANE('',#2623);
#85=PLANE('',#2624);
#86=PLANE('',#2625);
#87=PLANE('',#2626);
#88=PLANE('',#2627);
#89=PLANE('',#2628);
#90=PLANE('',#2629);
#91=PLANE('',#2630);
#92=PLANE('',#2631);
#93=PLANE('',#2632);
#94=PLANE('',#2633);
#95=PLANE('',#2634);
#96=PLANE('',#2635);
#97=PLANE('',#2636);
#98=PLANE('',#2637);
#99=PLANE('',#2638);
#100=PLANE('',#2639);
#101=PLANE('',#2640);
#102=PLANE('',#2641);
#103=PLANE('',#2642);
#104=PLANE('',#2643);
#105=PLANE('',#2644);
#106=PLANE('',#2645);
#107=PLANE('',#2646);
#108=PLANE('',#2647);
#109=PLANE('',#2648);
#110=PLANE('',#2649);
#111=PLANE('',#2650);
#112=PLANE('',#2651);
#113=PLANE('',#2652);
#114=PLANE('',#2653);
#115=PLANE('',#2654);
#116=PLANE('',#2655);
#117=PLANE('',#2656);
#118=PLANE('',#2657);
#119=PLANE('',#2658);
#120=PLANE('',#2659);
#121=PLANE('',#2660);
#122=PLANE('',#2661);
#123=PLANE('',#2662);
#124=PLANE('',#2663);
#125=PLANE('',#2664);
#126=PLANE('',#2665);
#127=PLANE('',#2666);
#128=PLANE('',#2667);
#129=PLANE('',#2668);
#130=PLANE('',#2669);
#131=PLANE('',#2670);
#132=PLANE('',#2671);
#133=PLANE('',#2672);
#134=PLANE('',#2673);
#135=PLANE('',#2677);
#136=PLANE('',#2678);
#137=PLANE('',#2692);
#138=PLANE('',#2693);
#139=PLANE('',#2694);
#140=PLANE('',#2707);
#141=PLANE('',#2708);
#142=PLANE('',#2709);
#143=PLANE('',#2710);
#144=PLANE('',#2711);
#145=PLANE('',#2714);
#146=PLANE('',#2717);
#147=PLANE('',#2720);
#148=PLANE('',#2723);
#149=PLANE('',#2727);
#150=PLANE('',#2728);
#151=PLANE('',#2732);
#152=PLANE('',#2733);
#153=FACE_OUTER_BOUND('',#298,.T.);
#154=FACE_OUTER_BOUND('',#299,.T.);
#155=FACE_OUTER_BOUND('',#300,.T.);
#156=FACE_OUTER_BOUND('',#301,.T.);
#157=FACE_OUTER_BOUND('',#302,.T.);
#158=FACE_OUTER_BOUND('',#303,.T.);
#159=FACE_OUTER_BOUND('',#304,.T.);
#160=FACE_OUTER_BOUND('',#305,.T.);
#161=FACE_OUTER_BOUND('',#306,.T.);
#162=FACE_OUTER_BOUND('',#307,.T.);
#163=FACE_OUTER_BOUND('',#308,.T.);
#164=FACE_OUTER_BOUND('',#309,.T.);
#165=FACE_OUTER_BOUND('',#310,.T.);
#166=FACE_OUTER_BOUND('',#311,.T.);
#167=FACE_OUTER_BOUND('',#312,.T.);
#168=FACE_OUTER_BOUND('',#313,.T.);
#169=FACE_OUTER_BOUND('',#314,.T.);
#170=FACE_OUTER_BOUND('',#315,.T.);
#171=FACE_OUTER_BOUND('',#316,.T.);
#172=FACE_OUTER_BOUND('',#317,.T.);
#173=FACE_OUTER_BOUND('',#318,.T.);
#174=FACE_OUTER_BOUND('',#320,.T.);
#175=FACE_OUTER_BOUND('',#321,.T.);
#176=FACE_OUTER_BOUND('',#322,.T.);
#177=FACE_OUTER_BOUND('',#323,.T.);
#178=FACE_OUTER_BOUND('',#324,.T.);
#179=FACE_OUTER_BOUND('',#325,.T.);
#180=FACE_OUTER_BOUND('',#326,.T.);
#181=FACE_OUTER_BOUND('',#327,.T.);
#182=FACE_OUTER_BOUND('',#328,.T.);
#183=FACE_OUTER_BOUND('',#329,.T.);
#184=FACE_OUTER_BOUND('',#330,.T.);
#185=FACE_OUTER_BOUND('',#331,.T.);
#186=FACE_OUTER_BOUND('',#332,.T.);
#187=FACE_OUTER_BOUND('',#333,.T.);
#188=FACE_OUTER_BOUND('',#334,.T.);
#189=FACE_OUTER_BOUND('',#335,.T.);
#190=FACE_OUTER_BOUND('',#336,.T.);
#191=FACE_OUTER_BOUND('',#337,.T.);
#192=FACE_OUTER_BOUND('',#338,.T.);
#193=FACE_OUTER_BOUND('',#339,.T.);
#194=FACE_OUTER_BOUND('',#340,.T.);
#195=FACE_OUTER_BOUND('',#342,.T.);
#196=FACE_OUTER_BOUND('',#343,.T.);
#197=FACE_OUTER_BOUND('',#344,.T.);
#198=FACE_OUTER_BOUND('',#345,.T.);
#199=FACE_OUTER_BOUND('',#346,.T.);
#200=FACE_OUTER_BOUND('',#347,.T.);
#201=FACE_OUTER_BOUND('',#348,.T.);
#202=FACE_OUTER_BOUND('',#349,.T.);
#203=FACE_OUTER_BOUND('',#350,.T.);
#204=FACE_OUTER_BOUND('',#351,.T.);
#205=FACE_OUTER_BOUND('',#352,.T.);
#206=FACE_OUTER_BOUND('',#353,.T.);
#207=FACE_OUTER_BOUND('',#354,.T.);
#208=FACE_OUTER_BOUND('',#355,.T.);
#209=FACE_OUTER_BOUND('',#356,.T.);
#210=FACE_OUTER_BOUND('',#357,.T.);
#211=FACE_OUTER_BOUND('',#358,.T.);
#212=FACE_OUTER_BOUND('',#359,.T.);
#213=FACE_OUTER_BOUND('',#360,.T.);
#214=FACE_OUTER_BOUND('',#361,.T.);
#215=FACE_OUTER_BOUND('',#362,.T.);
#216=FACE_OUTER_BOUND('',#363,.T.);
#217=FACE_OUTER_BOUND('',#364,.T.);
#218=FACE_OUTER_BOUND('',#365,.T.);
#219=FACE_OUTER_BOUND('',#366,.T.);
#220=FACE_OUTER_BOUND('',#367,.T.);
#221=FACE_OUTER_BOUND('',#368,.T.);
#222=FACE_OUTER_BOUND('',#369,.T.);
#223=FACE_OUTER_BOUND('',#370,.T.);
#224=FACE_OUTER_BOUND('',#371,.T.);
#225=FACE_OUTER_BOUND('',#372,.T.);
#226=FACE_OUTER_BOUND('',#373,.T.);
#227=FACE_OUTER_BOUND('',#375,.T.);
#228=FACE_OUTER_BOUND('',#376,.T.);
#229=FACE_OUTER_BOUND('',#377,.T.);
#230=FACE_OUTER_BOUND('',#378,.T.);
#231=FACE_OUTER_BOUND('',#379,.T.);
#232=FACE_OUTER_BOUND('',#380,.T.);
#233=FACE_OUTER_BOUND('',#381,.T.);
#234=FACE_OUTER_BOUND('',#382,.T.);
#235=FACE_OUTER_BOUND('',#383,.T.);
#236=FACE_OUTER_BOUND('',#384,.T.);
#237=FACE_OUTER_BOUND('',#385,.T.);
#238=FACE_OUTER_BOUND('',#386,.T.);
#239=FACE_OUTER_BOUND('',#387,.T.);
#240=FACE_OUTER_BOUND('',#388,.T.);
#241=FACE_OUTER_BOUND('',#389,.T.);
#242=FACE_OUTER_BOUND('',#390,.T.);
#243=FACE_OUTER_BOUND('',#391,.T.);
#244=FACE_OUTER_BOUND('',#392,.T.);
#245=FACE_OUTER_BOUND('',#393,.T.);
#246=FACE_OUTER_BOUND('',#394,.T.);
#247=FACE_OUTER_BOUND('',#395,.T.);
#248=FACE_OUTER_BOUND('',#396,.T.);
#249=FACE_OUTER_BOUND('',#397,.T.);
#250=FACE_OUTER_BOUND('',#398,.T.);
#251=FACE_OUTER_BOUND('',#399,.T.);
#252=FACE_OUTER_BOUND('',#400,.T.);
#253=FACE_OUTER_BOUND('',#401,.T.);
#254=FACE_OUTER_BOUND('',#402,.T.);
#255=FACE_OUTER_BOUND('',#403,.T.);
#256=FACE_OUTER_BOUND('',#404,.T.);
#257=FACE_OUTER_BOUND('',#405,.T.);
#258=FACE_OUTER_BOUND('',#406,.T.);
#259=FACE_OUTER_BOUND('',#407,.T.);
#260=FACE_OUTER_BOUND('',#415,.T.);
#261=FACE_OUTER_BOUND('',#416,.T.);
#262=FACE_OUTER_BOUND('',#417,.T.);
#263=FACE_OUTER_BOUND('',#418,.T.);
#264=FACE_OUTER_BOUND('',#419,.T.);
#265=FACE_OUTER_BOUND('',#420,.T.);
#266=FACE_OUTER_BOUND('',#421,.T.);
#267=FACE_OUTER_BOUND('',#422,.T.);
#268=FACE_OUTER_BOUND('',#423,.T.);
#269=FACE_OUTER_BOUND('',#428,.T.);
#270=FACE_OUTER_BOUND('',#429,.T.);
#271=FACE_OUTER_BOUND('',#430,.T.);
#272=FACE_OUTER_BOUND('',#431,.T.);
#273=FACE_OUTER_BOUND('',#432,.T.);
#274=FACE_OUTER_BOUND('',#433,.T.);
#275=FACE_OUTER_BOUND('',#434,.T.);
#276=FACE_OUTER_BOUND('',#435,.T.);
#277=FACE_OUTER_BOUND('',#436,.T.);
#278=FACE_OUTER_BOUND('',#437,.T.);
#279=FACE_OUTER_BOUND('',#438,.T.);
#280=FACE_OUTER_BOUND('',#439,.T.);
#281=FACE_OUTER_BOUND('',#440,.T.);
#282=FACE_OUTER_BOUND('',#441,.T.);
#283=FACE_OUTER_BOUND('',#442,.T.);
#284=FACE_OUTER_BOUND('',#447,.T.);
#285=FACE_OUTER_BOUND('',#448,.T.);
#286=FACE_OUTER_BOUND('',#450,.T.);
#287=FACE_OUTER_BOUND('',#451,.T.);
#288=FACE_OUTER_BOUND('',#453,.T.);
#289=FACE_OUTER_BOUND('',#454,.T.);
#290=FACE_OUTER_BOUND('',#456,.T.);
#291=FACE_OUTER_BOUND('',#457,.T.);
#292=FACE_OUTER_BOUND('',#459,.T.);
#293=FACE_OUTER_BOUND('',#460,.T.);
#294=FACE_OUTER_BOUND('',#461,.T.);
#295=FACE_OUTER_BOUND('',#462,.T.);
#296=FACE_OUTER_BOUND('',#463,.T.);
#297=FACE_OUTER_BOUND('',#464,.T.);
#298=EDGE_LOOP('',(#1662,#1663,#1664,#1665));
#299=EDGE_LOOP('',(#1666,#1667,#1668,#1669));
#300=EDGE_LOOP('',(#1670,#1671,#1672,#1673));
#301=EDGE_LOOP('',(#1674,#1675,#1676,#1677));
#302=EDGE_LOOP('',(#1678,#1679,#1680,#1681));
#303=EDGE_LOOP('',(#1682,#1683,#1684,#1685));
#304=EDGE_LOOP('',(#1686,#1687,#1688,#1689));
#305=EDGE_LOOP('',(#1690,#1691,#1692,#1693));
#306=EDGE_LOOP('',(#1694,#1695,#1696,#1697));
#307=EDGE_LOOP('',(#1698,#1699,#1700,#1701));
#308=EDGE_LOOP('',(#1702,#1703,#1704,#1705));
#309=EDGE_LOOP('',(#1706,#1707,#1708,#1709));
#310=EDGE_LOOP('',(#1710,#1711,#1712,#1713));
#311=EDGE_LOOP('',(#1714,#1715,#1716,#1717));
#312=EDGE_LOOP('',(#1718,#1719,#1720,#1721));
#313=EDGE_LOOP('',(#1722,#1723,#1724,#1725));
#314=EDGE_LOOP('',(#1726,#1727,#1728,#1729));
#315=EDGE_LOOP('',(#1730,#1731,#1732,#1733));
#316=EDGE_LOOP('',(#1734,#1735,#1736,#1737));
#317=EDGE_LOOP('',(#1738,#1739,#1740,#1741));
#318=EDGE_LOOP('',(#1742,#1743,#1744,#1745,#1746,#1747,#1748,#1749,#1750,
#1751,#1752,#1753,#1754,#1755,#1756));
#319=EDGE_LOOP('',(#1757,#1758,#1759,#1760,#1761));
#320=EDGE_LOOP('',(#1762,#1763,#1764,#1765));
#321=EDGE_LOOP('',(#1766,#1767,#1768,#1769));
#322=EDGE_LOOP('',(#1770,#1771,#1772,#1773));
#323=EDGE_LOOP('',(#1774,#1775,#1776,#1777));
#324=EDGE_LOOP('',(#1778,#1779,#1780,#1781));
#325=EDGE_LOOP('',(#1782,#1783,#1784,#1785));
#326=EDGE_LOOP('',(#1786,#1787,#1788,#1789));
#327=EDGE_LOOP('',(#1790,#1791,#1792,#1793));
#328=EDGE_LOOP('',(#1794,#1795,#1796,#1797));
#329=EDGE_LOOP('',(#1798,#1799,#1800,#1801));
#330=EDGE_LOOP('',(#1802,#1803,#1804,#1805));
#331=EDGE_LOOP('',(#1806,#1807,#1808,#1809));
#332=EDGE_LOOP('',(#1810,#1811,#1812,#1813));
#333=EDGE_LOOP('',(#1814,#1815,#1816,#1817));
#334=EDGE_LOOP('',(#1818,#1819,#1820,#1821));
#335=EDGE_LOOP('',(#1822,#1823,#1824,#1825));
#336=EDGE_LOOP('',(#1826,#1827,#1828,#1829));
#337=EDGE_LOOP('',(#1830,#1831,#1832,#1833));
#338=EDGE_LOOP('',(#1834,#1835,#1836,#1837));
#339=EDGE_LOOP('',(#1838,#1839,#1840,#1841));
#340=EDGE_LOOP('',(#1842,#1843,#1844,#1845,#1846,#1847,#1848,#1849,#1850,
#1851,#1852,#1853,#1854,#1855,#1856));
#341=EDGE_LOOP('',(#1857,#1858,#1859,#1860,#1861));
#342=EDGE_LOOP('',(#1862,#1863,#1864,#1865));
#343=EDGE_LOOP('',(#1866,#1867,#1868,#1869));
#344=EDGE_LOOP('',(#1870,#1871,#1872,#1873));
#345=EDGE_LOOP('',(#1874,#1875,#1876,#1877));
#346=EDGE_LOOP('',(#1878,#1879,#1880,#1881));
#347=EDGE_LOOP('',(#1882,#1883,#1884,#1885));
#348=EDGE_LOOP('',(#1886,#1887,#1888,#1889));
#349=EDGE_LOOP('',(#1890,#1891,#1892,#1893));
#350=EDGE_LOOP('',(#1894,#1895,#1896,#1897));
#351=EDGE_LOOP('',(#1898,#1899,#1900,#1901));
#352=EDGE_LOOP('',(#1902,#1903,#1904,#1905));
#353=EDGE_LOOP('',(#1906,#1907,#1908,#1909));
#354=EDGE_LOOP('',(#1910,#1911,#1912,#1913));
#355=EDGE_LOOP('',(#1914,#1915,#1916,#1917));
#356=EDGE_LOOP('',(#1918,#1919,#1920,#1921));
#357=EDGE_LOOP('',(#1922,#1923,#1924,#1925));
#358=EDGE_LOOP('',(#1926,#1927,#1928,#1929));
#359=EDGE_LOOP('',(#1930,#1931,#1932,#1933));
#360=EDGE_LOOP('',(#1934,#1935,#1936,#1937));
#361=EDGE_LOOP('',(#1938,#1939,#1940,#1941));
#362=EDGE_LOOP('',(#1942,#1943,#1944,#1945));
#363=EDGE_LOOP('',(#1946,#1947,#1948,#1949));
#364=EDGE_LOOP('',(#1950,#1951,#1952,#1953));
#365=EDGE_LOOP('',(#1954,#1955,#1956,#1957));
#366=EDGE_LOOP('',(#1958,#1959,#1960,#1961));
#367=EDGE_LOOP('',(#1962,#1963,#1964,#1965));
#368=EDGE_LOOP('',(#1966,#1967,#1968,#1969));
#369=EDGE_LOOP('',(#1970,#1971,#1972,#1973));
#370=EDGE_LOOP('',(#1974,#1975,#1976,#1977));
#371=EDGE_LOOP('',(#1978,#1979,#1980,#1981));
#372=EDGE_LOOP('',(#1982,#1983,#1984,#1985));
#373=EDGE_LOOP('',(#1986,#1987,#1988,#1989,#1990,#1991,#1992,#1993,#1994,
#1995,#1996,#1997,#1998));
#374=EDGE_LOOP('',(#1999,#2000,#2001,#2002,#2003,#2004,#2005,#2006));
#375=EDGE_LOOP('',(#2007,#2008,#2009,#2010));
#376=EDGE_LOOP('',(#2011,#2012,#2013,#2014));
#377=EDGE_LOOP('',(#2015,#2016,#2017,#2018));
#378=EDGE_LOOP('',(#2019,#2020,#2021,#2022));
#379=EDGE_LOOP('',(#2023,#2024,#2025,#2026));
#380=EDGE_LOOP('',(#2027,#2028,#2029,#2030));
#381=EDGE_LOOP('',(#2031,#2032,#2033,#2034));
#382=EDGE_LOOP('',(#2035,#2036,#2037,#2038));
#383=EDGE_LOOP('',(#2039,#2040,#2041,#2042));
#384=EDGE_LOOP('',(#2043,#2044,#2045,#2046));
#385=EDGE_LOOP('',(#2047,#2048,#2049,#2050));
#386=EDGE_LOOP('',(#2051,#2052,#2053,#2054));
#387=EDGE_LOOP('',(#2055,#2056,#2057,#2058));
#388=EDGE_LOOP('',(#2059,#2060,#2061,#2062));
#389=EDGE_LOOP('',(#2063,#2064,#2065,#2066));
#390=EDGE_LOOP('',(#2067,#2068,#2069,#2070));
#391=EDGE_LOOP('',(#2071,#2072,#2073,#2074));
#392=EDGE_LOOP('',(#2075,#2076,#2077,#2078));
#393=EDGE_LOOP('',(#2079,#2080,#2081,#2082,#2083,#2084,#2085,#2086,#2087,
#2088,#2089,#2090,#2091,#2092,#2093,#2094,#2095,#2096));
#394=EDGE_LOOP('',(#2097,#2098,#2099,#2100));
#395=EDGE_LOOP('',(#2101,#2102,#2103,#2104));
#396=EDGE_LOOP('',(#2105,#2106,#2107,#2108));
#397=EDGE_LOOP('',(#2109,#2110,#2111,#2112));
#398=EDGE_LOOP('',(#2113,#2114,#2115,#2116));
#399=EDGE_LOOP('',(#2117,#2118,#2119,#2120));
#400=EDGE_LOOP('',(#2121,#2122,#2123,#2124));
#401=EDGE_LOOP('',(#2125,#2126,#2127,#2128));
#402=EDGE_LOOP('',(#2129,#2130,#2131,#2132));
#403=EDGE_LOOP('',(#2133,#2134,#2135,#2136));
#404=EDGE_LOOP('',(#2137,#2138,#2139,#2140));
#405=EDGE_LOOP('',(#2141,#2142,#2143,#2144));
#406=EDGE_LOOP('',(#2145,#2146,#2147,#2148,#2149,#2150,#2151,#2152,#2153,
#2154,#2155,#2156));
#407=EDGE_LOOP('',(#2157,#2158,#2159,#2160));
#408=EDGE_LOOP('',(#2161,#2162,#2163,#2164,#2165,#2166,#2167,#2168,#2169,
#2170,#2171,#2172));
#409=EDGE_LOOP('',(#2173,#2174,#2175,#2176,#2177,#2178,#2179,#2180,#2181,
#2182,#2183,#2184,#2185,#2186,#2187,#2188,#2189,#2190));
#410=EDGE_LOOP('',(#2191,#2192,#2193,#2194,#2195,#2196,#2197,#2198,#2199,
#2200,#2201,#2202,#2203));
#411=EDGE_LOOP('',(#2204,#2205,#2206,#2207));
#412=EDGE_LOOP('',(#2208,#2209,#2210,#2211));
#413=EDGE_LOOP('',(#2212,#2213,#2214,#2215,#2216,#2217,#2218,#2219,#2220,
#2221,#2222,#2223,#2224,#2225,#2226));
#414=EDGE_LOOP('',(#2227,#2228,#2229,#2230,#2231,#2232,#2233,#2234,#2235,
#2236,#2237,#2238,#2239,#2240,#2241));
#415=EDGE_LOOP('',(#2242,#2243,#2244,#2245,#2246,#2247,#2248,#2249));
#416=EDGE_LOOP('',(#2250,#2251,#2252,#2253,#2254));
#417=EDGE_LOOP('',(#2255,#2256,#2257,#2258));
#418=EDGE_LOOP('',(#2259,#2260,#2261,#2262));
#419=EDGE_LOOP('',(#2263,#2264,#2265,#2266));
#420=EDGE_LOOP('',(#2267,#2268,#2269,#2270,#2271,#2272,#2273,#2274));
#421=EDGE_LOOP('',(#2275,#2276,#2277,#2278));
#422=EDGE_LOOP('',(#2279,#2280,#2281,#2282));
#423=EDGE_LOOP('',(#2283,#2284,#2285,#2286,#2287,#2288,#2289,#2290,#2291,
#2292,#2293,#2294,#2295,#2296,#2297,#2298));
#424=EDGE_LOOP('',(#2299));
#425=EDGE_LOOP('',(#2300));
#426=EDGE_LOOP('',(#2301));
#427=EDGE_LOOP('',(#2302));
#428=EDGE_LOOP('',(#2303,#2304,#2305,#2306));
#429=EDGE_LOOP('',(#2307,#2308,#2309,#2310));
#430=EDGE_LOOP('',(#2311,#2312,#2313,#2314));
#431=EDGE_LOOP('',(#2315,#2316,#2317,#2318));
#432=EDGE_LOOP('',(#2319,#2320,#2321,#2322));
#433=EDGE_LOOP('',(#2323,#2324,#2325,#2326));
#434=EDGE_LOOP('',(#2327,#2328,#2329,#2330));
#435=EDGE_LOOP('',(#2331,#2332,#2333,#2334));
#436=EDGE_LOOP('',(#2335,#2336,#2337,#2338));
#437=EDGE_LOOP('',(#2339,#2340,#2341,#2342));
#438=EDGE_LOOP('',(#2343,#2344,#2345,#2346));
#439=EDGE_LOOP('',(#2347,#2348,#2349,#2350,#2351,#2352,#2353,#2354));
#440=EDGE_LOOP('',(#2355,#2356,#2357,#2358,#2359));
#441=EDGE_LOOP('',(#2360,#2361,#2362,#2363));
#442=EDGE_LOOP('',(#2364,#2365,#2366,#2367,#2368,#2369,#2370,#2371));
#443=EDGE_LOOP('',(#2372));
#444=EDGE_LOOP('',(#2373));
#445=EDGE_LOOP('',(#2374));
#446=EDGE_LOOP('',(#2375));
#447=EDGE_LOOP('',(#2376,#2377,#2378,#2379));
#448=EDGE_LOOP('',(#2380));
#449=EDGE_LOOP('',(#2381));
#450=EDGE_LOOP('',(#2382,#2383,#2384,#2385));
#451=EDGE_LOOP('',(#2386));
#452=EDGE_LOOP('',(#2387));
#453=EDGE_LOOP('',(#2388,#2389,#2390,#2391));
#454=EDGE_LOOP('',(#2392));
#455=EDGE_LOOP('',(#2393));
#456=EDGE_LOOP('',(#2394,#2395,#2396,#2397));
#457=EDGE_LOOP('',(#2398));
#458=EDGE_LOOP('',(#2399));
#459=EDGE_LOOP('',(#2400,#2401,#2402,#2403));
#460=EDGE_LOOP('',(#2404));
#461=EDGE_LOOP('',(#2405));
#462=EDGE_LOOP('',(#2406,#2407,#2408,#2409));
#463=EDGE_LOOP('',(#2410));
#464=EDGE_LOOP('',(#2411));
#465=LINE('',#3204,#690);
#466=LINE('',#3211,#691);
#467=LINE('',#3229,#692);
#468=LINE('',#3252,#693);
#469=LINE('',#3260,#694);
#470=LINE('',#3262,#695);
#471=LINE('',#3263,#696);
#472=LINE('',#3302,#697);
#473=LINE('',#3309,#698);
#474=LINE('',#3327,#699);
#475=LINE('',#3350,#700);
#476=LINE('',#3358,#701);
#477=LINE('',#3360,#702);
#478=LINE('',#3361,#703);
#479=LINE('',#3379,#704);
#480=LINE('',#3402,#705);
#481=LINE('',#3425,#706);
#482=LINE('',#3448,#707);
#483=LINE('',#3471,#708);
#484=LINE('',#3494,#709);
#485=LINE('',#3517,#710);
#486=LINE('',#3540,#711);
#487=LINE('',#3563,#712);
#488=LINE('',#3571,#713);
#489=LINE('',#3573,#714);
#490=LINE('',#3574,#715);
#491=LINE('',#3614,#716);
#492=LINE('',#3621,#717);
#493=LINE('',#3639,#718);
#494=LINE('',#3662,#719);
#495=LINE('',#3670,#720);
#496=LINE('',#3672,#721);
#497=LINE('',#3673,#722);
#498=LINE('',#3712,#723);
#499=LINE('',#3719,#724);
#500=LINE('',#3737,#725);
#501=LINE('',#3760,#726);
#502=LINE('',#3768,#727);
#503=LINE('',#3770,#728);
#504=LINE('',#3771,#729);
#505=LINE('',#3789,#730);
#506=LINE('',#3812,#731);
#507=LINE('',#3835,#732);
#508=LINE('',#3858,#733);
#509=LINE('',#3881,#734);
#510=LINE('',#3904,#735);
#511=LINE('',#3927,#736);
#512=LINE('',#3950,#737);
#513=LINE('',#3973,#738);
#514=LINE('',#3981,#739);
#515=LINE('',#3983,#740);
#516=LINE('',#3984,#741);
#517=LINE('',#4009,#742);
#518=LINE('',#4011,#743);
#519=LINE('',#4013,#744);
#520=LINE('',#4014,#745);
#521=LINE('',#4017,#746);
#522=LINE('',#4019,#747);
#523=LINE('',#4020,#748);
#524=LINE('',#4023,#749);
#525=LINE('',#4025,#750);
#526=LINE('',#4026,#751);
#527=LINE('',#4028,#752);
#528=LINE('',#4029,#753);
#529=LINE('',#4034,#754);
#530=LINE('',#4036,#755);
#531=LINE('',#4038,#756);
#532=LINE('',#4039,#757);
#533=LINE('',#4042,#758);
#534=LINE('',#4044,#759);
#535=LINE('',#4045,#760);
#536=LINE('',#4048,#761);
#537=LINE('',#4050,#762);
#538=LINE('',#4051,#763);
#539=LINE('',#4053,#764);
#540=LINE('',#4054,#765);
#541=LINE('',#4074,#766);
#542=LINE('',#4081,#767);
#543=LINE('',#4099,#768);
#544=LINE('',#4122,#769);
#545=LINE('',#4145,#770);
#546=LINE('',#4168,#771);
#547=LINE('',#4191,#772);
#548=LINE('',#4214,#773);
#549=LINE('',#4258,#774);
#550=LINE('',#4265,#775);
#551=LINE('',#4283,#776);
#552=LINE('',#4306,#777);
#553=LINE('',#4329,#778);
#554=LINE('',#4352,#779);
#555=LINE('',#4375,#780);
#556=LINE('',#4398,#781);
#557=LINE('',#4421,#782);
#558=LINE('',#4429,#783);
#559=LINE('',#4431,#784);
#560=LINE('',#4432,#785);
#561=LINE('',#4435,#786);
#562=LINE('',#4437,#787);
#563=LINE('',#4438,#788);
#564=LINE('',#4441,#789);
#565=LINE('',#4443,#790);
#566=LINE('',#4444,#791);
#567=LINE('',#4447,#792);
#568=LINE('',#4449,#793);
#569=LINE('',#4450,#794);
#570=LINE('',#4452,#795);
#571=LINE('',#4453,#796);
#572=LINE('',#4473,#797);
#573=LINE('',#4480,#798);
#574=LINE('',#4498,#799);
#575=LINE('',#4521,#800);
#576=LINE('',#4529,#801);
#577=LINE('',#4531,#802);
#578=LINE('',#4532,#803);
#579=LINE('',#4535,#804);
#580=LINE('',#4537,#805);
#581=LINE('',#4538,#806);
#582=LINE('',#4541,#807);
#583=LINE('',#4543,#808);
#584=LINE('',#4544,#809);
#585=LINE('',#4562,#810);
#586=LINE('',#4585,#811);
#587=LINE('',#4593,#812);
#588=LINE('',#4595,#813);
#589=LINE('',#4596,#814);
#590=LINE('',#4599,#815);
#591=LINE('',#4601,#816);
#592=LINE('',#4602,#817);
#593=LINE('',#4605,#818);
#594=LINE('',#4607,#819);
#595=LINE('',#4608,#820);
#596=LINE('',#4626,#821);
#597=LINE('',#4649,#822);
#598=LINE('',#4672,#823);
#599=LINE('',#4695,#824);
#600=LINE('',#4718,#825);
#601=LINE('',#4726,#826);
#602=LINE('',#4728,#827);
#603=LINE('',#4729,#828);
#604=LINE('',#4754,#829);
#605=LINE('',#4756,#830);
#606=LINE('',#4758,#831);
#607=LINE('',#4759,#832);
#608=LINE('',#4762,#833);
#609=LINE('',#4764,#834);
#610=LINE('',#4765,#835);
#611=LINE('',#4768,#836);
#612=LINE('',#4770,#837);
#613=LINE('',#4771,#838);
#614=LINE('',#4774,#839);
#615=LINE('',#4776,#840);
#616=LINE('',#4777,#841);
#617=LINE('',#4780,#842);
#618=LINE('',#4782,#843);
#619=LINE('',#4783,#844);
#620=LINE('',#4786,#845);
#621=LINE('',#4788,#846);
#622=LINE('',#4789,#847);
#623=LINE('',#4792,#848);
#624=LINE('',#4794,#849);
#625=LINE('',#4795,#850);
#626=LINE('',#4798,#851);
#627=LINE('',#4800,#852);
#628=LINE('',#4801,#853);
#629=LINE('',#4804,#854);
#630=LINE('',#4806,#855);
#631=LINE('',#4807,#856);
#632=LINE('',#4810,#857);
#633=LINE('',#4812,#858);
#634=LINE('',#4813,#859);
#635=LINE('',#4816,#860);
#636=LINE('',#4818,#861);
#637=LINE('',#4819,#862);
#638=LINE('',#4821,#863);
#639=LINE('',#4822,#864);
#640=LINE('',#4827,#865);
#641=LINE('',#4829,#866);
#642=LINE('',#4831,#867);
#643=LINE('',#4832,#868);
#644=LINE('',#4838,#869);
#645=LINE('',#4840,#870);
#646=LINE('',#4842,#871);
#647=LINE('',#4843,#872);
#648=LINE('',#4847,#873);
#649=LINE('',#4849,#874);
#650=LINE('',#4851,#875);
#651=LINE('',#4852,#876);
#652=LINE('',#4854,#877);
#653=LINE('',#4855,#878);
#654=LINE('',#4858,#879);
#655=LINE('',#4860,#880);
#656=LINE('',#4862,#881);
#657=LINE('',#4864,#882);
#658=LINE('',#4865,#883);
#659=LINE('',#4870,#884);
#660=LINE('',#4874,#885);
#661=LINE('',#4876,#886);
#662=LINE('',#4877,#887);
#663=LINE('',#4883,#888);
#664=LINE('',#4886,#889);
#665=LINE('',#4888,#890);
#666=LINE('',#4890,#891);
#667=LINE('',#4892,#892);
#668=LINE('',#4893,#893);
#669=LINE('',#4904,#894);
#670=LINE('',#4911,#895);
#671=LINE('',#4913,#896);
#672=LINE('',#4917,#897);
#673=LINE('',#4918,#898);
#674=LINE('',#4919,#899);
#675=LINE('',#4922,#900);
#676=LINE('',#4923,#901);
#677=LINE('',#4928,#902);
#678=LINE('',#4934,#903);
#679=LINE('',#4940,#904);
#680=LINE('',#4946,#905);
#681=LINE('',#4950,#906);
#682=LINE('',#4951,#907);
#683=LINE('',#4953,#908);
#684=LINE('',#4959,#909);
#685=LINE('',#4964,#910);
#686=LINE('',#4969,#911);
#687=LINE('',#4974,#912);
#688=LINE('',#4981,#913);
#689=LINE('',#4989,#914);
#690=VECTOR('',#2736,10.);
#691=VECTOR('',#2737,10.);
#692=VECTOR('',#2738,10.);
#693=VECTOR('',#2739,10.);
#694=VECTOR('',#2742,10.);
#695=VECTOR('',#2743,10.);
#696=VECTOR('',#2744,10.);
#697=VECTOR('',#2745,10.);
#698=VECTOR('',#2746,10.);
#699=VECTOR('',#2747,10.);
#700=VECTOR('',#2748,10.);
#701=VECTOR('',#2751,10.);
#702=VECTOR('',#2752,10.);
#703=VECTOR('',#2753,10.);
#704=VECTOR('',#2754,10.);
#705=VECTOR('',#2755,10.);
#706=VECTOR('',#2756,10.);
#707=VECTOR('',#2757,10.);
#708=VECTOR('',#2758,10.);
#709=VECTOR('',#2759,10.);
#710=VECTOR('',#2760,10.);
#711=VECTOR('',#2761,10.);
#712=VECTOR('',#2762,10.);
#713=VECTOR('',#2765,10.);
#714=VECTOR('',#2766,10.);
#715=VECTOR('',#2767,10.);
#716=VECTOR('',#2770,10.);
#717=VECTOR('',#2771,10.);
#718=VECTOR('',#2772,10.);
#719=VECTOR('',#2773,10.);
#720=VECTOR('',#2776,10.);
#721=VECTOR('',#2777,10.);
#722=VECTOR('',#2778,10.);
#723=VECTOR('',#2779,10.);
#724=VECTOR('',#2780,10.);
#725=VECTOR('',#2781,10.);
#726=VECTOR('',#2782,10.);
#727=VECTOR('',#2785,10.);
#728=VECTOR('',#2786,10.);
#729=VECTOR('',#2787,10.);
#730=VECTOR('',#2788,10.);
#731=VECTOR('',#2789,10.);
#732=VECTOR('',#2790,10.);
#733=VECTOR('',#2791,10.);
#734=VECTOR('',#2792,10.);
#735=VECTOR('',#2793,10.);
#736=VECTOR('',#2794,10.);
#737=VECTOR('',#2795,10.);
#738=VECTOR('',#2796,10.);
#739=VECTOR('',#2799,10.);
#740=VECTOR('',#2800,10.);
#741=VECTOR('',#2801,10.);
#742=VECTOR('',#2806,10.);
#743=VECTOR('',#2807,10.);
#744=VECTOR('',#2808,10.);
#745=VECTOR('',#2809,10.);
#746=VECTOR('',#2812,10.);
#747=VECTOR('',#2813,10.);
#748=VECTOR('',#2814,10.);
#749=VECTOR('',#2817,10.);
#750=VECTOR('',#2818,10.);
#751=VECTOR('',#2819,10.);
#752=VECTOR('',#2822,10.);
#753=VECTOR('',#2823,10.);
#754=VECTOR('',#2828,10.);
#755=VECTOR('',#2829,10.);
#756=VECTOR('',#2830,10.);
#757=VECTOR('',#2831,10.);
#758=VECTOR('',#2834,10.);
#759=VECTOR('',#2835,10.);
#760=VECTOR('',#2836,10.);
#761=VECTOR('',#2839,10.);
#762=VECTOR('',#2840,10.);
#763=VECTOR('',#2841,10.);
#764=VECTOR('',#2844,10.);
#765=VECTOR('',#2845,10.);
#766=VECTOR('',#2848,10.);
#767=VECTOR('',#2849,10.);
#768=VECTOR('',#2850,10.);
#769=VECTOR('',#2851,10.);
#770=VECTOR('',#2852,10.);
#771=VECTOR('',#2853,10.);
#772=VECTOR('',#2854,10.);
#773=VECTOR('',#2855,10.);
#774=VECTOR('',#2856,10.);
#775=VECTOR('',#2857,10.);
#776=VECTOR('',#2858,10.);
#777=VECTOR('',#2859,10.);
#778=VECTOR('',#2860,10.);
#779=VECTOR('',#2861,10.);
#780=VECTOR('',#2862,10.);
#781=VECTOR('',#2863,10.);
#782=VECTOR('',#2864,10.);
#783=VECTOR('',#2867,10.);
#784=VECTOR('',#2868,10.);
#785=VECTOR('',#2869,10.);
#786=VECTOR('',#2872,10.);
#787=VECTOR('',#2873,10.);
#788=VECTOR('',#2874,10.);
#789=VECTOR('',#2877,10.);
#790=VECTOR('',#2878,10.);
#791=VECTOR('',#2879,10.);
#792=VECTOR('',#2882,10.);
#793=VECTOR('',#2883,10.);
#794=VECTOR('',#2884,10.);
#795=VECTOR('',#2887,10.);
#796=VECTOR('',#2888,10.);
#797=VECTOR('',#2891,10.);
#798=VECTOR('',#2892,10.);
#799=VECTOR('',#2893,10.);
#800=VECTOR('',#2894,10.);
#801=VECTOR('',#2897,10.);
#802=VECTOR('',#2898,10.);
#803=VECTOR('',#2899,10.);
#804=VECTOR('',#2902,10.);
#805=VECTOR('',#2903,10.);
#806=VECTOR('',#2904,10.);
#807=VECTOR('',#2907,10.);
#808=VECTOR('',#2908,10.);
#809=VECTOR('',#2909,10.);
#810=VECTOR('',#2910,10.);
#811=VECTOR('',#2911,10.);
#812=VECTOR('',#2914,10.);
#813=VECTOR('',#2915,10.);
#814=VECTOR('',#2916,10.);
#815=VECTOR('',#2919,10.);
#816=VECTOR('',#2920,10.);
#817=VECTOR('',#2921,10.);
#818=VECTOR('',#2924,10.);
#819=VECTOR('',#2925,10.);
#820=VECTOR('',#2926,10.);
#821=VECTOR('',#2927,10.);
#822=VECTOR('',#2928,10.);
#823=VECTOR('',#2929,10.);
#824=VECTOR('',#2930,10.);
#825=VECTOR('',#2931,10.);
#826=VECTOR('',#2934,10.);
#827=VECTOR('',#2935,10.);
#828=VECTOR('',#2936,10.);
#829=VECTOR('',#2941,10.);
#830=VECTOR('',#2942,10.);
#831=VECTOR('',#2943,10.);
#832=VECTOR('',#2944,10.);
#833=VECTOR('',#2947,10.);
#834=VECTOR('',#2948,10.);
#835=VECTOR('',#2949,10.);
#836=VECTOR('',#2952,10.);
#837=VECTOR('',#2953,10.);
#838=VECTOR('',#2954,10.);
#839=VECTOR('',#2957,10.);
#840=VECTOR('',#2958,10.);
#841=VECTOR('',#2959,10.);
#842=VECTOR('',#2962,10.);
#843=VECTOR('',#2963,10.);
#844=VECTOR('',#2964,10.);
#845=VECTOR('',#2967,10.);
#846=VECTOR('',#2968,10.);
#847=VECTOR('',#2969,10.);
#848=VECTOR('',#2972,10.);
#849=VECTOR('',#2973,10.);
#850=VECTOR('',#2974,10.);
#851=VECTOR('',#2977,10.);
#852=VECTOR('',#2978,10.);
#853=VECTOR('',#2979,10.);
#854=VECTOR('',#2982,10.);
#855=VECTOR('',#2983,10.);
#856=VECTOR('',#2984,10.);
#857=VECTOR('',#2987,10.);
#858=VECTOR('',#2988,10.);
#859=VECTOR('',#2989,10.);
#860=VECTOR('',#2992,10.);
#861=VECTOR('',#2993,10.);
#862=VECTOR('',#2994,10.);
#863=VECTOR('',#2997,10.);
#864=VECTOR('',#2998,10.);
#865=VECTOR('',#3003,10.);
#866=VECTOR('',#3004,10.);
#867=VECTOR('',#3005,10.);
#868=VECTOR('',#3006,10.);
#869=VECTOR('',#3013,10.);
#870=VECTOR('',#3014,10.);
#871=VECTOR('',#3015,10.);
#872=VECTOR('',#3016,10.);
#873=VECTOR('',#3019,10.);
#874=VECTOR('',#3020,10.);
#875=VECTOR('',#3021,10.);
#876=VECTOR('',#3022,10.);
#877=VECTOR('',#3025,10.);
#878=VECTOR('',#3026,10.);
#879=VECTOR('',#3029,10.);
#880=VECTOR('',#3030,10.);
#881=VECTOR('',#3031,10.);
#882=VECTOR('',#3032,10.);
#883=VECTOR('',#3033,10.);
#884=VECTOR('',#3038,10.);
#885=VECTOR('',#3043,10.);
#886=VECTOR('',#3044,10.);
#887=VECTOR('',#3045,10.);
#888=VECTOR('',#3052,10.);
#889=VECTOR('',#3055,10.);
#890=VECTOR('',#3056,10.);
#891=VECTOR('',#3057,10.);
#892=VECTOR('',#3058,10.);
#893=VECTOR('',#3059,10.);
#894=VECTOR('',#3070,10.);
#895=VECTOR('',#3081,10.);
#896=VECTOR('',#3084,10.);
#897=VECTOR('',#3087,10.);
#898=VECTOR('',#3088,10.);
#899=VECTOR('',#3089,10.);
#900=VECTOR('',#3092,10.);
#901=VECTOR('',#3093,10.);
#902=VECTOR('',#3098,3.);
#903=VECTOR('',#3105,3.00000000000001);
#904=VECTOR('',#3112,3.00000000000001);
#905=VECTOR('',#3119,3.);
#906=VECTOR('',#3124,10.);
#907=VECTOR('',#3125,10.);
#908=VECTOR('',#3128,10.);
#909=VECTOR('',#3137,1.7);
#910=VECTOR('',#3144,1.7);
#911=VECTOR('',#3151,1.7);
#912=VECTOR('',#3158,1.7);
#913=VECTOR('',#3167,2.5);
#914=VECTOR('',#3178,2.5);
#915=B_SPLINE_CURVE_WITH_KNOTS('',3,(#3198,#3199,#3200,#3201,#3202),
 .UNSPECIFIED.,.F.,.F.,(4,1,4),(0.,0.0593431126231942,0.117182255661451),
 .UNSPECIFIED.);
#916=B_SPLINE_CURVE_WITH_KNOTS('',3,(#3206,#3207,#3208,#3209,#3210),
 .UNSPECIFIED.,.F.,.F.,(4,1,4),(0.,0.0593431126231942,0.117182255661451),
 .UNSPECIFIED.);
#917=B_SPLINE_CURVE_WITH_KNOTS('',3,(#3223,#3224,#3225,#3226,#3227),
 .UNSPECIFIED.,.F.,.F.,(4,1,4),(0.,0.0643790389294844,0.12932156618382),
 .UNSPECIFIED.);
#918=B_SPLINE_CURVE_WITH_KNOTS('',3,(#3230,#3231,#3232,#3233,#3234),
 .UNSPECIFIED.,.F.,.F.,(4,1,4),(0.,0.0643790389294844,0.12932156618382),
 .UNSPECIFIED.);
#919=B_SPLINE_CURVE_WITH_KNOTS('',3,(#3246,#3247,#3248,#3249,#3250),
 .UNSPECIFIED.,.F.,.F.,(4,1,4),(0.,0.0611278147476909,0.109767373288695),
 .UNSPECIFIED.);
#920=B_SPLINE_CURVE_WITH_KNOTS('',3,(#3253,#3254,#3255,#3256,#3257),
 .UNSPECIFIED.,.F.,.F.,(4,1,4),(0.,0.0611278147476909,0.109767373288695),
 .UNSPECIFIED.);
#921=B_SPLINE_CURVE_WITH_KNOTS('',3,(#3274,#3275,#3276,#3277,#3278),
 .UNSPECIFIED.,.F.,.F.,(4,1,4),(0.,0.0599149999210291,0.125435312211494),
 .UNSPECIFIED.);
#922=B_SPLINE_CURVE_WITH_KNOTS('',3,(#3279,#3280,#3281,#3282,#3283),
 .UNSPECIFIED.,.F.,.F.,(4,1,4),(0.,0.0599149999210291,0.125435312211494),
 .UNSPECIFIED.);
#923=B_SPLINE_CURVE_WITH_KNOTS('',3,(#3296,#3297,#3298,#3299,#3300),
 .UNSPECIFIED.,.F.,.F.,(4,1,4),(0.,0.0474077250575415,0.091679500923928),
 .UNSPECIFIED.);
#924=B_SPLINE_CURVE_WITH_KNOTS('',3,(#3304,#3305,#3306,#3307,#3308),
 .UNSPECIFIED.,.F.,.F.,(4,1,4),(0.,0.0474077250575415,0.091679500923928),
 .UNSPECIFIED.);
#925=B_SPLINE_CURVE_WITH_KNOTS('',3,(#3321,#3322,#3323,#3324,#3325),
 .UNSPECIFIED.,.F.,.F.,(4,1,4),(0.,0.0623750378629624,0.125913031344975),
 .UNSPECIFIED.);
#926=B_SPLINE_CURVE_WITH_KNOTS('',3,(#3328,#3329,#3330,#3331,#3332),
 .UNSPECIFIED.,.F.,.F.,(4,1,4),(0.,0.0623750378629624,0.125913031344975),
 .UNSPECIFIED.);
#927=B_SPLINE_CURVE_WITH_KNOTS('',3,(#3344,#3345,#3346,#3347,#3348),
 .UNSPECIFIED.,.F.,.F.,(4,1,4),(0.,0.0804936180929701,0.14851441539466),
 .UNSPECIFIED.);
#928=B_SPLINE_CURVE_WITH_KNOTS('',3,(#3351,#3352,#3353,#3354,#3355),
 .UNSPECIFIED.,.F.,.F.,(4,1,4),(0.,0.0804936180929701,0.14851441539466),
 .UNSPECIFIED.);
#929=B_SPLINE_CURVE_WITH_KNOTS('',3,(#3373,#3374,#3375,#3376,#3377),
 .UNSPECIFIED.,.F.,.F.,(4,1,4),(0.,0.0102327116313109,0.0245625155964035),
 .UNSPECIFIED.);
#930=B_SPLINE_CURVE_WITH_KNOTS('',3,(#3380,#3381,#3382,#3383,#3384),
 .UNSPECIFIED.,.F.,.F.,(4,1,4),(0.,0.0102327116313109,0.0245625155964035),
 .UNSPECIFIED.);
#931=B_SPLINE_CURVE_WITH_KNOTS('',3,(#3396,#3397,#3398,#3399,#3400),
 .UNSPECIFIED.,.F.,.F.,(4,1,4),(0.,0.103212984576014,0.223912096392686),
 .UNSPECIFIED.);
#932=B_SPLINE_CURVE_WITH_KNOTS('',3,(#3403,#3404,#3405,#3406,#3407),
 .UNSPECIFIED.,.F.,.F.,(4,1,4),(0.,0.103212984576014,0.223912096392686),
 .UNSPECIFIED.);
#933=B_SPLINE_CURVE_WITH_KNOTS('',3,(#3419,#3420,#3421,#3422,#3423),
 .UNSPECIFIED.,.F.,.F.,(4,1,4),(0.,0.100715929635197,0.197374871648676),
 .UNSPECIFIED.);
#934=B_SPLINE_CURVE_WITH_KNOTS('',3,(#3426,#3427,#3428,#3429,#3430),
 .UNSPECIFIED.,.F.,.F.,(4,1,4),(0.,0.100715929635197,0.197374871648676),
 .UNSPECIFIED.);
#935=B_SPLINE_CURVE_WITH_KNOTS('',3,(#3442,#3443,#3444,#3445,#3446),
 .UNSPECIFIED.,.F.,.F.,(4,1,4),(0.,0.0989952510606378,0.202799155865473),
 .UNSPECIFIED.);
#936=B_SPLINE_CURVE_WITH_KNOTS('',3,(#3449,#3450,#3451,#3452,#3453),
 .UNSPECIFIED.,.F.,.F.,(4,1,4),(0.,0.0989952510606378,0.202799155865473),
 .UNSPECIFIED.);
#937=B_SPLINE_CURVE_WITH_KNOTS('',3,(#3465,#3466,#3467,#3468,#3469),
 .UNSPECIFIED.,.F.,.F.,(4,1,4),(0.,0.123032550509853,0.228372001063553),
 .UNSPECIFIED.);
#938=B_SPLINE_CURVE_WITH_KNOTS('',3,(#3472,#3473,#3474,#3475,#3476),
 .UNSPECIFIED.,.F.,.F.,(4,1,4),(0.,0.123032550509853,0.228372001063553),
 .UNSPECIFIED.);
#939=B_SPLINE_CURVE_WITH_KNOTS('',3,(#3488,#3489,#3490,#3491,#3492),
 .UNSPECIFIED.,.F.,.F.,(4,1,4),(0.,0.102566723595985,0.221585206792516),
 .UNSPECIFIED.);
#940=B_SPLINE_CURVE_WITH_KNOTS('',3,(#3495,#3496,#3497,#3498,#3499),
 .UNSPECIFIED.,.F.,.F.,(4,1,4),(0.,0.102566723595985,0.221585206792516),
 .UNSPECIFIED.);
#941=B_SPLINE_CURVE_WITH_KNOTS('',3,(#3511,#3512,#3513,#3514,#3515),
 .UNSPECIFIED.,.F.,.F.,(4,1,4),(0.,0.108424310406943,0.207340580954471),
 .UNSPECIFIED.);
#942=B_SPLINE_CURVE_WITH_KNOTS('',3,(#3518,#3519,#3520,#3521,#3522),
 .UNSPECIFIED.,.F.,.F.,(4,1,4),(0.,0.108424310406943,0.207340580954471),
 .UNSPECIFIED.);
#943=B_SPLINE_CURVE_WITH_KNOTS('',3,(#3534,#3535,#3536,#3537,#3538),
 .UNSPECIFIED.,.F.,.F.,(4,1,4),(0.,0.0774464486116193,0.164415577139251),
 .UNSPECIFIED.);
#944=B_SPLINE_CURVE_WITH_KNOTS('',3,(#3541,#3542,#3543,#3544,#3545),
 .UNSPECIFIED.,.F.,.F.,(4,1,4),(0.,0.0774464486116193,0.164415577139251),
 .UNSPECIFIED.);
#945=B_SPLINE_CURVE_WITH_KNOTS('',3,(#3557,#3558,#3559,#3560,#3561),
 .UNSPECIFIED.,.F.,.F.,(4,1,4),(0.,0.0807125113169332,0.156193504054883),
 .UNSPECIFIED.);
#946=B_SPLINE_CURVE_WITH_KNOTS('',3,(#3564,#3565,#3566,#3567,#3568),
 .UNSPECIFIED.,.F.,.F.,(4,1,4),(0.,0.0807125113169332,0.156193504054883),
 .UNSPECIFIED.);
#947=B_SPLINE_CURVE_WITH_KNOTS('',3,(#3585,#3586,#3587,#3588,#3589),
 .UNSPECIFIED.,.F.,.F.,(4,1,4),(0.,0.0471496846133838,0.103262980079132),
 .UNSPECIFIED.);
#948=B_SPLINE_CURVE_WITH_KNOTS('',3,(#3590,#3591,#3592,#3593,#3594),
 .UNSPECIFIED.,.F.,.F.,(4,1,4),(0.,0.0471496846133838,0.103262980079132),
 .UNSPECIFIED.);
#949=B_SPLINE_CURVE_WITH_KNOTS('',3,(#3608,#3609,#3610,#3611,#3612),
 .UNSPECIFIED.,.F.,.F.,(4,1,4),(0.,0.0593430539799729,0.117182396041104),
 .UNSPECIFIED.);
#950=B_SPLINE_CURVE_WITH_KNOTS('',3,(#3616,#3617,#3618,#3619,#3620),
 .UNSPECIFIED.,.F.,.F.,(4,1,4),(0.,0.0593430539799729,0.117182396041104),
 .UNSPECIFIED.);
#951=B_SPLINE_CURVE_WITH_KNOTS('',3,(#3633,#3634,#3635,#3636,#3637),
 .UNSPECIFIED.,.F.,.F.,(4,1,4),(0.,0.0643790389294844,0.12932156618382),
 .UNSPECIFIED.);
#952=B_SPLINE_CURVE_WITH_KNOTS('',3,(#3640,#3641,#3642,#3643,#3644),
 .UNSPECIFIED.,.F.,.F.,(4,1,4),(0.,0.0643790389294844,0.12932156618382),
 .UNSPECIFIED.);
#953=B_SPLINE_CURVE_WITH_KNOTS('',3,(#3656,#3657,#3658,#3659,#3660),
 .UNSPECIFIED.,.F.,.F.,(4,1,4),(0.,0.0611278147476909,0.10976726044155),
 .UNSPECIFIED.);
#954=B_SPLINE_CURVE_WITH_KNOTS('',3,(#3663,#3664,#3665,#3666,#3667),
 .UNSPECIFIED.,.F.,.F.,(4,1,4),(0.,0.0611278147476909,0.10976726044155),
 .UNSPECIFIED.);
#955=B_SPLINE_CURVE_WITH_KNOTS('',3,(#3684,#3685,#3686,#3687,#3688),
 .UNSPECIFIED.,.F.,.F.,(4,1,4),(0.,0.0599149331219104,0.125435245412375),
 .UNSPECIFIED.);
#956=B_SPLINE_CURVE_WITH_KNOTS('',3,(#3689,#3690,#3691,#3692,#3693),
 .UNSPECIFIED.,.F.,.F.,(4,1,4),(0.,0.0599149331219104,0.125435245412375),
 .UNSPECIFIED.);
#957=B_SPLINE_CURVE_WITH_KNOTS('',3,(#3706,#3707,#3708,#3709,#3710),
 .UNSPECIFIED.,.F.,.F.,(4,1,4),(0.,0.0474077250575415,0.0916793945073212),
 .UNSPECIFIED.);
#958=B_SPLINE_CURVE_WITH_KNOTS('',3,(#3714,#3715,#3716,#3717,#3718),
 .UNSPECIFIED.,.F.,.F.,(4,1,4),(0.,0.0474077250575415,0.0916793945073212),
 .UNSPECIFIED.);
#959=B_SPLINE_CURVE_WITH_KNOTS('',3,(#3731,#3732,#3733,#3734,#3735),
 .UNSPECIFIED.,.F.,.F.,(4,1,4),(0.,0.0623750378629624,0.125913206997668),
 .UNSPECIFIED.);
#960=B_SPLINE_CURVE_WITH_KNOTS('',3,(#3738,#3739,#3740,#3741,#3742),
 .UNSPECIFIED.,.F.,.F.,(4,1,4),(0.,0.0623750378629624,0.125913206997668),
 .UNSPECIFIED.);
#961=B_SPLINE_CURVE_WITH_KNOTS('',3,(#3754,#3755,#3756,#3757,#3758),
 .UNSPECIFIED.,.F.,.F.,(4,1,4),(0.,0.0804936068227577,0.148514404124447),
 .UNSPECIFIED.);
#962=B_SPLINE_CURVE_WITH_KNOTS('',3,(#3761,#3762,#3763,#3764,#3765),
 .UNSPECIFIED.,.F.,.F.,(4,1,4),(0.,0.0804936068227577,0.148514404124447),
 .UNSPECIFIED.);
#963=B_SPLINE_CURVE_WITH_KNOTS('',3,(#3783,#3784,#3785,#3786,#3787),
 .UNSPECIFIED.,.F.,.F.,(4,1,4),(0.,0.010232710141858,0.0245625109151664),
 .UNSPECIFIED.);
#964=B_SPLINE_CURVE_WITH_KNOTS('',3,(#3790,#3791,#3792,#3793,#3794),
 .UNSPECIFIED.,.F.,.F.,(4,1,4),(0.,0.010232710141858,0.0245625109151664),
 .UNSPECIFIED.);
#965=B_SPLINE_CURVE_WITH_KNOTS('',3,(#3806,#3807,#3808,#3809,#3810),
 .UNSPECIFIED.,.F.,.F.,(4,1,4),(0.,0.103212924748872,0.223912019512333),
 .UNSPECIFIED.);
#966=B_SPLINE_CURVE_WITH_KNOTS('',3,(#3813,#3814,#3815,#3816,#3817),
 .UNSPECIFIED.,.F.,.F.,(4,1,4),(0.,0.103212924748872,0.223912019512333),
 .UNSPECIFIED.);
#967=B_SPLINE_CURVE_WITH_KNOTS('',3,(#3829,#3830,#3831,#3832,#3833),
 .UNSPECIFIED.,.F.,.F.,(4,1,4),(0.,0.100715929635197,0.197374969130556),
 .UNSPECIFIED.);
#968=B_SPLINE_CURVE_WITH_KNOTS('',3,(#3836,#3837,#3838,#3839,#3840),
 .UNSPECIFIED.,.F.,.F.,(4,1,4),(0.,0.100715929635197,0.197374969130556),
 .UNSPECIFIED.);
#969=B_SPLINE_CURVE_WITH_KNOTS('',3,(#3852,#3853,#3854,#3855,#3856),
 .UNSPECIFIED.,.F.,.F.,(4,1,4),(0.,0.0989952510606378,0.202799155865473),
 .UNSPECIFIED.);
#970=B_SPLINE_CURVE_WITH_KNOTS('',3,(#3859,#3860,#3861,#3862,#3863),
 .UNSPECIFIED.,.F.,.F.,(4,1,4),(0.,0.0989952510606378,0.202799155865473),
 .UNSPECIFIED.);
#971=B_SPLINE_CURVE_WITH_KNOTS('',3,(#3875,#3876,#3877,#3878,#3879),
 .UNSPECIFIED.,.F.,.F.,(4,1,4),(0.,0.12303256761144,0.22837195824307),
 .UNSPECIFIED.);
#972=B_SPLINE_CURVE_WITH_KNOTS('',3,(#3882,#3883,#3884,#3885,#3886),
 .UNSPECIFIED.,.F.,.F.,(4,1,4),(0.,0.12303256761144,0.22837195824307),
 .UNSPECIFIED.);
#973=B_SPLINE_CURVE_WITH_KNOTS('',3,(#3898,#3899,#3900,#3901,#3902),
 .UNSPECIFIED.,.F.,.F.,(4,1,4),(0.,0.102566693159488,0.221585176356019),
 .UNSPECIFIED.);
#974=B_SPLINE_CURVE_WITH_KNOTS('',3,(#3905,#3906,#3907,#3908,#3909),
 .UNSPECIFIED.,.F.,.F.,(4,1,4),(0.,0.102566693159488,0.221585176356019),
 .UNSPECIFIED.);
#975=B_SPLINE_CURVE_WITH_KNOTS('',3,(#3921,#3922,#3923,#3924,#3925),
 .UNSPECIFIED.,.F.,.F.,(4,1,4),(0.,0.108424369151426,0.207340689215821),
 .UNSPECIFIED.);
#976=B_SPLINE_CURVE_WITH_KNOTS('',3,(#3928,#3929,#3930,#3931,#3932),
 .UNSPECIFIED.,.F.,.F.,(4,1,4),(0.,0.108424369151426,0.207340689215821),
 .UNSPECIFIED.);
#977=B_SPLINE_CURVE_WITH_KNOTS('',3,(#3944,#3945,#3946,#3947,#3948),
 .UNSPECIFIED.,.F.,.F.,(4,1,4),(0.,0.0774463419090054,0.164415529516893),
 .UNSPECIFIED.);
#978=B_SPLINE_CURVE_WITH_KNOTS('',3,(#3951,#3952,#3953,#3954,#3955),
 .UNSPECIFIED.,.F.,.F.,(4,1,4),(0.,0.0774463419090054,0.164415529516893),
 .UNSPECIFIED.);
#979=B_SPLINE_CURVE_WITH_KNOTS('',3,(#3967,#3968,#3969,#3970,#3971),
 .UNSPECIFIED.,.F.,.F.,(4,1,4),(0.,0.0807125113169332,0.156193585054799),
 .UNSPECIFIED.);
#980=B_SPLINE_CURVE_WITH_KNOTS('',3,(#3974,#3975,#3976,#3977,#3978),
 .UNSPECIFIED.,.F.,.F.,(4,1,4),(0.,0.0807125113169332,0.156193585054799),
 .UNSPECIFIED.);
#981=B_SPLINE_CURVE_WITH_KNOTS('',3,(#3995,#3996,#3997,#3998,#3999),
 .UNSPECIFIED.,.F.,.F.,(4,1,4),(0.,0.0471496034476929,0.103263003794991),
 .UNSPECIFIED.);
#982=B_SPLINE_CURVE_WITH_KNOTS('',3,(#4000,#4001,#4002,#4003,#4004),
 .UNSPECIFIED.,.F.,.F.,(4,1,4),(0.,0.0471496034476929,0.103263003794991),
 .UNSPECIFIED.);
#983=B_SPLINE_CURVE_WITH_KNOTS('',3,(#4068,#4069,#4070,#4071,#4072),
 .UNSPECIFIED.,.F.,.F.,(4,1,4),(0.,0.0577824030280399,0.11990660057437),
 .UNSPECIFIED.);
#984=B_SPLINE_CURVE_WITH_KNOTS('',3,(#4076,#4077,#4078,#4079,#4080),
 .UNSPECIFIED.,.F.,.F.,(4,1,4),(0.,0.0577824030280399,0.11990660057437),
 .UNSPECIFIED.);
#985=B_SPLINE_CURVE_WITH_KNOTS('',3,(#4093,#4094,#4095,#4096,#4097),
 .UNSPECIFIED.,.F.,.F.,(4,1,4),(0.,0.0601355709641188,0.117007500154248),
 .UNSPECIFIED.);
#986=B_SPLINE_CURVE_WITH_KNOTS('',3,(#4100,#4101,#4102,#4103,#4104),
 .UNSPECIFIED.,.F.,.F.,(4,1,4),(0.,0.0601355709641188,0.117007500154248),
 .UNSPECIFIED.);
#987=B_SPLINE_CURVE_WITH_KNOTS('',3,(#4116,#4117,#4118,#4119,#4120),
 .UNSPECIFIED.,.F.,.F.,(4,1,4),(0.,0.0930710732634871,0.165000000206691),
 .UNSPECIFIED.);
#988=B_SPLINE_CURVE_WITH_KNOTS('',3,(#4123,#4124,#4125,#4126,#4127),
 .UNSPECIFIED.,.F.,.F.,(4,1,4),(0.,0.0930710732634871,0.165000000206691),
 .UNSPECIFIED.);
#989=B_SPLINE_CURVE_WITH_KNOTS('',3,(#4139,#4140,#4141,#4142,#4143),
 .UNSPECIFIED.,.F.,.F.,(4,1,4),(0.,0.0731571832686754,0.16481970961702),
 .UNSPECIFIED.);
#990=B_SPLINE_CURVE_WITH_KNOTS('',3,(#4146,#4147,#4148,#4149,#4150),
 .UNSPECIFIED.,.F.,.F.,(4,1,4),(0.,0.0731571832686754,0.16481970961702),
 .UNSPECIFIED.);
#991=B_SPLINE_CURVE_WITH_KNOTS('',3,(#4162,#4163,#4164,#4165,#4166),
 .UNSPECIFIED.,.F.,.F.,(4,1,4),(0.,0.0577824165511222,0.119906576363531),
 .UNSPECIFIED.);
#992=B_SPLINE_CURVE_WITH_KNOTS('',3,(#4169,#4170,#4171,#4172,#4173),
 .UNSPECIFIED.,.F.,.F.,(4,1,4),(0.,0.0577824165511222,0.119906576363531),
 .UNSPECIFIED.);
#993=B_SPLINE_CURVE_WITH_KNOTS('',3,(#4185,#4186,#4187,#4188,#4189),
 .UNSPECIFIED.,.F.,.F.,(4,1,4),(0.,0.0739041805360603,0.142746613930761),
 .UNSPECIFIED.);
#994=B_SPLINE_CURVE_WITH_KNOTS('',3,(#4192,#4193,#4194,#4195,#4196),
 .UNSPECIFIED.,.F.,.F.,(4,1,4),(0.,0.0739041805360603,0.142746613930761),
 .UNSPECIFIED.);
#995=B_SPLINE_CURVE_WITH_KNOTS('',3,(#4208,#4209,#4210,#4211,#4212),
 .UNSPECIFIED.,.F.,.F.,(4,1,4),(0.,0.0844199769677696,0.144851659688033),
 .UNSPECIFIED.);
#996=B_SPLINE_CURVE_WITH_KNOTS('',3,(#4215,#4216,#4217,#4218,#4219),
 .UNSPECIFIED.,.F.,.F.,(4,1,4),(0.,0.0844199769677696,0.144851659688033),
 .UNSPECIFIED.);
#997=B_SPLINE_CURVE_WITH_KNOTS('',3,(#4230,#4231,#4232,#4233,#4234),
 .UNSPECIFIED.,.F.,.F.,(4,1,4),(0.,0.0721316583682954,0.160366810992786),
 .UNSPECIFIED.);
#998=B_SPLINE_CURVE_WITH_KNOTS('',3,(#4235,#4236,#4237,#4238,#4239),
 .UNSPECIFIED.,.F.,.F.,(4,1,4),(0.,0.0721316583682954,0.160366810992786),
 .UNSPECIFIED.);
#999=B_SPLINE_CURVE_WITH_KNOTS('',3,(#4252,#4253,#4254,#4255,#4256),
 .UNSPECIFIED.,.F.,.F.,(4,1,4),(0.,0.0881380666099477,0.176834226244318),
 .UNSPECIFIED.);
#1000=B_SPLINE_CURVE_WITH_KNOTS('',3,(#4260,#4261,#4262,#4263,#4264),
 .UNSPECIFIED.,.F.,.F.,(4,1,4),(0.,0.0881380666099477,0.176834226244318),
 .UNSPECIFIED.);
#1001=B_SPLINE_CURVE_WITH_KNOTS('',3,(#4277,#4278,#4279,#4280,#4281),
 .UNSPECIFIED.,.F.,.F.,(4,1,4),(0.,0.0950803087568558,0.186865559946624),
 .UNSPECIFIED.);
#1002=B_SPLINE_CURVE_WITH_KNOTS('',3,(#4284,#4285,#4286,#4287,#4288),
 .UNSPECIFIED.,.F.,.F.,(4,1,4),(0.,0.0950803087568558,0.186865559946624),
 .UNSPECIFIED.);
#1003=B_SPLINE_CURVE_WITH_KNOTS('',3,(#4300,#4301,#4302,#4303,#4304),
 .UNSPECIFIED.,.F.,.F.,(4,1,4),(0.,0.125004494200366,0.230660744665152),
 .UNSPECIFIED.);
#1004=B_SPLINE_CURVE_WITH_KNOTS('',3,(#4307,#4308,#4309,#4310,#4311),
 .UNSPECIFIED.,.F.,.F.,(4,1,4),(0.,0.125004494200366,0.230660744665152),
 .UNSPECIFIED.);
#1005=B_SPLINE_CURVE_WITH_KNOTS('',3,(#4323,#4324,#4325,#4326,#4327),
 .UNSPECIFIED.,.F.,.F.,(4,1,4),(0.,0.0548536776957476,0.112043265979691),
 .UNSPECIFIED.);
#1006=B_SPLINE_CURVE_WITH_KNOTS('',3,(#4330,#4331,#4332,#4333,#4334),
 .UNSPECIFIED.,.F.,.F.,(4,1,4),(0.,0.0548536776957476,0.112043265979691),
 .UNSPECIFIED.);
#1007=B_SPLINE_CURVE_WITH_KNOTS('',3,(#4346,#4347,#4348,#4349,#4350),
 .UNSPECIFIED.,.F.,.F.,(4,1,4),(0.,0.0478797824267971,0.0995969204652233),
 .UNSPECIFIED.);
#1008=B_SPLINE_CURVE_WITH_KNOTS('',3,(#4353,#4354,#4355,#4356,#4357),
 .UNSPECIFIED.,.F.,.F.,(4,1,4),(0.,0.0478797824267971,0.0995969204652233),
 .UNSPECIFIED.);
#1009=B_SPLINE_CURVE_WITH_KNOTS('',3,(#4369,#4370,#4371,#4372,#4373),
 .UNSPECIFIED.,.F.,.F.,(4,1,4),(0.,0.0474885018720816,0.093703275442056),
 .UNSPECIFIED.);
#1010=B_SPLINE_CURVE_WITH_KNOTS('',3,(#4376,#4377,#4378,#4379,#4380),
 .UNSPECIFIED.,.F.,.F.,(4,1,4),(0.,0.0474885018720816,0.093703275442056),
 .UNSPECIFIED.);
#1011=B_SPLINE_CURVE_WITH_KNOTS('',3,(#4392,#4393,#4394,#4395,#4396),
 .UNSPECIFIED.,.F.,.F.,(4,1,4),(0.,0.0490543947948299,0.0975890272344399),
 .UNSPECIFIED.);
#1012=B_SPLINE_CURVE_WITH_KNOTS('',3,(#4399,#4400,#4401,#4402,#4403),
 .UNSPECIFIED.,.F.,.F.,(4,1,4),(0.,0.0490543947948299,0.0975890272344399),
 .UNSPECIFIED.);
#1013=B_SPLINE_CURVE_WITH_KNOTS('',3,(#4415,#4416,#4417,#4418,#4419),
 .UNSPECIFIED.,.F.,.F.,(4,1,4),(0.,0.0861209516269924,0.170619052100852),
 .UNSPECIFIED.);
#1014=B_SPLINE_CURVE_WITH_KNOTS('',3,(#4422,#4423,#4424,#4425,#4426),
 .UNSPECIFIED.,.F.,.F.,(4,1,4),(0.,0.0861209516269924,0.170619052100852),
 .UNSPECIFIED.);
#1015=B_SPLINE_CURVE_WITH_KNOTS('',3,(#4467,#4468,#4469,#4470,#4471),
 .UNSPECIFIED.,.F.,.F.,(4,1,4),(0.,0.0382596568550505,0.0795300468271599),
 .UNSPECIFIED.);
#1016=B_SPLINE_CURVE_WITH_KNOTS('',3,(#4475,#4476,#4477,#4478,#4479),
 .UNSPECIFIED.,.F.,.F.,(4,1,4),(0.,0.0382596568550505,0.0795300468271599),
 .UNSPECIFIED.);
#1017=B_SPLINE_CURVE_WITH_KNOTS('',3,(#4492,#4493,#4494,#4495,#4496),
 .UNSPECIFIED.,.F.,.F.,(4,1,4),(0.,0.047444867187257,0.0879584870883272),
 .UNSPECIFIED.);
#1018=B_SPLINE_CURVE_WITH_KNOTS('',3,(#4499,#4500,#4501,#4502,#4503),
 .UNSPECIFIED.,.F.,.F.,(4,1,4),(0.,0.047444867187257,0.0879584870883272),
 .UNSPECIFIED.);
#1019=B_SPLINE_CURVE_WITH_KNOTS('',3,(#4515,#4516,#4517,#4518,#4519),
 .UNSPECIFIED.,.F.,.F.,(4,1,4),(0.,0.0811571804238938,0.133744978416935),
 .UNSPECIFIED.);
#1020=B_SPLINE_CURVE_WITH_KNOTS('',3,(#4522,#4523,#4524,#4525,#4526),
 .UNSPECIFIED.,.F.,.F.,(4,1,4),(0.,0.0811571804238938,0.133744978416935),
 .UNSPECIFIED.);
#1021=B_SPLINE_CURVE_WITH_KNOTS('',3,(#4556,#4557,#4558,#4559,#4560),
 .UNSPECIFIED.,.F.,.F.,(4,1,4),(0.,0.0650396253472274,0.129509388350202),
 .UNSPECIFIED.);
#1022=B_SPLINE_CURVE_WITH_KNOTS('',3,(#4563,#4564,#4565,#4566,#4567),
 .UNSPECIFIED.,.F.,.F.,(4,1,4),(0.,0.0650396253472274,0.129509388350202),
 .UNSPECIFIED.);
#1023=B_SPLINE_CURVE_WITH_KNOTS('',3,(#4579,#4580,#4581,#4582,#4583),
 .UNSPECIFIED.,.F.,.F.,(4,1,4),(0.,0.0648347203914517,0.131910603592487),
 .UNSPECIFIED.);
#1024=B_SPLINE_CURVE_WITH_KNOTS('',3,(#4586,#4587,#4588,#4589,#4590),
 .UNSPECIFIED.,.F.,.F.,(4,1,4),(0.,0.0648347203914517,0.131910603592487),
 .UNSPECIFIED.);
#1025=B_SPLINE_CURVE_WITH_KNOTS('',3,(#4620,#4621,#4622,#4623,#4624),
 .UNSPECIFIED.,.F.,.F.,(4,1,4),(0.,0.0100316458558824,0.0239533327155709),
 .UNSPECIFIED.);
#1026=B_SPLINE_CURVE_WITH_KNOTS('',3,(#4627,#4628,#4629,#4630,#4631),
 .UNSPECIFIED.,.F.,.F.,(4,1,4),(0.,0.0100316458558824,0.0239533327155709),
 .UNSPECIFIED.);
#1027=B_SPLINE_CURVE_WITH_KNOTS('',3,(#4643,#4644,#4645,#4646,#4647),
 .UNSPECIFIED.,.F.,.F.,(4,1,4),(0.,0.0266032995797657,0.0741613350296872),
 .UNSPECIFIED.);
#1028=B_SPLINE_CURVE_WITH_KNOTS('',3,(#4650,#4651,#4652,#4653,#4654),
 .UNSPECIFIED.,.F.,.F.,(4,1,4),(0.,0.0266032995797657,0.0741613350296872),
 .UNSPECIFIED.);
#1029=B_SPLINE_CURVE_WITH_KNOTS('',3,(#4666,#4667,#4668,#4669,#4670),
 .UNSPECIFIED.,.F.,.F.,(4,1,4),(0.,0.0207721598705077,0.0419466468377247),
 .UNSPECIFIED.);
#1030=B_SPLINE_CURVE_WITH_KNOTS('',3,(#4673,#4674,#4675,#4676,#4677),
 .UNSPECIFIED.,.F.,.F.,(4,1,4),(0.,0.0207721598705077,0.0419466468377247),
 .UNSPECIFIED.);
#1031=B_SPLINE_CURVE_WITH_KNOTS('',3,(#4689,#4690,#4691,#4692,#4693),
 .UNSPECIFIED.,.F.,.F.,(4,1,4),(0.,0.0277443303717785,0.0505605749522987),
 .UNSPECIFIED.);
#1032=B_SPLINE_CURVE_WITH_KNOTS('',3,(#4696,#4697,#4698,#4699,#4700),
 .UNSPECIFIED.,.F.,.F.,(4,1,4),(0.,0.0277443303717785,0.0505605749522987),
 .UNSPECIFIED.);
#1033=B_SPLINE_CURVE_WITH_KNOTS('',3,(#4712,#4713,#4714,#4715,#4716),
 .UNSPECIFIED.,.F.,.F.,(4,1,4),(0.,0.0289247281772698,0.0534390128221494),
 .UNSPECIFIED.);
#1034=B_SPLINE_CURVE_WITH_KNOTS('',3,(#4719,#4720,#4721,#4722,#4723),
 .UNSPECIFIED.,.F.,.F.,(4,1,4),(0.,0.0289247281772698,0.0534390128221494),
 .UNSPECIFIED.);
#1035=B_SPLINE_CURVE_WITH_KNOTS('',3,(#4740,#4741,#4742,#4743,#4744),
 .UNSPECIFIED.,.F.,.F.,(4,1,4),(0.,0.0282780270591391,0.0606069379077447),
 .UNSPECIFIED.);
#1036=B_SPLINE_CURVE_WITH_KNOTS('',3,(#4745,#4746,#4747,#4748,#4749),
 .UNSPECIFIED.,.F.,.F.,(4,1,4),(0.,0.0282780270591391,0.0606069379077447),
 .UNSPECIFIED.);
#1037=VERTEX_POINT('',#3196);
#1038=VERTEX_POINT('',#3197);
#1039=VERTEX_POINT('',#3203);
#1040=VERTEX_POINT('',#3205);
#1041=VERTEX_POINT('',#3222);
#1042=VERTEX_POINT('',#3228);
#1043=VERTEX_POINT('',#3245);
#1044=VERTEX_POINT('',#3251);
#1045=VERTEX_POINT('',#3259);
#1046=VERTEX_POINT('',#3261);
#1047=VERTEX_POINT('',#3294);
#1048=VERTEX_POINT('',#3295);
#1049=VERTEX_POINT('',#3301);
#1050=VERTEX_POINT('',#3303);
#1051=VERTEX_POINT('',#3320);
#1052=VERTEX_POINT('',#3326);
#1053=VERTEX_POINT('',#3343);
#1054=VERTEX_POINT('',#3349);
#1055=VERTEX_POINT('',#3357);
#1056=VERTEX_POINT('',#3359);
#1057=VERTEX_POINT('',#3372);
#1058=VERTEX_POINT('',#3378);
#1059=VERTEX_POINT('',#3395);
#1060=VERTEX_POINT('',#3401);
#1061=VERTEX_POINT('',#3418);
#1062=VERTEX_POINT('',#3424);
#1063=VERTEX_POINT('',#3441);
#1064=VERTEX_POINT('',#3447);
#1065=VERTEX_POINT('',#3464);
#1066=VERTEX_POINT('',#3470);
#1067=VERTEX_POINT('',#3487);
#1068=VERTEX_POINT('',#3493);
#1069=VERTEX_POINT('',#3510);
#1070=VERTEX_POINT('',#3516);
#1071=VERTEX_POINT('',#3533);
#1072=VERTEX_POINT('',#3539);
#1073=VERTEX_POINT('',#3556);
#1074=VERTEX_POINT('',#3562);
#1075=VERTEX_POINT('',#3570);
#1076=VERTEX_POINT('',#3572);
#1077=VERTEX_POINT('',#3606);
#1078=VERTEX_POINT('',#3607);
#1079=VERTEX_POINT('',#3613);
#1080=VERTEX_POINT('',#3615);
#1081=VERTEX_POINT('',#3632);
#1082=VERTEX_POINT('',#3638);
#1083=VERTEX_POINT('',#3655);
#1084=VERTEX_POINT('',#3661);
#1085=VERTEX_POINT('',#3669);
#1086=VERTEX_POINT('',#3671);
#1087=VERTEX_POINT('',#3704);
#1088=VERTEX_POINT('',#3705);
#1089=VERTEX_POINT('',#3711);
#1090=VERTEX_POINT('',#3713);
#1091=VERTEX_POINT('',#3730);
#1092=VERTEX_POINT('',#3736);
#1093=VERTEX_POINT('',#3753);
#1094=VERTEX_POINT('',#3759);
#1095=VERTEX_POINT('',#3767);
#1096=VERTEX_POINT('',#3769);
#1097=VERTEX_POINT('',#3782);
#1098=VERTEX_POINT('',#3788);
#1099=VERTEX_POINT('',#3805);
#1100=VERTEX_POINT('',#3811);
#1101=VERTEX_POINT('',#3828);
#1102=VERTEX_POINT('',#3834);
#1103=VERTEX_POINT('',#3851);
#1104=VERTEX_POINT('',#3857);
#1105=VERTEX_POINT('',#3874);
#1106=VERTEX_POINT('',#3880);
#1107=VERTEX_POINT('',#3897);
#1108=VERTEX_POINT('',#3903);
#1109=VERTEX_POINT('',#3920);
#1110=VERTEX_POINT('',#3926);
#1111=VERTEX_POINT('',#3943);
#1112=VERTEX_POINT('',#3949);
#1113=VERTEX_POINT('',#3966);
#1114=VERTEX_POINT('',#3972);
#1115=VERTEX_POINT('',#3980);
#1116=VERTEX_POINT('',#3982);
#1117=VERTEX_POINT('',#4007);
#1118=VERTEX_POINT('',#4008);
#1119=VERTEX_POINT('',#4010);
#1120=VERTEX_POINT('',#4012);
#1121=VERTEX_POINT('',#4016);
#1122=VERTEX_POINT('',#4018);
#1123=VERTEX_POINT('',#4022);
#1124=VERTEX_POINT('',#4024);
#1125=VERTEX_POINT('',#4032);
#1126=VERTEX_POINT('',#4033);
#1127=VERTEX_POINT('',#4035);
#1128=VERTEX_POINT('',#4037);
#1129=VERTEX_POINT('',#4041);
#1130=VERTEX_POINT('',#4043);
#1131=VERTEX_POINT('',#4047);
#1132=VERTEX_POINT('',#4049);
#1133=VERTEX_POINT('',#4066);
#1134=VERTEX_POINT('',#4067);
#1135=VERTEX_POINT('',#4073);
#1136=VERTEX_POINT('',#4075);
#1137=VERTEX_POINT('',#4092);
#1138=VERTEX_POINT('',#4098);
#1139=VERTEX_POINT('',#4115);
#1140=VERTEX_POINT('',#4121);
#1141=VERTEX_POINT('',#4138);
#1142=VERTEX_POINT('',#4144);
#1143=VERTEX_POINT('',#4161);
#1144=VERTEX_POINT('',#4167);
#1145=VERTEX_POINT('',#4184);
#1146=VERTEX_POINT('',#4190);
#1147=VERTEX_POINT('',#4207);
#1148=VERTEX_POINT('',#4213);
#1149=VERTEX_POINT('',#4250);
#1150=VERTEX_POINT('',#4251);
#1151=VERTEX_POINT('',#4257);
#1152=VERTEX_POINT('',#4259);
#1153=VERTEX_POINT('',#4276);
#1154=VERTEX_POINT('',#4282);
#1155=VERTEX_POINT('',#4299);
#1156=VERTEX_POINT('',#4305);
#1157=VERTEX_POINT('',#4322);
#1158=VERTEX_POINT('',#4328);
#1159=VERTEX_POINT('',#4345);
#1160=VERTEX_POINT('',#4351);
#1161=VERTEX_POINT('',#4368);
#1162=VERTEX_POINT('',#4374);
#1163=VERTEX_POINT('',#4391);
#1164=VERTEX_POINT('',#4397);
#1165=VERTEX_POINT('',#4414);
#1166=VERTEX_POINT('',#4420);
#1167=VERTEX_POINT('',#4428);
#1168=VERTEX_POINT('',#4430);
#1169=VERTEX_POINT('',#4434);
#1170=VERTEX_POINT('',#4436);
#1171=VERTEX_POINT('',#4440);
#1172=VERTEX_POINT('',#4442);
#1173=VERTEX_POINT('',#4446);
#1174=VERTEX_POINT('',#4448);
#1175=VERTEX_POINT('',#4465);
#1176=VERTEX_POINT('',#4466);
#1177=VERTEX_POINT('',#4472);
#1178=VERTEX_POINT('',#4474);
#1179=VERTEX_POINT('',#4491);
#1180=VERTEX_POINT('',#4497);
#1181=VERTEX_POINT('',#4514);
#1182=VERTEX_POINT('',#4520);
#1183=VERTEX_POINT('',#4528);
#1184=VERTEX_POINT('',#4530);
#1185=VERTEX_POINT('',#4534);
#1186=VERTEX_POINT('',#4536);
#1187=VERTEX_POINT('',#4540);
#1188=VERTEX_POINT('',#4542);
#1189=VERTEX_POINT('',#4555);
#1190=VERTEX_POINT('',#4561);
#1191=VERTEX_POINT('',#4578);
#1192=VERTEX_POINT('',#4584);
#1193=VERTEX_POINT('',#4592);
#1194=VERTEX_POINT('',#4594);
#1195=VERTEX_POINT('',#4598);
#1196=VERTEX_POINT('',#4600);
#1197=VERTEX_POINT('',#4604);
#1198=VERTEX_POINT('',#4606);
#1199=VERTEX_POINT('',#4619);
#1200=VERTEX_POINT('',#4625);
#1201=VERTEX_POINT('',#4642);
#1202=VERTEX_POINT('',#4648);
#1203=VERTEX_POINT('',#4665);
#1204=VERTEX_POINT('',#4671);
#1205=VERTEX_POINT('',#4688);
#1206=VERTEX_POINT('',#4694);
#1207=VERTEX_POINT('',#4711);
#1208=VERTEX_POINT('',#4717);
#1209=VERTEX_POINT('',#4725);
#1210=VERTEX_POINT('',#4727);
#1211=VERTEX_POINT('',#4752);
#1212=VERTEX_POINT('',#4753);
#1213=VERTEX_POINT('',#4755);
#1214=VERTEX_POINT('',#4757);
#1215=VERTEX_POINT('',#4761);
#1216=VERTEX_POINT('',#4763);
#1217=VERTEX_POINT('',#4767);
#1218=VERTEX_POINT('',#4769);
#1219=VERTEX_POINT('',#4773);
#1220=VERTEX_POINT('',#4775);
#1221=VERTEX_POINT('',#4779);
#1222=VERTEX_POINT('',#4781);
#1223=VERTEX_POINT('',#4785);
#1224=VERTEX_POINT('',#4787);
#1225=VERTEX_POINT('',#4791);
#1226=VERTEX_POINT('',#4793);
#1227=VERTEX_POINT('',#4797);
#1228=VERTEX_POINT('',#4799);
#1229=VERTEX_POINT('',#4803);
#1230=VERTEX_POINT('',#4805);
#1231=VERTEX_POINT('',#4809);
#1232=VERTEX_POINT('',#4811);
#1233=VERTEX_POINT('',#4815);
#1234=VERTEX_POINT('',#4817);
#1235=VERTEX_POINT('',#4825);
#1236=VERTEX_POINT('',#4826);
#1237=VERTEX_POINT('',#4828);
#1238=VERTEX_POINT('',#4830);
#1239=VERTEX_POINT('',#4836);
#1240=VERTEX_POINT('',#4837);
#1241=VERTEX_POINT('',#4839);
#1242=VERTEX_POINT('',#4841);
#1243=VERTEX_POINT('',#4845);
#1244=VERTEX_POINT('',#4846);
#1245=VERTEX_POINT('',#4848);
#1246=VERTEX_POINT('',#4850);
#1247=VERTEX_POINT('',#4857);
#1248=VERTEX_POINT('',#4859);
#1249=VERTEX_POINT('',#4861);
#1250=VERTEX_POINT('',#4863);
#1251=VERTEX_POINT('',#4867);
#1252=VERTEX_POINT('',#4869);
#1253=VERTEX_POINT('',#4873);
#1254=VERTEX_POINT('',#4875);
#1255=VERTEX_POINT('',#4880);
#1256=VERTEX_POINT('',#4882);
#1257=VERTEX_POINT('',#4885);
#1258=VERTEX_POINT('',#4887);
#1259=VERTEX_POINT('',#4889);
#1260=VERTEX_POINT('',#4891);
#1261=VERTEX_POINT('',#4894);
#1262=VERTEX_POINT('',#4896);
#1263=VERTEX_POINT('',#4898);
#1264=VERTEX_POINT('',#4900);
#1265=VERTEX_POINT('',#4903);
#1266=VERTEX_POINT('',#4909);
#1267=VERTEX_POINT('',#4915);
#1268=VERTEX_POINT('',#4916);
#1269=VERTEX_POINT('',#4921);
#1270=VERTEX_POINT('',#4925);
#1271=VERTEX_POINT('',#4927);
#1272=VERTEX_POINT('',#4931);
#1273=VERTEX_POINT('',#4933);
#1274=VERTEX_POINT('',#4937);
#1275=VERTEX_POINT('',#4939);
#1276=VERTEX_POINT('',#4943);
#1277=VERTEX_POINT('',#4945);
#1278=VERTEX_POINT('',#4949);
#1279=VERTEX_POINT('',#4958);
#1280=VERTEX_POINT('',#4963);
#1281=VERTEX_POINT('',#4968);
#1282=VERTEX_POINT('',#4973);
#1283=VERTEX_POINT('',#4978);
#1284=VERTEX_POINT('',#4980);
#1285=VERTEX_POINT('',#4986);
#1286=VERTEX_POINT('',#4988);
#1287=EDGE_CURVE('',#1037,#1038,#915,.T.);
#1288=EDGE_CURVE('',#1037,#1039,#465,.T.);
#1289=EDGE_CURVE('',#1039,#1040,#916,.T.);
#1290=EDGE_CURVE('',#1038,#1040,#466,.T.);
#1291=EDGE_CURVE('',#1041,#1037,#917,.T.);
#1292=EDGE_CURVE('',#1041,#1042,#467,.T.);
#1293=EDGE_CURVE('',#1042,#1039,#918,.T.);
#1294=EDGE_CURVE('',#1043,#1041,#919,.T.);
#1295=EDGE_CURVE('',#1043,#1044,#468,.T.);
#1296=EDGE_CURVE('',#1044,#1042,#920,.T.);
#1297=EDGE_CURVE('',#1045,#1043,#469,.T.);
#1298=EDGE_CURVE('',#1045,#1046,#470,.T.);
#1299=EDGE_CURVE('',#1046,#1044,#471,.T.);
#1300=EDGE_CURVE('',#1038,#1045,#921,.T.);
#1301=EDGE_CURVE('',#1040,#1046,#922,.T.);
#1302=EDGE_CURVE('',#1047,#1048,#923,.T.);
#1303=EDGE_CURVE('',#1047,#1049,#472,.T.);
#1304=EDGE_CURVE('',#1049,#1050,#924,.T.);
#1305=EDGE_CURVE('',#1048,#1050,#473,.T.);
#1306=EDGE_CURVE('',#1051,#1047,#925,.T.);
#1307=EDGE_CURVE('',#1051,#1052,#474,.T.);
#1308=EDGE_CURVE('',#1052,#1049,#926,.T.);
#1309=EDGE_CURVE('',#1053,#1051,#927,.T.);
#1310=EDGE_CURVE('',#1053,#1054,#475,.T.);
#1311=EDGE_CURVE('',#1054,#1052,#928,.T.);
#1312=EDGE_CURVE('',#1055,#1053,#476,.T.);
#1313=EDGE_CURVE('',#1055,#1056,#477,.T.);
#1314=EDGE_CURVE('',#1056,#1054,#478,.T.);
#1315=EDGE_CURVE('',#1057,#1055,#929,.T.);
#1316=EDGE_CURVE('',#1057,#1058,#479,.T.);
#1317=EDGE_CURVE('',#1058,#1056,#930,.T.);
#1318=EDGE_CURVE('',#1059,#1057,#931,.T.);
#1319=EDGE_CURVE('',#1059,#1060,#480,.T.);
#1320=EDGE_CURVE('',#1060,#1058,#932,.T.);
#1321=EDGE_CURVE('',#1061,#1059,#933,.T.);
#1322=EDGE_CURVE('',#1061,#1062,#481,.T.);
#1323=EDGE_CURVE('',#1062,#1060,#934,.T.);
#1324=EDGE_CURVE('',#1063,#1061,#935,.T.);
#1325=EDGE_CURVE('',#1063,#1064,#482,.T.);
#1326=EDGE_CURVE('',#1064,#1062,#936,.T.);
#1327=EDGE_CURVE('',#1065,#1063,#937,.T.);
#1328=EDGE_CURVE('',#1065,#1066,#483,.T.);
#1329=EDGE_CURVE('',#1066,#1064,#938,.T.);
#1330=EDGE_CURVE('',#1067,#1065,#939,.T.);
#1331=EDGE_CURVE('',#1067,#1068,#484,.T.);
#1332=EDGE_CURVE('',#1068,#1066,#940,.T.);
#1333=EDGE_CURVE('',#1069,#1067,#941,.T.);
#1334=EDGE_CURVE('',#1069,#1070,#485,.T.);
#1335=EDGE_CURVE('',#1070,#1068,#942,.T.);
#1336=EDGE_CURVE('',#1071,#1069,#943,.T.);
#1337=EDGE_CURVE('',#1071,#1072,#486,.T.);
#1338=EDGE_CURVE('',#1072,#1070,#944,.T.);
#1339=EDGE_CURVE('',#1073,#1071,#945,.T.);
#1340=EDGE_CURVE('',#1073,#1074,#487,.T.);
#1341=EDGE_CURVE('',#1074,#1072,#946,.T.);
#1342=EDGE_CURVE('',#1075,#1073,#488,.T.);
#1343=EDGE_CURVE('',#1075,#1076,#489,.T.);
#1344=EDGE_CURVE('',#1076,#1074,#490,.T.);
#1345=EDGE_CURVE('',#1048,#1075,#947,.T.);
#1346=EDGE_CURVE('',#1050,#1076,#948,.T.);
#1347=EDGE_CURVE('',#1077,#1078,#949,.T.);
#1348=EDGE_CURVE('',#1077,#1079,#491,.T.);
#1349=EDGE_CURVE('',#1079,#1080,#950,.T.);
#1350=EDGE_CURVE('',#1078,#1080,#492,.T.);
#1351=EDGE_CURVE('',#1081,#1077,#951,.T.);
#1352=EDGE_CURVE('',#1081,#1082,#493,.T.);
#1353=EDGE_CURVE('',#1082,#1079,#952,.T.);
#1354=EDGE_CURVE('',#1083,#1081,#953,.T.);
#1355=EDGE_CURVE('',#1083,#1084,#494,.T.);
#1356=EDGE_CURVE('',#1084,#1082,#954,.T.);
#1357=EDGE_CURVE('',#1085,#1083,#495,.T.);
#1358=EDGE_CURVE('',#1085,#1086,#496,.T.);
#1359=EDGE_CURVE('',#1086,#1084,#497,.T.);
#1360=EDGE_CURVE('',#1078,#1085,#955,.T.);
#1361=EDGE_CURVE('',#1080,#1086,#956,.T.);
#1362=EDGE_CURVE('',#1087,#1088,#957,.T.);
#1363=EDGE_CURVE('',#1087,#1089,#498,.T.);
#1364=EDGE_CURVE('',#1089,#1090,#958,.T.);
#1365=EDGE_CURVE('',#1088,#1090,#499,.T.);
#1366=EDGE_CURVE('',#1091,#1087,#959,.T.);
#1367=EDGE_CURVE('',#1091,#1092,#500,.T.);
#1368=EDGE_CURVE('',#1092,#1089,#960,.T.);
#1369=EDGE_CURVE('',#1093,#1091,#961,.T.);
#1370=EDGE_CURVE('',#1093,#1094,#501,.T.);
#1371=EDGE_CURVE('',#1094,#1092,#962,.T.);
#1372=EDGE_CURVE('',#1095,#1093,#502,.T.);
#1373=EDGE_CURVE('',#1095,#1096,#503,.T.);
#1374=EDGE_CURVE('',#1096,#1094,#504,.T.);
#1375=EDGE_CURVE('',#1097,#1095,#963,.T.);
#1376=EDGE_CURVE('',#1097,#1098,#505,.T.);
#1377=EDGE_CURVE('',#1098,#1096,#964,.T.);
#1378=EDGE_CURVE('',#1099,#1097,#965,.T.);
#1379=EDGE_CURVE('',#1099,#1100,#506,.T.);
#1380=EDGE_CURVE('',#1100,#1098,#966,.T.);
#1381=EDGE_CURVE('',#1101,#1099,#967,.T.);
#1382=EDGE_CURVE('',#1101,#1102,#507,.T.);
#1383=EDGE_CURVE('',#1102,#1100,#968,.T.);
#1384=EDGE_CURVE('',#1103,#1101,#969,.T.);
#1385=EDGE_CURVE('',#1103,#1104,#508,.T.);
#1386=EDGE_CURVE('',#1104,#1102,#970,.T.);
#1387=EDGE_CURVE('',#1105,#1103,#971,.T.);
#1388=EDGE_CURVE('',#1105,#1106,#509,.T.);
#1389=EDGE_CURVE('',#1106,#1104,#972,.T.);
#1390=EDGE_CURVE('',#1107,#1105,#973,.T.);
#1391=EDGE_CURVE('',#1107,#1108,#510,.T.);
#1392=EDGE_CURVE('',#1108,#1106,#974,.T.);
#1393=EDGE_CURVE('',#1109,#1107,#975,.T.);
#1394=EDGE_CURVE('',#1109,#1110,#511,.T.);
#1395=EDGE_CURVE('',#1110,#1108,#976,.T.);
#1396=EDGE_CURVE('',#1111,#1109,#977,.T.);
#1397=EDGE_CURVE('',#1111,#1112,#512,.T.);
#1398=EDGE_CURVE('',#1112,#1110,#978,.T.);
#1399=EDGE_CURVE('',#1113,#1111,#979,.T.);
#1400=EDGE_CURVE('',#1113,#1114,#513,.T.);
#1401=EDGE_CURVE('',#1114,#1112,#980,.T.);
#1402=EDGE_CURVE('',#1115,#1113,#514,.T.);
#1403=EDGE_CURVE('',#1115,#1116,#515,.T.);
#1404=EDGE_CURVE('',#1116,#1114,#516,.T.);
#1405=EDGE_CURVE('',#1088,#1115,#981,.T.);
#1406=EDGE_CURVE('',#1090,#1116,#982,.T.);
#1407=EDGE_CURVE('',#1117,#1118,#517,.T.);
#1408=EDGE_CURVE('',#1117,#1119,#518,.T.);
#1409=EDGE_CURVE('',#1119,#1120,#519,.T.);
#1410=EDGE_CURVE('',#1118,#1120,#520,.T.);
#1411=EDGE_CURVE('',#1121,#1117,#521,.T.);
#1412=EDGE_CURVE('',#1121,#1122,#522,.T.);
#1413=EDGE_CURVE('',#1122,#1119,#523,.T.);
#1414=EDGE_CURVE('',#1123,#1121,#524,.T.);
#1415=EDGE_CURVE('',#1123,#1124,#525,.T.);
#1416=EDGE_CURVE('',#1124,#1122,#526,.T.);
#1417=EDGE_CURVE('',#1118,#1123,#527,.T.);
#1418=EDGE_CURVE('',#1120,#1124,#528,.T.);
#1419=EDGE_CURVE('',#1125,#1126,#529,.T.);
#1420=EDGE_CURVE('',#1125,#1127,#530,.T.);
#1421=EDGE_CURVE('',#1127,#1128,#531,.T.);
#1422=EDGE_CURVE('',#1126,#1128,#532,.T.);
#1423=EDGE_CURVE('',#1129,#1125,#533,.T.);
#1424=EDGE_CURVE('',#1129,#1130,#534,.T.);
#1425=EDGE_CURVE('',#1130,#1127,#535,.T.);
#1426=EDGE_CURVE('',#1131,#1129,#536,.T.);
#1427=EDGE_CURVE('',#1131,#1132,#537,.T.);
#1428=EDGE_CURVE('',#1132,#1130,#538,.T.);
#1429=EDGE_CURVE('',#1126,#1131,#539,.T.);
#1430=EDGE_CURVE('',#1128,#1132,#540,.T.);
#1431=EDGE_CURVE('',#1133,#1134,#983,.T.);
#1432=EDGE_CURVE('',#1133,#1135,#541,.T.);
#1433=EDGE_CURVE('',#1135,#1136,#984,.T.);
#1434=EDGE_CURVE('',#1134,#1136,#542,.T.);
#1435=EDGE_CURVE('',#1137,#1133,#985,.T.);
#1436=EDGE_CURVE('',#1137,#1138,#543,.T.);
#1437=EDGE_CURVE('',#1138,#1135,#986,.T.);
#1438=EDGE_CURVE('',#1139,#1137,#987,.T.);
#1439=EDGE_CURVE('',#1139,#1140,#544,.T.);
#1440=EDGE_CURVE('',#1140,#1138,#988,.T.);
#1441=EDGE_CURVE('',#1141,#1139,#989,.T.);
#1442=EDGE_CURVE('',#1141,#1142,#545,.T.);
#1443=EDGE_CURVE('',#1142,#1140,#990,.T.);
#1444=EDGE_CURVE('',#1143,#1141,#991,.T.);
#1445=EDGE_CURVE('',#1143,#1144,#546,.T.);
#1446=EDGE_CURVE('',#1144,#1142,#992,.T.);
#1447=EDGE_CURVE('',#1145,#1143,#993,.T.);
#1448=EDGE_CURVE('',#1145,#1146,#547,.T.);
#1449=EDGE_CURVE('',#1146,#1144,#994,.T.);
#1450=EDGE_CURVE('',#1147,#1145,#995,.T.);
#1451=EDGE_CURVE('',#1147,#1148,#548,.T.);
#1452=EDGE_CURVE('',#1148,#1146,#996,.T.);
#1453=EDGE_CURVE('',#1134,#1147,#997,.T.);
#1454=EDGE_CURVE('',#1136,#1148,#998,.T.);
#1455=EDGE_CURVE('',#1149,#1150,#999,.T.);
#1456=EDGE_CURVE('',#1149,#1151,#549,.T.);
#1457=EDGE_CURVE('',#1151,#1152,#1000,.T.);
#1458=EDGE_CURVE('',#1150,#1152,#550,.T.);
#1459=EDGE_CURVE('',#1153,#1149,#1001,.T.);
#1460=EDGE_CURVE('',#1153,#1154,#551,.T.);
#1461=EDGE_CURVE('',#1154,#1151,#1002,.T.);
#1462=EDGE_CURVE('',#1155,#1153,#1003,.T.);
#1463=EDGE_CURVE('',#1155,#1156,#552,.T.);
#1464=EDGE_CURVE('',#1156,#1154,#1004,.T.);
#1465=EDGE_CURVE('',#1157,#1155,#1005,.T.);
#1466=EDGE_CURVE('',#1157,#1158,#553,.T.);
#1467=EDGE_CURVE('',#1158,#1156,#1006,.T.);
#1468=EDGE_CURVE('',#1159,#1157,#1007,.T.);
#1469=EDGE_CURVE('',#1159,#1160,#554,.T.);
#1470=EDGE_CURVE('',#1160,#1158,#1008,.T.);
#1471=EDGE_CURVE('',#1161,#1159,#1009,.T.);
#1472=EDGE_CURVE('',#1161,#1162,#555,.T.);
#1473=EDGE_CURVE('',#1162,#1160,#1010,.T.);
#1474=EDGE_CURVE('',#1163,#1161,#1011,.T.);
#1475=EDGE_CURVE('',#1163,#1164,#556,.T.);
#1476=EDGE_CURVE('',#1164,#1162,#1012,.T.);
#1477=EDGE_CURVE('',#1165,#1163,#1013,.T.);
#1478=EDGE_CURVE('',#1165,#1166,#557,.T.);
#1479=EDGE_CURVE('',#1166,#1164,#1014,.T.);
#1480=EDGE_CURVE('',#1167,#1165,#558,.T.);
#1481=EDGE_CURVE('',#1167,#1168,#559,.T.);
#1482=EDGE_CURVE('',#1168,#1166,#560,.T.);
#1483=EDGE_CURVE('',#1169,#1167,#561,.T.);
#1484=EDGE_CURVE('',#1169,#1170,#562,.T.);
#1485=EDGE_CURVE('',#1170,#1168,#563,.T.);
#1486=EDGE_CURVE('',#1171,#1169,#564,.T.);
#1487=EDGE_CURVE('',#1171,#1172,#565,.T.);
#1488=EDGE_CURVE('',#1172,#1170,#566,.T.);
#1489=EDGE_CURVE('',#1173,#1171,#567,.T.);
#1490=EDGE_CURVE('',#1173,#1174,#568,.T.);
#1491=EDGE_CURVE('',#1174,#1172,#569,.T.);
#1492=EDGE_CURVE('',#1150,#1173,#570,.T.);
#1493=EDGE_CURVE('',#1152,#1174,#571,.T.);
#1494=EDGE_CURVE('',#1175,#1176,#1015,.T.);
#1495=EDGE_CURVE('',#1175,#1177,#572,.T.);
#1496=EDGE_CURVE('',#1177,#1178,#1016,.T.);
#1497=EDGE_CURVE('',#1176,#1178,#573,.T.);
#1498=EDGE_CURVE('',#1179,#1175,#1017,.T.);
#1499=EDGE_CURVE('',#1179,#1180,#574,.T.);
#1500=EDGE_CURVE('',#1180,#1177,#1018,.T.);
#1501=EDGE_CURVE('',#1181,#1179,#1019,.T.);
#1502=EDGE_CURVE('',#1181,#1182,#575,.T.);
#1503=EDGE_CURVE('',#1182,#1180,#1020,.T.);
#1504=EDGE_CURVE('',#1183,#1181,#576,.T.);
#1505=EDGE_CURVE('',#1183,#1184,#577,.T.);
#1506=EDGE_CURVE('',#1184,#1182,#578,.T.);
#1507=EDGE_CURVE('',#1185,#1183,#579,.T.);
#1508=EDGE_CURVE('',#1185,#1186,#580,.T.);
#1509=EDGE_CURVE('',#1186,#1184,#581,.T.);
#1510=EDGE_CURVE('',#1187,#1185,#582,.T.);
#1511=EDGE_CURVE('',#1187,#1188,#583,.T.);
#1512=EDGE_CURVE('',#1188,#1186,#584,.T.);
#1513=EDGE_CURVE('',#1189,#1187,#1021,.T.);
#1514=EDGE_CURVE('',#1189,#1190,#585,.T.);
#1515=EDGE_CURVE('',#1190,#1188,#1022,.T.);
#1516=EDGE_CURVE('',#1191,#1189,#1023,.T.);
#1517=EDGE_CURVE('',#1191,#1192,#586,.T.);
#1518=EDGE_CURVE('',#1192,#1190,#1024,.T.);
#1519=EDGE_CURVE('',#1193,#1191,#587,.T.);
#1520=EDGE_CURVE('',#1193,#1194,#588,.T.);
#1521=EDGE_CURVE('',#1194,#1192,#589,.T.);
#1522=EDGE_CURVE('',#1195,#1193,#590,.T.);
#1523=EDGE_CURVE('',#1195,#1196,#591,.T.);
#1524=EDGE_CURVE('',#1196,#1194,#592,.T.);
#1525=EDGE_CURVE('',#1197,#1195,#593,.T.);
#1526=EDGE_CURVE('',#1197,#1198,#594,.T.);
#1527=EDGE_CURVE('',#1198,#1196,#595,.T.);
#1528=EDGE_CURVE('',#1199,#1197,#1025,.T.);
#1529=EDGE_CURVE('',#1199,#1200,#596,.T.);
#1530=EDGE_CURVE('',#1200,#1198,#1026,.T.);
#1531=EDGE_CURVE('',#1201,#1199,#1027,.T.);
#1532=EDGE_CURVE('',#1201,#1202,#597,.T.);
#1533=EDGE_CURVE('',#1202,#1200,#1028,.T.);
#1534=EDGE_CURVE('',#1203,#1201,#1029,.T.);
#1535=EDGE_CURVE('',#1203,#1204,#598,.T.);
#1536=EDGE_CURVE('',#1204,#1202,#1030,.T.);
#1537=EDGE_CURVE('',#1205,#1203,#1031,.T.);
#1538=EDGE_CURVE('',#1205,#1206,#599,.T.);
#1539=EDGE_CURVE('',#1206,#1204,#1032,.T.);
#1540=EDGE_CURVE('',#1207,#1205,#1033,.T.);
#1541=EDGE_CURVE('',#1207,#1208,#600,.T.);
#1542=EDGE_CURVE('',#1208,#1206,#1034,.T.);
#1543=EDGE_CURVE('',#1209,#1207,#601,.T.);
#1544=EDGE_CURVE('',#1209,#1210,#602,.T.);
#1545=EDGE_CURVE('',#1210,#1208,#603,.T.);
#1546=EDGE_CURVE('',#1176,#1209,#1035,.T.);
#1547=EDGE_CURVE('',#1178,#1210,#1036,.T.);
#1548=EDGE_CURVE('',#1211,#1212,#604,.T.);
#1549=EDGE_CURVE('',#1211,#1213,#605,.T.);
#1550=EDGE_CURVE('',#1213,#1214,#606,.T.);
#1551=EDGE_CURVE('',#1212,#1214,#607,.T.);
#1552=EDGE_CURVE('',#1215,#1211,#608,.T.);
#1553=EDGE_CURVE('',#1215,#1216,#609,.T.);
#1554=EDGE_CURVE('',#1216,#1213,#610,.T.);
#1555=EDGE_CURVE('',#1217,#1215,#611,.T.);
#1556=EDGE_CURVE('',#1217,#1218,#612,.T.);
#1557=EDGE_CURVE('',#1218,#1216,#613,.T.);
#1558=EDGE_CURVE('',#1219,#1217,#614,.T.);
#1559=EDGE_CURVE('',#1219,#1220,#615,.T.);
#1560=EDGE_CURVE('',#1220,#1218,#616,.T.);
#1561=EDGE_CURVE('',#1221,#1219,#617,.T.);
#1562=EDGE_CURVE('',#1221,#1222,#618,.T.);
#1563=EDGE_CURVE('',#1222,#1220,#619,.T.);
#1564=EDGE_CURVE('',#1223,#1221,#620,.T.);
#1565=EDGE_CURVE('',#1223,#1224,#621,.T.);
#1566=EDGE_CURVE('',#1224,#1222,#622,.T.);
#1567=EDGE_CURVE('',#1225,#1223,#623,.T.);
#1568=EDGE_CURVE('',#1225,#1226,#624,.T.);
#1569=EDGE_CURVE('',#1226,#1224,#625,.T.);
#1570=EDGE_CURVE('',#1227,#1225,#626,.T.);
#1571=EDGE_CURVE('',#1227,#1228,#627,.T.);
#1572=EDGE_CURVE('',#1228,#1226,#628,.T.);
#1573=EDGE_CURVE('',#1229,#1227,#629,.T.);
#1574=EDGE_CURVE('',#1229,#1230,#630,.T.);
#1575=EDGE_CURVE('',#1230,#1228,#631,.T.);
#1576=EDGE_CURVE('',#1231,#1229,#632,.T.);
#1577=EDGE_CURVE('',#1231,#1232,#633,.T.);
#1578=EDGE_CURVE('',#1232,#1230,#634,.T.);
#1579=EDGE_CURVE('',#1233,#1231,#635,.T.);
#1580=EDGE_CURVE('',#1233,#1234,#636,.T.);
#1581=EDGE_CURVE('',#1234,#1232,#637,.T.);
#1582=EDGE_CURVE('',#1212,#1233,#638,.T.);
#1583=EDGE_CURVE('',#1214,#1234,#639,.T.);
#1584=EDGE_CURVE('',#1235,#1236,#640,.T.);
#1585=EDGE_CURVE('',#1235,#1237,#641,.T.);
#1586=EDGE_CURVE('',#1238,#1237,#642,.T.);
#1587=EDGE_CURVE('',#1236,#1238,#643,.T.);
#1588=EDGE_CURVE('',#1239,#1240,#644,.T.);
#1589=EDGE_CURVE('',#1241,#1239,#645,.T.);
#1590=EDGE_CURVE('',#1241,#1242,#646,.T.);
#1591=EDGE_CURVE('',#1240,#1242,#647,.T.);
#1592=EDGE_CURVE('',#1243,#1244,#648,.T.);
#1593=EDGE_CURVE('',#1245,#1243,#649,.T.);
#1594=EDGE_CURVE('',#1245,#1246,#650,.T.);
#1595=EDGE_CURVE('',#1244,#1246,#651,.T.);
#1596=EDGE_CURVE('',#1242,#1245,#652,.T.);
#1597=EDGE_CURVE('',#1246,#1241,#653,.T.);
#1598=EDGE_CURVE('',#1247,#1239,#654,.T.);
#1599=EDGE_CURVE('',#1248,#1247,#655,.T.);
#1600=EDGE_CURVE('',#1248,#1249,#656,.T.);
#1601=EDGE_CURVE('',#1250,#1249,#657,.T.);
#1602=EDGE_CURVE('',#1244,#1250,#658,.T.);
#1603=EDGE_CURVE('',#1236,#1251,#19,.T.);
#1604=EDGE_CURVE('',#1251,#1252,#659,.T.);
#1605=EDGE_CURVE('',#1252,#1235,#20,.T.);
#1606=EDGE_CURVE('',#1253,#1251,#660,.T.);
#1607=EDGE_CURVE('',#1254,#1253,#661,.T.);
#1608=EDGE_CURVE('',#1254,#1252,#662,.T.);
#1609=EDGE_CURVE('',#1253,#1250,#21,.T.);
#1610=EDGE_CURVE('',#1255,#1238,#22,.T.);
#1611=EDGE_CURVE('',#1255,#1256,#663,.T.);
#1612=EDGE_CURVE('',#1247,#1256,#23,.T.);
#1613=EDGE_CURVE('',#1240,#1257,#664,.T.);
#1614=EDGE_CURVE('',#1257,#1258,#665,.T.);
#1615=EDGE_CURVE('',#1258,#1259,#666,.T.);
#1616=EDGE_CURVE('',#1259,#1260,#667,.T.);
#1617=EDGE_CURVE('',#1260,#1243,#668,.T.);
#1618=EDGE_CURVE('',#1261,#1261,#24,.T.);
#1619=EDGE_CURVE('',#1262,#1262,#25,.T.);
#1620=EDGE_CURVE('',#1263,#1263,#26,.T.);
#1621=EDGE_CURVE('',#1264,#1264,#27,.T.);
#1622=EDGE_CURVE('',#1256,#1265,#669,.T.);
#1623=EDGE_CURVE('',#1265,#1248,#28,.T.);
#1624=EDGE_CURVE('',#1249,#1254,#29,.T.);
#1625=EDGE_CURVE('',#1237,#1266,#30,.T.);
#1626=EDGE_CURVE('',#1266,#1255,#670,.T.);
#1627=EDGE_CURVE('',#1266,#1265,#671,.T.);
#1628=EDGE_CURVE('',#1267,#1268,#672,.T.);
#1629=EDGE_CURVE('',#1267,#1259,#673,.T.);
#1630=EDGE_CURVE('',#1268,#1258,#674,.T.);
#1631=EDGE_CURVE('',#1269,#1267,#675,.T.);
#1632=EDGE_CURVE('',#1269,#1260,#676,.T.);
#1633=EDGE_CURVE('',#1270,#1270,#31,.T.);
#1634=EDGE_CURVE('',#1270,#1271,#677,.T.);
#1635=EDGE_CURVE('',#1271,#1271,#32,.T.);
#1636=EDGE_CURVE('',#1272,#1272,#33,.T.);
#1637=EDGE_CURVE('',#1272,#1273,#678,.T.);
#1638=EDGE_CURVE('',#1273,#1273,#34,.T.);
#1639=EDGE_CURVE('',#1274,#1274,#35,.T.);
#1640=EDGE_CURVE('',#1274,#1275,#679,.T.);
#1641=EDGE_CURVE('',#1275,#1275,#36,.T.);
#1642=EDGE_CURVE('',#1276,#1276,#37,.T.);
#1643=EDGE_CURVE('',#1276,#1277,#680,.T.);
#1644=EDGE_CURVE('',#1277,#1277,#38,.T.);
#1645=EDGE_CURVE('',#1268,#1278,#681,.T.);
#1646=EDGE_CURVE('',#1278,#1257,#682,.T.);
#1647=EDGE_CURVE('',#1278,#1269,#683,.T.);
#1648=EDGE_CURVE('',#1262,#1279,#684,.T.);
#1649=EDGE_CURVE('',#1279,#1279,#39,.T.);
#1650=EDGE_CURVE('',#1263,#1280,#685,.T.);
#1651=EDGE_CURVE('',#1280,#1280,#40,.T.);
#1652=EDGE_CURVE('',#1261,#1281,#686,.T.);
#1653=EDGE_CURVE('',#1281,#1281,#41,.T.);
#1654=EDGE_CURVE('',#1264,#1282,#687,.T.);
#1655=EDGE_CURVE('',#1282,#1282,#42,.T.);
#1656=EDGE_CURVE('',#1283,#1283,#43,.T.);
#1657=EDGE_CURVE('',#1283,#1284,#688,.T.);
#1658=EDGE_CURVE('',#1284,#1284,#44,.T.);
#1659=EDGE_CURVE('',#1285,#1285,#45,.T.);
#1660=EDGE_CURVE('',#1285,#1286,#689,.T.);
#1661=EDGE_CURVE('',#1286,#1286,#46,.T.);
#1662=ORIENTED_EDGE('',*,*,#1287,.F.);
#1663=ORIENTED_EDGE('',*,*,#1288,.T.);
#1664=ORIENTED_EDGE('',*,*,#1289,.T.);
#1665=ORIENTED_EDGE('',*,*,#1290,.F.);
#1666=ORIENTED_EDGE('',*,*,#1291,.F.);
#1667=ORIENTED_EDGE('',*,*,#1292,.T.);
#1668=ORIENTED_EDGE('',*,*,#1293,.T.);
#1669=ORIENTED_EDGE('',*,*,#1288,.F.);
#1670=ORIENTED_EDGE('',*,*,#1294,.F.);
#1671=ORIENTED_EDGE('',*,*,#1295,.T.);
#1672=ORIENTED_EDGE('',*,*,#1296,.T.);
#1673=ORIENTED_EDGE('',*,*,#1292,.F.);
#1674=ORIENTED_EDGE('',*,*,#1297,.F.);
#1675=ORIENTED_EDGE('',*,*,#1298,.T.);
#1676=ORIENTED_EDGE('',*,*,#1299,.T.);
#1677=ORIENTED_EDGE('',*,*,#1295,.F.);
#1678=ORIENTED_EDGE('',*,*,#1300,.F.);
#1679=ORIENTED_EDGE('',*,*,#1290,.T.);
#1680=ORIENTED_EDGE('',*,*,#1301,.T.);
#1681=ORIENTED_EDGE('',*,*,#1298,.F.);
#1682=ORIENTED_EDGE('',*,*,#1302,.F.);
#1683=ORIENTED_EDGE('',*,*,#1303,.T.);
#1684=ORIENTED_EDGE('',*,*,#1304,.T.);
#1685=ORIENTED_EDGE('',*,*,#1305,.F.);
#1686=ORIENTED_EDGE('',*,*,#1306,.F.);
#1687=ORIENTED_EDGE('',*,*,#1307,.T.);
#1688=ORIENTED_EDGE('',*,*,#1308,.T.);
#1689=ORIENTED_EDGE('',*,*,#1303,.F.);
#1690=ORIENTED_EDGE('',*,*,#1309,.F.);
#1691=ORIENTED_EDGE('',*,*,#1310,.T.);
#1692=ORIENTED_EDGE('',*,*,#1311,.T.);
#1693=ORIENTED_EDGE('',*,*,#1307,.F.);
#1694=ORIENTED_EDGE('',*,*,#1312,.F.);
#1695=ORIENTED_EDGE('',*,*,#1313,.T.);
#1696=ORIENTED_EDGE('',*,*,#1314,.T.);
#1697=ORIENTED_EDGE('',*,*,#1310,.F.);
#1698=ORIENTED_EDGE('',*,*,#1315,.F.);
#1699=ORIENTED_EDGE('',*,*,#1316,.T.);
#1700=ORIENTED_EDGE('',*,*,#1317,.T.);
#1701=ORIENTED_EDGE('',*,*,#1313,.F.);
#1702=ORIENTED_EDGE('',*,*,#1318,.F.);
#1703=ORIENTED_EDGE('',*,*,#1319,.T.);
#1704=ORIENTED_EDGE('',*,*,#1320,.T.);
#1705=ORIENTED_EDGE('',*,*,#1316,.F.);
#1706=ORIENTED_EDGE('',*,*,#1321,.F.);
#1707=ORIENTED_EDGE('',*,*,#1322,.T.);
#1708=ORIENTED_EDGE('',*,*,#1323,.T.);
#1709=ORIENTED_EDGE('',*,*,#1319,.F.);
#1710=ORIENTED_EDGE('',*,*,#1324,.F.);
#1711=ORIENTED_EDGE('',*,*,#1325,.T.);
#1712=ORIENTED_EDGE('',*,*,#1326,.T.);
#1713=ORIENTED_EDGE('',*,*,#1322,.F.);
#1714=ORIENTED_EDGE('',*,*,#1327,.F.);
#1715=ORIENTED_EDGE('',*,*,#1328,.T.);
#1716=ORIENTED_EDGE('',*,*,#1329,.T.);
#1717=ORIENTED_EDGE('',*,*,#1325,.F.);
#1718=ORIENTED_EDGE('',*,*,#1330,.F.);
#1719=ORIENTED_EDGE('',*,*,#1331,.T.);
#1720=ORIENTED_EDGE('',*,*,#1332,.T.);
#1721=ORIENTED_EDGE('',*,*,#1328,.F.);
#1722=ORIENTED_EDGE('',*,*,#1333,.F.);
#1723=ORIENTED_EDGE('',*,*,#1334,.T.);
#1724=ORIENTED_EDGE('',*,*,#1335,.T.);
#1725=ORIENTED_EDGE('',*,*,#1331,.F.);
#1726=ORIENTED_EDGE('',*,*,#1336,.F.);
#1727=ORIENTED_EDGE('',*,*,#1337,.T.);
#1728=ORIENTED_EDGE('',*,*,#1338,.T.);
#1729=ORIENTED_EDGE('',*,*,#1334,.F.);
#1730=ORIENTED_EDGE('',*,*,#1339,.F.);
#1731=ORIENTED_EDGE('',*,*,#1340,.T.);
#1732=ORIENTED_EDGE('',*,*,#1341,.T.);
#1733=ORIENTED_EDGE('',*,*,#1337,.F.);
#1734=ORIENTED_EDGE('',*,*,#1342,.F.);
#1735=ORIENTED_EDGE('',*,*,#1343,.T.);
#1736=ORIENTED_EDGE('',*,*,#1344,.T.);
#1737=ORIENTED_EDGE('',*,*,#1340,.F.);
#1738=ORIENTED_EDGE('',*,*,#1345,.F.);
#1739=ORIENTED_EDGE('',*,*,#1305,.T.);
#1740=ORIENTED_EDGE('',*,*,#1346,.T.);
#1741=ORIENTED_EDGE('',*,*,#1343,.F.);
#1742=ORIENTED_EDGE('',*,*,#1346,.F.);
#1743=ORIENTED_EDGE('',*,*,#1304,.F.);
#1744=ORIENTED_EDGE('',*,*,#1308,.F.);
#1745=ORIENTED_EDGE('',*,*,#1311,.F.);
#1746=ORIENTED_EDGE('',*,*,#1314,.F.);
#1747=ORIENTED_EDGE('',*,*,#1317,.F.);
#1748=ORIENTED_EDGE('',*,*,#1320,.F.);
#1749=ORIENTED_EDGE('',*,*,#1323,.F.);
#1750=ORIENTED_EDGE('',*,*,#1326,.F.);
#1751=ORIENTED_EDGE('',*,*,#1329,.F.);
#1752=ORIENTED_EDGE('',*,*,#1332,.F.);
#1753=ORIENTED_EDGE('',*,*,#1335,.F.);
#1754=ORIENTED_EDGE('',*,*,#1338,.F.);
#1755=ORIENTED_EDGE('',*,*,#1341,.F.);
#1756=ORIENTED_EDGE('',*,*,#1344,.F.);
#1757=ORIENTED_EDGE('',*,*,#1301,.F.);
#1758=ORIENTED_EDGE('',*,*,#1289,.F.);
#1759=ORIENTED_EDGE('',*,*,#1293,.F.);
#1760=ORIENTED_EDGE('',*,*,#1296,.F.);
#1761=ORIENTED_EDGE('',*,*,#1299,.F.);
#1762=ORIENTED_EDGE('',*,*,#1347,.F.);
#1763=ORIENTED_EDGE('',*,*,#1348,.T.);
#1764=ORIENTED_EDGE('',*,*,#1349,.T.);
#1765=ORIENTED_EDGE('',*,*,#1350,.F.);
#1766=ORIENTED_EDGE('',*,*,#1351,.F.);
#1767=ORIENTED_EDGE('',*,*,#1352,.T.);
#1768=ORIENTED_EDGE('',*,*,#1353,.T.);
#1769=ORIENTED_EDGE('',*,*,#1348,.F.);
#1770=ORIENTED_EDGE('',*,*,#1354,.F.);
#1771=ORIENTED_EDGE('',*,*,#1355,.T.);
#1772=ORIENTED_EDGE('',*,*,#1356,.T.);
#1773=ORIENTED_EDGE('',*,*,#1352,.F.);
#1774=ORIENTED_EDGE('',*,*,#1357,.F.);
#1775=ORIENTED_EDGE('',*,*,#1358,.T.);
#1776=ORIENTED_EDGE('',*,*,#1359,.T.);
#1777=ORIENTED_EDGE('',*,*,#1355,.F.);
#1778=ORIENTED_EDGE('',*,*,#1360,.F.);
#1779=ORIENTED_EDGE('',*,*,#1350,.T.);
#1780=ORIENTED_EDGE('',*,*,#1361,.T.);
#1781=ORIENTED_EDGE('',*,*,#1358,.F.);
#1782=ORIENTED_EDGE('',*,*,#1362,.F.);
#1783=ORIENTED_EDGE('',*,*,#1363,.T.);
#1784=ORIENTED_EDGE('',*,*,#1364,.T.);
#1785=ORIENTED_EDGE('',*,*,#1365,.F.);
#1786=ORIENTED_EDGE('',*,*,#1366,.F.);
#1787=ORIENTED_EDGE('',*,*,#1367,.T.);
#1788=ORIENTED_EDGE('',*,*,#1368,.T.);
#1789=ORIENTED_EDGE('',*,*,#1363,.F.);
#1790=ORIENTED_EDGE('',*,*,#1369,.F.);
#1791=ORIENTED_EDGE('',*,*,#1370,.T.);
#1792=ORIENTED_EDGE('',*,*,#1371,.T.);
#1793=ORIENTED_EDGE('',*,*,#1367,.F.);
#1794=ORIENTED_EDGE('',*,*,#1372,.F.);
#1795=ORIENTED_EDGE('',*,*,#1373,.T.);
#1796=ORIENTED_EDGE('',*,*,#1374,.T.);
#1797=ORIENTED_EDGE('',*,*,#1370,.F.);
#1798=ORIENTED_EDGE('',*,*,#1375,.F.);
#1799=ORIENTED_EDGE('',*,*,#1376,.T.);
#1800=ORIENTED_EDGE('',*,*,#1377,.T.);
#1801=ORIENTED_EDGE('',*,*,#1373,.F.);
#1802=ORIENTED_EDGE('',*,*,#1378,.F.);
#1803=ORIENTED_EDGE('',*,*,#1379,.T.);
#1804=ORIENTED_EDGE('',*,*,#1380,.T.);
#1805=ORIENTED_EDGE('',*,*,#1376,.F.);
#1806=ORIENTED_EDGE('',*,*,#1381,.F.);
#1807=ORIENTED_EDGE('',*,*,#1382,.T.);
#1808=ORIENTED_EDGE('',*,*,#1383,.T.);
#1809=ORIENTED_EDGE('',*,*,#1379,.F.);
#1810=ORIENTED_EDGE('',*,*,#1384,.F.);
#1811=ORIENTED_EDGE('',*,*,#1385,.T.);
#1812=ORIENTED_EDGE('',*,*,#1386,.T.);
#1813=ORIENTED_EDGE('',*,*,#1382,.F.);
#1814=ORIENTED_EDGE('',*,*,#1387,.F.);
#1815=ORIENTED_EDGE('',*,*,#1388,.T.);
#1816=ORIENTED_EDGE('',*,*,#1389,.T.);
#1817=ORIENTED_EDGE('',*,*,#1385,.F.);
#1818=ORIENTED_EDGE('',*,*,#1390,.F.);
#1819=ORIENTED_EDGE('',*,*,#1391,.T.);
#1820=ORIENTED_EDGE('',*,*,#1392,.T.);
#1821=ORIENTED_EDGE('',*,*,#1388,.F.);
#1822=ORIENTED_EDGE('',*,*,#1393,.F.);
#1823=ORIENTED_EDGE('',*,*,#1394,.T.);
#1824=ORIENTED_EDGE('',*,*,#1395,.T.);
#1825=ORIENTED_EDGE('',*,*,#1391,.F.);
#1826=ORIENTED_EDGE('',*,*,#1396,.F.);
#1827=ORIENTED_EDGE('',*,*,#1397,.T.);
#1828=ORIENTED_EDGE('',*,*,#1398,.T.);
#1829=ORIENTED_EDGE('',*,*,#1394,.F.);
#1830=ORIENTED_EDGE('',*,*,#1399,.F.);
#1831=ORIENTED_EDGE('',*,*,#1400,.T.);
#1832=ORIENTED_EDGE('',*,*,#1401,.T.);
#1833=ORIENTED_EDGE('',*,*,#1397,.F.);
#1834=ORIENTED_EDGE('',*,*,#1402,.F.);
#1835=ORIENTED_EDGE('',*,*,#1403,.T.);
#1836=ORIENTED_EDGE('',*,*,#1404,.T.);
#1837=ORIENTED_EDGE('',*,*,#1400,.F.);
#1838=ORIENTED_EDGE('',*,*,#1405,.F.);
#1839=ORIENTED_EDGE('',*,*,#1365,.T.);
#1840=ORIENTED_EDGE('',*,*,#1406,.T.);
#1841=ORIENTED_EDGE('',*,*,#1403,.F.);
#1842=ORIENTED_EDGE('',*,*,#1406,.F.);
#1843=ORIENTED_EDGE('',*,*,#1364,.F.);
#1844=ORIENTED_EDGE('',*,*,#1368,.F.);
#1845=ORIENTED_EDGE('',*,*,#1371,.F.);
#1846=ORIENTED_EDGE('',*,*,#1374,.F.);
#1847=ORIENTED_EDGE('',*,*,#1377,.F.);
#1848=ORIENTED_EDGE('',*,*,#1380,.F.);
#1849=ORIENTED_EDGE('',*,*,#1383,.F.);
#1850=ORIENTED_EDGE('',*,*,#1386,.F.);
#1851=ORIENTED_EDGE('',*,*,#1389,.F.);
#1852=ORIENTED_EDGE('',*,*,#1392,.F.);
#1853=ORIENTED_EDGE('',*,*,#1395,.F.);
#1854=ORIENTED_EDGE('',*,*,#1398,.F.);
#1855=ORIENTED_EDGE('',*,*,#1401,.F.);
#1856=ORIENTED_EDGE('',*,*,#1404,.F.);
#1857=ORIENTED_EDGE('',*,*,#1361,.F.);
#1858=ORIENTED_EDGE('',*,*,#1349,.F.);
#1859=ORIENTED_EDGE('',*,*,#1353,.F.);
#1860=ORIENTED_EDGE('',*,*,#1356,.F.);
#1861=ORIENTED_EDGE('',*,*,#1359,.F.);
#1862=ORIENTED_EDGE('',*,*,#1407,.F.);
#1863=ORIENTED_EDGE('',*,*,#1408,.T.);
#1864=ORIENTED_EDGE('',*,*,#1409,.T.);
#1865=ORIENTED_EDGE('',*,*,#1410,.F.);
#1866=ORIENTED_EDGE('',*,*,#1411,.F.);
#1867=ORIENTED_EDGE('',*,*,#1412,.T.);
#1868=ORIENTED_EDGE('',*,*,#1413,.T.);
#1869=ORIENTED_EDGE('',*,*,#1408,.F.);
#1870=ORIENTED_EDGE('',*,*,#1414,.F.);
#1871=ORIENTED_EDGE('',*,*,#1415,.T.);
#1872=ORIENTED_EDGE('',*,*,#1416,.T.);
#1873=ORIENTED_EDGE('',*,*,#1412,.F.);
#1874=ORIENTED_EDGE('',*,*,#1417,.F.);
#1875=ORIENTED_EDGE('',*,*,#1410,.T.);
#1876=ORIENTED_EDGE('',*,*,#1418,.T.);
#1877=ORIENTED_EDGE('',*,*,#1415,.F.);
#1878=ORIENTED_EDGE('',*,*,#1418,.F.);
#1879=ORIENTED_EDGE('',*,*,#1409,.F.);
#1880=ORIENTED_EDGE('',*,*,#1413,.F.);
#1881=ORIENTED_EDGE('',*,*,#1416,.F.);
#1882=ORIENTED_EDGE('',*,*,#1419,.F.);
#1883=ORIENTED_EDGE('',*,*,#1420,.T.);
#1884=ORIENTED_EDGE('',*,*,#1421,.T.);
#1885=ORIENTED_EDGE('',*,*,#1422,.F.);
#1886=ORIENTED_EDGE('',*,*,#1423,.F.);
#1887=ORIENTED_EDGE('',*,*,#1424,.T.);
#1888=ORIENTED_EDGE('',*,*,#1425,.T.);
#1889=ORIENTED_EDGE('',*,*,#1420,.F.);
#1890=ORIENTED_EDGE('',*,*,#1426,.F.);
#1891=ORIENTED_EDGE('',*,*,#1427,.T.);
#1892=ORIENTED_EDGE('',*,*,#1428,.T.);
#1893=ORIENTED_EDGE('',*,*,#1424,.F.);
#1894=ORIENTED_EDGE('',*,*,#1429,.F.);
#1895=ORIENTED_EDGE('',*,*,#1422,.T.);
#1896=ORIENTED_EDGE('',*,*,#1430,.T.);
#1897=ORIENTED_EDGE('',*,*,#1427,.F.);
#1898=ORIENTED_EDGE('',*,*,#1430,.F.);
#1899=ORIENTED_EDGE('',*,*,#1421,.F.);
#1900=ORIENTED_EDGE('',*,*,#1425,.F.);
#1901=ORIENTED_EDGE('',*,*,#1428,.F.);
#1902=ORIENTED_EDGE('',*,*,#1431,.F.);
#1903=ORIENTED_EDGE('',*,*,#1432,.T.);
#1904=ORIENTED_EDGE('',*,*,#1433,.T.);
#1905=ORIENTED_EDGE('',*,*,#1434,.F.);
#1906=ORIENTED_EDGE('',*,*,#1435,.F.);
#1907=ORIENTED_EDGE('',*,*,#1436,.T.);
#1908=ORIENTED_EDGE('',*,*,#1437,.T.);
#1909=ORIENTED_EDGE('',*,*,#1432,.F.);
#1910=ORIENTED_EDGE('',*,*,#1438,.F.);
#1911=ORIENTED_EDGE('',*,*,#1439,.T.);
#1912=ORIENTED_EDGE('',*,*,#1440,.T.);
#1913=ORIENTED_EDGE('',*,*,#1436,.F.);
#1914=ORIENTED_EDGE('',*,*,#1441,.F.);
#1915=ORIENTED_EDGE('',*,*,#1442,.T.);
#1916=ORIENTED_EDGE('',*,*,#1443,.T.);
#1917=ORIENTED_EDGE('',*,*,#1439,.F.);
#1918=ORIENTED_EDGE('',*,*,#1444,.F.);
#1919=ORIENTED_EDGE('',*,*,#1445,.T.);
#1920=ORIENTED_EDGE('',*,*,#1446,.T.);
#1921=ORIENTED_EDGE('',*,*,#1442,.F.);
#1922=ORIENTED_EDGE('',*,*,#1447,.F.);
#1923=ORIENTED_EDGE('',*,*,#1448,.T.);
#1924=ORIENTED_EDGE('',*,*,#1449,.T.);
#1925=ORIENTED_EDGE('',*,*,#1445,.F.);
#1926=ORIENTED_EDGE('',*,*,#1450,.F.);
#1927=ORIENTED_EDGE('',*,*,#1451,.T.);
#1928=ORIENTED_EDGE('',*,*,#1452,.T.);
#1929=ORIENTED_EDGE('',*,*,#1448,.F.);
#1930=ORIENTED_EDGE('',*,*,#1453,.F.);
#1931=ORIENTED_EDGE('',*,*,#1434,.T.);
#1932=ORIENTED_EDGE('',*,*,#1454,.T.);
#1933=ORIENTED_EDGE('',*,*,#1451,.F.);
#1934=ORIENTED_EDGE('',*,*,#1455,.F.);
#1935=ORIENTED_EDGE('',*,*,#1456,.T.);
#1936=ORIENTED_EDGE('',*,*,#1457,.T.);
#1937=ORIENTED_EDGE('',*,*,#1458,.F.);
#1938=ORIENTED_EDGE('',*,*,#1459,.F.);
#1939=ORIENTED_EDGE('',*,*,#1460,.T.);
#1940=ORIENTED_EDGE('',*,*,#1461,.T.);
#1941=ORIENTED_EDGE('',*,*,#1456,.F.);
#1942=ORIENTED_EDGE('',*,*,#1462,.F.);
#1943=ORIENTED_EDGE('',*,*,#1463,.T.);
#1944=ORIENTED_EDGE('',*,*,#1464,.T.);
#1945=ORIENTED_EDGE('',*,*,#1460,.F.);
#1946=ORIENTED_EDGE('',*,*,#1465,.F.);
#1947=ORIENTED_EDGE('',*,*,#1466,.T.);
#1948=ORIENTED_EDGE('',*,*,#1467,.T.);
#1949=ORIENTED_EDGE('',*,*,#1463,.F.);
#1950=ORIENTED_EDGE('',*,*,#1468,.F.);
#1951=ORIENTED_EDGE('',*,*,#1469,.T.);
#1952=ORIENTED_EDGE('',*,*,#1470,.T.);
#1953=ORIENTED_EDGE('',*,*,#1466,.F.);
#1954=ORIENTED_EDGE('',*,*,#1471,.F.);
#1955=ORIENTED_EDGE('',*,*,#1472,.T.);
#1956=ORIENTED_EDGE('',*,*,#1473,.T.);
#1957=ORIENTED_EDGE('',*,*,#1469,.F.);
#1958=ORIENTED_EDGE('',*,*,#1474,.F.);
#1959=ORIENTED_EDGE('',*,*,#1475,.T.);
#1960=ORIENTED_EDGE('',*,*,#1476,.T.);
#1961=ORIENTED_EDGE('',*,*,#1472,.F.);
#1962=ORIENTED_EDGE('',*,*,#1477,.F.);
#1963=ORIENTED_EDGE('',*,*,#1478,.T.);
#1964=ORIENTED_EDGE('',*,*,#1479,.T.);
#1965=ORIENTED_EDGE('',*,*,#1475,.F.);
#1966=ORIENTED_EDGE('',*,*,#1480,.F.);
#1967=ORIENTED_EDGE('',*,*,#1481,.T.);
#1968=ORIENTED_EDGE('',*,*,#1482,.T.);
#1969=ORIENTED_EDGE('',*,*,#1478,.F.);
#1970=ORIENTED_EDGE('',*,*,#1483,.F.);
#1971=ORIENTED_EDGE('',*,*,#1484,.T.);
#1972=ORIENTED_EDGE('',*,*,#1485,.T.);
#1973=ORIENTED_EDGE('',*,*,#1481,.F.);
#1974=ORIENTED_EDGE('',*,*,#1486,.F.);
#1975=ORIENTED_EDGE('',*,*,#1487,.T.);
#1976=ORIENTED_EDGE('',*,*,#1488,.T.);
#1977=ORIENTED_EDGE('',*,*,#1484,.F.);
#1978=ORIENTED_EDGE('',*,*,#1489,.F.);
#1979=ORIENTED_EDGE('',*,*,#1490,.T.);
#1980=ORIENTED_EDGE('',*,*,#1491,.T.);
#1981=ORIENTED_EDGE('',*,*,#1487,.F.);
#1982=ORIENTED_EDGE('',*,*,#1492,.F.);
#1983=ORIENTED_EDGE('',*,*,#1458,.T.);
#1984=ORIENTED_EDGE('',*,*,#1493,.T.);
#1985=ORIENTED_EDGE('',*,*,#1490,.F.);
#1986=ORIENTED_EDGE('',*,*,#1493,.F.);
#1987=ORIENTED_EDGE('',*,*,#1457,.F.);
#1988=ORIENTED_EDGE('',*,*,#1461,.F.);
#1989=ORIENTED_EDGE('',*,*,#1464,.F.);
#1990=ORIENTED_EDGE('',*,*,#1467,.F.);
#1991=ORIENTED_EDGE('',*,*,#1470,.F.);
#1992=ORIENTED_EDGE('',*,*,#1473,.F.);
#1993=ORIENTED_EDGE('',*,*,#1476,.F.);
#1994=ORIENTED_EDGE('',*,*,#1479,.F.);
#1995=ORIENTED_EDGE('',*,*,#1482,.F.);
#1996=ORIENTED_EDGE('',*,*,#1485,.F.);
#1997=ORIENTED_EDGE('',*,*,#1488,.F.);
#1998=ORIENTED_EDGE('',*,*,#1491,.F.);
#1999=ORIENTED_EDGE('',*,*,#1454,.F.);
#2000=ORIENTED_EDGE('',*,*,#1433,.F.);
#2001=ORIENTED_EDGE('',*,*,#1437,.F.);
#2002=ORIENTED_EDGE('',*,*,#1440,.F.);
#2003=ORIENTED_EDGE('',*,*,#1443,.F.);
#2004=ORIENTED_EDGE('',*,*,#1446,.F.);
#2005=ORIENTED_EDGE('',*,*,#1449,.F.);
#2006=ORIENTED_EDGE('',*,*,#1452,.F.);
#2007=ORIENTED_EDGE('',*,*,#1494,.F.);
#2008=ORIENTED_EDGE('',*,*,#1495,.T.);
#2009=ORIENTED_EDGE('',*,*,#1496,.T.);
#2010=ORIENTED_EDGE('',*,*,#1497,.F.);
#2011=ORIENTED_EDGE('',*,*,#1498,.F.);
#2012=ORIENTED_EDGE('',*,*,#1499,.T.);
#2013=ORIENTED_EDGE('',*,*,#1500,.T.);
#2014=ORIENTED_EDGE('',*,*,#1495,.F.);
#2015=ORIENTED_EDGE('',*,*,#1501,.F.);
#2016=ORIENTED_EDGE('',*,*,#1502,.T.);
#2017=ORIENTED_EDGE('',*,*,#1503,.T.);
#2018=ORIENTED_EDGE('',*,*,#1499,.F.);
#2019=ORIENTED_EDGE('',*,*,#1504,.F.);
#2020=ORIENTED_EDGE('',*,*,#1505,.T.);
#2021=ORIENTED_EDGE('',*,*,#1506,.T.);
#2022=ORIENTED_EDGE('',*,*,#1502,.F.);
#2023=ORIENTED_EDGE('',*,*,#1507,.F.);
#2024=ORIENTED_EDGE('',*,*,#1508,.T.);
#2025=ORIENTED_EDGE('',*,*,#1509,.T.);
#2026=ORIENTED_EDGE('',*,*,#1505,.F.);
#2027=ORIENTED_EDGE('',*,*,#1510,.F.);
#2028=ORIENTED_EDGE('',*,*,#1511,.T.);
#2029=ORIENTED_EDGE('',*,*,#1512,.T.);
#2030=ORIENTED_EDGE('',*,*,#1508,.F.);
#2031=ORIENTED_EDGE('',*,*,#1513,.F.);
#2032=ORIENTED_EDGE('',*,*,#1514,.T.);
#2033=ORIENTED_EDGE('',*,*,#1515,.T.);
#2034=ORIENTED_EDGE('',*,*,#1511,.F.);
#2035=ORIENTED_EDGE('',*,*,#1516,.F.);
#2036=ORIENTED_EDGE('',*,*,#1517,.T.);
#2037=ORIENTED_EDGE('',*,*,#1518,.T.);
#2038=ORIENTED_EDGE('',*,*,#1514,.F.);
#2039=ORIENTED_EDGE('',*,*,#1519,.F.);
#2040=ORIENTED_EDGE('',*,*,#1520,.T.);
#2041=ORIENTED_EDGE('',*,*,#1521,.T.);
#2042=ORIENTED_EDGE('',*,*,#1517,.F.);
#2043=ORIENTED_EDGE('',*,*,#1522,.F.);
#2044=ORIENTED_EDGE('',*,*,#1523,.T.);
#2045=ORIENTED_EDGE('',*,*,#1524,.T.);
#2046=ORIENTED_EDGE('',*,*,#1520,.F.);
#2047=ORIENTED_EDGE('',*,*,#1525,.F.);
#2048=ORIENTED_EDGE('',*,*,#1526,.T.);
#2049=ORIENTED_EDGE('',*,*,#1527,.T.);
#2050=ORIENTED_EDGE('',*,*,#1523,.F.);
#2051=ORIENTED_EDGE('',*,*,#1528,.F.);
#2052=ORIENTED_EDGE('',*,*,#1529,.T.);
#2053=ORIENTED_EDGE('',*,*,#1530,.T.);
#2054=ORIENTED_EDGE('',*,*,#1526,.F.);
#2055=ORIENTED_EDGE('',*,*,#1531,.F.);
#2056=ORIENTED_EDGE('',*,*,#1532,.T.);
#2057=ORIENTED_EDGE('',*,*,#1533,.T.);
#2058=ORIENTED_EDGE('',*,*,#1529,.F.);
#2059=ORIENTED_EDGE('',*,*,#1534,.F.);
#2060=ORIENTED_EDGE('',*,*,#1535,.T.);
#2061=ORIENTED_EDGE('',*,*,#1536,.T.);
#2062=ORIENTED_EDGE('',*,*,#1532,.F.);
#2063=ORIENTED_EDGE('',*,*,#1537,.F.);
#2064=ORIENTED_EDGE('',*,*,#1538,.T.);
#2065=ORIENTED_EDGE('',*,*,#1539,.T.);
#2066=ORIENTED_EDGE('',*,*,#1535,.F.);
#2067=ORIENTED_EDGE('',*,*,#1540,.F.);
#2068=ORIENTED_EDGE('',*,*,#1541,.T.);
#2069=ORIENTED_EDGE('',*,*,#1542,.T.);
#2070=ORIENTED_EDGE('',*,*,#1538,.F.);
#2071=ORIENTED_EDGE('',*,*,#1543,.F.);
#2072=ORIENTED_EDGE('',*,*,#1544,.T.);
#2073=ORIENTED_EDGE('',*,*,#1545,.T.);
#2074=ORIENTED_EDGE('',*,*,#1541,.F.);
#2075=ORIENTED_EDGE('',*,*,#1546,.F.);
#2076=ORIENTED_EDGE('',*,*,#1497,.T.);
#2077=ORIENTED_EDGE('',*,*,#1547,.T.);
#2078=ORIENTED_EDGE('',*,*,#1544,.F.);
#2079=ORIENTED_EDGE('',*,*,#1547,.F.);
#2080=ORIENTED_EDGE('',*,*,#1496,.F.);
#2081=ORIENTED_EDGE('',*,*,#1500,.F.);
#2082=ORIENTED_EDGE('',*,*,#1503,.F.);
#2083=ORIENTED_EDGE('',*,*,#1506,.F.);
#2084=ORIENTED_EDGE('',*,*,#1509,.F.);
#2085=ORIENTED_EDGE('',*,*,#1512,.F.);
#2086=ORIENTED_EDGE('',*,*,#1515,.F.);
#2087=ORIENTED_EDGE('',*,*,#1518,.F.);
#2088=ORIENTED_EDGE('',*,*,#1521,.F.);
#2089=ORIENTED_EDGE('',*,*,#1524,.F.);
#2090=ORIENTED_EDGE('',*,*,#1527,.F.);
#2091=ORIENTED_EDGE('',*,*,#1530,.F.);
#2092=ORIENTED_EDGE('',*,*,#1533,.F.);
#2093=ORIENTED_EDGE('',*,*,#1536,.F.);
#2094=ORIENTED_EDGE('',*,*,#1539,.F.);
#2095=ORIENTED_EDGE('',*,*,#1542,.F.);
#2096=ORIENTED_EDGE('',*,*,#1545,.F.);
#2097=ORIENTED_EDGE('',*,*,#1548,.F.);
#2098=ORIENTED_EDGE('',*,*,#1549,.T.);
#2099=ORIENTED_EDGE('',*,*,#1550,.T.);
#2100=ORIENTED_EDGE('',*,*,#1551,.F.);
#2101=ORIENTED_EDGE('',*,*,#1552,.F.);
#2102=ORIENTED_EDGE('',*,*,#1553,.T.);
#2103=ORIENTED_EDGE('',*,*,#1554,.T.);
#2104=ORIENTED_EDGE('',*,*,#1549,.F.);
#2105=ORIENTED_EDGE('',*,*,#1555,.F.);
#2106=ORIENTED_EDGE('',*,*,#1556,.T.);
#2107=ORIENTED_EDGE('',*,*,#1557,.T.);
#2108=ORIENTED_EDGE('',*,*,#1553,.F.);
#2109=ORIENTED_EDGE('',*,*,#1558,.F.);
#2110=ORIENTED_EDGE('',*,*,#1559,.T.);
#2111=ORIENTED_EDGE('',*,*,#1560,.T.);
#2112=ORIENTED_EDGE('',*,*,#1556,.F.);
#2113=ORIENTED_EDGE('',*,*,#1561,.F.);
#2114=ORIENTED_EDGE('',*,*,#1562,.T.);
#2115=ORIENTED_EDGE('',*,*,#1563,.T.);
#2116=ORIENTED_EDGE('',*,*,#1559,.F.);
#2117=ORIENTED_EDGE('',*,*,#1564,.F.);
#2118=ORIENTED_EDGE('',*,*,#1565,.T.);
#2119=ORIENTED_EDGE('',*,*,#1566,.T.);
#2120=ORIENTED_EDGE('',*,*,#1562,.F.);
#2121=ORIENTED_EDGE('',*,*,#1567,.F.);
#2122=ORIENTED_EDGE('',*,*,#1568,.T.);
#2123=ORIENTED_EDGE('',*,*,#1569,.T.);
#2124=ORIENTED_EDGE('',*,*,#1565,.F.);
#2125=ORIENTED_EDGE('',*,*,#1570,.F.);
#2126=ORIENTED_EDGE('',*,*,#1571,.T.);
#2127=ORIENTED_EDGE('',*,*,#1572,.T.);
#2128=ORIENTED_EDGE('',*,*,#1568,.F.);
#2129=ORIENTED_EDGE('',*,*,#1573,.F.);
#2130=ORIENTED_EDGE('',*,*,#1574,.T.);
#2131=ORIENTED_EDGE('',*,*,#1575,.T.);
#2132=ORIENTED_EDGE('',*,*,#1571,.F.);
#2133=ORIENTED_EDGE('',*,*,#1576,.F.);
#2134=ORIENTED_EDGE('',*,*,#1577,.T.);
#2135=ORIENTED_EDGE('',*,*,#1578,.T.);
#2136=ORIENTED_EDGE('',*,*,#1574,.F.);
#2137=ORIENTED_EDGE('',*,*,#1579,.F.);
#2138=ORIENTED_EDGE('',*,*,#1580,.T.);
#2139=ORIENTED_EDGE('',*,*,#1581,.T.);
#2140=ORIENTED_EDGE('',*,*,#1577,.F.);
#2141=ORIENTED_EDGE('',*,*,#1582,.F.);
#2142=ORIENTED_EDGE('',*,*,#1551,.T.);
#2143=ORIENTED_EDGE('',*,*,#1583,.T.);
#2144=ORIENTED_EDGE('',*,*,#1580,.F.);
#2145=ORIENTED_EDGE('',*,*,#1583,.F.);
#2146=ORIENTED_EDGE('',*,*,#1550,.F.);
#2147=ORIENTED_EDGE('',*,*,#1554,.F.);
#2148=ORIENTED_EDGE('',*,*,#1557,.F.);
#2149=ORIENTED_EDGE('',*,*,#1560,.F.);
#2150=ORIENTED_EDGE('',*,*,#1563,.F.);
#2151=ORIENTED_EDGE('',*,*,#1566,.F.);
#2152=ORIENTED_EDGE('',*,*,#1569,.F.);
#2153=ORIENTED_EDGE('',*,*,#1572,.F.);
#2154=ORIENTED_EDGE('',*,*,#1575,.F.);
#2155=ORIENTED_EDGE('',*,*,#1578,.F.);
#2156=ORIENTED_EDGE('',*,*,#1581,.F.);
#2157=ORIENTED_EDGE('',*,*,#1584,.F.);
#2158=ORIENTED_EDGE('',*,*,#1585,.T.);
#2159=ORIENTED_EDGE('',*,*,#1586,.F.);
#2160=ORIENTED_EDGE('',*,*,#1587,.F.);
#2161=ORIENTED_EDGE('',*,*,#1548,.T.);
#2162=ORIENTED_EDGE('',*,*,#1582,.T.);
#2163=ORIENTED_EDGE('',*,*,#1579,.T.);
#2164=ORIENTED_EDGE('',*,*,#1576,.T.);
#2165=ORIENTED_EDGE('',*,*,#1573,.T.);
#2166=ORIENTED_EDGE('',*,*,#1570,.T.);
#2167=ORIENTED_EDGE('',*,*,#1567,.T.);
#2168=ORIENTED_EDGE('',*,*,#1564,.T.);
#2169=ORIENTED_EDGE('',*,*,#1561,.T.);
#2170=ORIENTED_EDGE('',*,*,#1558,.T.);
#2171=ORIENTED_EDGE('',*,*,#1555,.T.);
#2172=ORIENTED_EDGE('',*,*,#1552,.T.);
#2173=ORIENTED_EDGE('',*,*,#1494,.T.);
#2174=ORIENTED_EDGE('',*,*,#1546,.T.);
#2175=ORIENTED_EDGE('',*,*,#1543,.T.);
#2176=ORIENTED_EDGE('',*,*,#1540,.T.);
#2177=ORIENTED_EDGE('',*,*,#1537,.T.);
#2178=ORIENTED_EDGE('',*,*,#1534,.T.);
#2179=ORIENTED_EDGE('',*,*,#1531,.T.);
#2180=ORIENTED_EDGE('',*,*,#1528,.T.);
#2181=ORIENTED_EDGE('',*,*,#1525,.T.);
#2182=ORIENTED_EDGE('',*,*,#1522,.T.);
#2183=ORIENTED_EDGE('',*,*,#1519,.T.);
#2184=ORIENTED_EDGE('',*,*,#1516,.T.);
#2185=ORIENTED_EDGE('',*,*,#1513,.T.);
#2186=ORIENTED_EDGE('',*,*,#1510,.T.);
#2187=ORIENTED_EDGE('',*,*,#1507,.T.);
#2188=ORIENTED_EDGE('',*,*,#1504,.T.);
#2189=ORIENTED_EDGE('',*,*,#1501,.T.);
#2190=ORIENTED_EDGE('',*,*,#1498,.T.);
#2191=ORIENTED_EDGE('',*,*,#1455,.T.);
#2192=ORIENTED_EDGE('',*,*,#1492,.T.);
#2193=ORIENTED_EDGE('',*,*,#1489,.T.);
#2194=ORIENTED_EDGE('',*,*,#1486,.T.);
#2195=ORIENTED_EDGE('',*,*,#1483,.T.);
#2196=ORIENTED_EDGE('',*,*,#1480,.T.);
#2197=ORIENTED_EDGE('',*,*,#1477,.T.);
#2198=ORIENTED_EDGE('',*,*,#1474,.T.);
#2199=ORIENTED_EDGE('',*,*,#1471,.T.);
#2200=ORIENTED_EDGE('',*,*,#1468,.T.);
#2201=ORIENTED_EDGE('',*,*,#1465,.T.);
#2202=ORIENTED_EDGE('',*,*,#1462,.T.);
#2203=ORIENTED_EDGE('',*,*,#1459,.T.);
#2204=ORIENTED_EDGE('',*,*,#1419,.T.);
#2205=ORIENTED_EDGE('',*,*,#1429,.T.);
#2206=ORIENTED_EDGE('',*,*,#1426,.T.);
#2207=ORIENTED_EDGE('',*,*,#1423,.T.);
#2208=ORIENTED_EDGE('',*,*,#1407,.T.);
#2209=ORIENTED_EDGE('',*,*,#1417,.T.);
#2210=ORIENTED_EDGE('',*,*,#1414,.T.);
#2211=ORIENTED_EDGE('',*,*,#1411,.T.);
#2212=ORIENTED_EDGE('',*,*,#1362,.T.);
#2213=ORIENTED_EDGE('',*,*,#1405,.T.);
#2214=ORIENTED_EDGE('',*,*,#1402,.T.);
#2215=ORIENTED_EDGE('',*,*,#1399,.T.);
#2216=ORIENTED_EDGE('',*,*,#1396,.T.);
#2217=ORIENTED_EDGE('',*,*,#1393,.T.);
#2218=ORIENTED_EDGE('',*,*,#1390,.T.);
#2219=ORIENTED_EDGE('',*,*,#1387,.T.);
#2220=ORIENTED_EDGE('',*,*,#1384,.T.);
#2221=ORIENTED_EDGE('',*,*,#1381,.T.);
#2222=ORIENTED_EDGE('',*,*,#1378,.T.);
#2223=ORIENTED_EDGE('',*,*,#1375,.T.);
#2224=ORIENTED_EDGE('',*,*,#1372,.T.);
#2225=ORIENTED_EDGE('',*,*,#1369,.T.);
#2226=ORIENTED_EDGE('',*,*,#1366,.T.);
#2227=ORIENTED_EDGE('',*,*,#1302,.T.);
#2228=ORIENTED_EDGE('',*,*,#1345,.T.);
#2229=ORIENTED_EDGE('',*,*,#1342,.T.);
#2230=ORIENTED_EDGE('',*,*,#1339,.T.);
#2231=ORIENTED_EDGE('',*,*,#1336,.T.);
#2232=ORIENTED_EDGE('',*,*,#1333,.T.);
#2233=ORIENTED_EDGE('',*,*,#1330,.T.);
#2234=ORIENTED_EDGE('',*,*,#1327,.T.);
#2235=ORIENTED_EDGE('',*,*,#1324,.T.);
#2236=ORIENTED_EDGE('',*,*,#1321,.T.);
#2237=ORIENTED_EDGE('',*,*,#1318,.T.);
#2238=ORIENTED_EDGE('',*,*,#1315,.T.);
#2239=ORIENTED_EDGE('',*,*,#1312,.T.);
#2240=ORIENTED_EDGE('',*,*,#1309,.T.);
#2241=ORIENTED_EDGE('',*,*,#1306,.T.);
#2242=ORIENTED_EDGE('',*,*,#1431,.T.);
#2243=ORIENTED_EDGE('',*,*,#1453,.T.);
#2244=ORIENTED_EDGE('',*,*,#1450,.T.);
#2245=ORIENTED_EDGE('',*,*,#1447,.T.);
#2246=ORIENTED_EDGE('',*,*,#1444,.T.);
#2247=ORIENTED_EDGE('',*,*,#1441,.T.);
#2248=ORIENTED_EDGE('',*,*,#1438,.T.);
#2249=ORIENTED_EDGE('',*,*,#1435,.T.);
#2250=ORIENTED_EDGE('',*,*,#1347,.T.);
#2251=ORIENTED_EDGE('',*,*,#1360,.T.);
#2252=ORIENTED_EDGE('',*,*,#1357,.T.);
#2253=ORIENTED_EDGE('',*,*,#1354,.T.);
#2254=ORIENTED_EDGE('',*,*,#1351,.T.);
#2255=ORIENTED_EDGE('',*,*,#1588,.F.);
#2256=ORIENTED_EDGE('',*,*,#1589,.F.);
#2257=ORIENTED_EDGE('',*,*,#1590,.T.);
#2258=ORIENTED_EDGE('',*,*,#1591,.F.);
#2259=ORIENTED_EDGE('',*,*,#1592,.F.);
#2260=ORIENTED_EDGE('',*,*,#1593,.F.);
#2261=ORIENTED_EDGE('',*,*,#1594,.T.);
#2262=ORIENTED_EDGE('',*,*,#1595,.F.);
#2263=ORIENTED_EDGE('',*,*,#1596,.F.);
#2264=ORIENTED_EDGE('',*,*,#1590,.F.);
#2265=ORIENTED_EDGE('',*,*,#1597,.F.);
#2266=ORIENTED_EDGE('',*,*,#1594,.F.);
#2267=ORIENTED_EDGE('',*,*,#1595,.T.);
#2268=ORIENTED_EDGE('',*,*,#1597,.T.);
#2269=ORIENTED_EDGE('',*,*,#1589,.T.);
#2270=ORIENTED_EDGE('',*,*,#1598,.F.);
#2271=ORIENTED_EDGE('',*,*,#1599,.F.);
#2272=ORIENTED_EDGE('',*,*,#1600,.T.);
#2273=ORIENTED_EDGE('',*,*,#1601,.F.);
#2274=ORIENTED_EDGE('',*,*,#1602,.F.);
#2275=ORIENTED_EDGE('',*,*,#1603,.T.);
#2276=ORIENTED_EDGE('',*,*,#1604,.T.);
#2277=ORIENTED_EDGE('',*,*,#1605,.T.);
#2278=ORIENTED_EDGE('',*,*,#1584,.T.);
#2279=ORIENTED_EDGE('',*,*,#1604,.F.);
#2280=ORIENTED_EDGE('',*,*,#1606,.F.);
#2281=ORIENTED_EDGE('',*,*,#1607,.F.);
#2282=ORIENTED_EDGE('',*,*,#1608,.T.);
#2283=ORIENTED_EDGE('',*,*,#1592,.T.);
#2284=ORIENTED_EDGE('',*,*,#1602,.T.);
#2285=ORIENTED_EDGE('',*,*,#1609,.F.);
#2286=ORIENTED_EDGE('',*,*,#1606,.T.);
#2287=ORIENTED_EDGE('',*,*,#1603,.F.);
#2288=ORIENTED_EDGE('',*,*,#1587,.T.);
#2289=ORIENTED_EDGE('',*,*,#1610,.F.);
#2290=ORIENTED_EDGE('',*,*,#1611,.T.);
#2291=ORIENTED_EDGE('',*,*,#1612,.F.);
#2292=ORIENTED_EDGE('',*,*,#1598,.T.);
#2293=ORIENTED_EDGE('',*,*,#1588,.T.);
#2294=ORIENTED_EDGE('',*,*,#1613,.T.);
#2295=ORIENTED_EDGE('',*,*,#1614,.T.);
#2296=ORIENTED_EDGE('',*,*,#1615,.T.);
#2297=ORIENTED_EDGE('',*,*,#1616,.T.);
#2298=ORIENTED_EDGE('',*,*,#1617,.T.);
#2299=ORIENTED_EDGE('',*,*,#1618,.T.);
#2300=ORIENTED_EDGE('',*,*,#1619,.T.);
#2301=ORIENTED_EDGE('',*,*,#1620,.T.);
#2302=ORIENTED_EDGE('',*,*,#1621,.T.);
#2303=ORIENTED_EDGE('',*,*,#1612,.T.);
#2304=ORIENTED_EDGE('',*,*,#1622,.T.);
#2305=ORIENTED_EDGE('',*,*,#1623,.T.);
#2306=ORIENTED_EDGE('',*,*,#1599,.T.);
#2307=ORIENTED_EDGE('',*,*,#1609,.T.);
#2308=ORIENTED_EDGE('',*,*,#1601,.T.);
#2309=ORIENTED_EDGE('',*,*,#1624,.T.);
#2310=ORIENTED_EDGE('',*,*,#1607,.T.);
#2311=ORIENTED_EDGE('',*,*,#1610,.T.);
#2312=ORIENTED_EDGE('',*,*,#1586,.T.);
#2313=ORIENTED_EDGE('',*,*,#1625,.T.);
#2314=ORIENTED_EDGE('',*,*,#1626,.T.);
#2315=ORIENTED_EDGE('',*,*,#1622,.F.);
#2316=ORIENTED_EDGE('',*,*,#1611,.F.);
#2317=ORIENTED_EDGE('',*,*,#1626,.F.);
#2318=ORIENTED_EDGE('',*,*,#1627,.T.);
#2319=ORIENTED_EDGE('',*,*,#1628,.F.);
#2320=ORIENTED_EDGE('',*,*,#1629,.T.);
#2321=ORIENTED_EDGE('',*,*,#1615,.F.);
#2322=ORIENTED_EDGE('',*,*,#1630,.F.);
#2323=ORIENTED_EDGE('',*,*,#1631,.F.);
#2324=ORIENTED_EDGE('',*,*,#1632,.T.);
#2325=ORIENTED_EDGE('',*,*,#1616,.F.);
#2326=ORIENTED_EDGE('',*,*,#1629,.F.);
#2327=ORIENTED_EDGE('',*,*,#1633,.T.);
#2328=ORIENTED_EDGE('',*,*,#1634,.T.);
#2329=ORIENTED_EDGE('',*,*,#1635,.T.);
#2330=ORIENTED_EDGE('',*,*,#1634,.F.);
#2331=ORIENTED_EDGE('',*,*,#1636,.T.);
#2332=ORIENTED_EDGE('',*,*,#1637,.T.);
#2333=ORIENTED_EDGE('',*,*,#1638,.T.);
#2334=ORIENTED_EDGE('',*,*,#1637,.F.);
#2335=ORIENTED_EDGE('',*,*,#1639,.T.);
#2336=ORIENTED_EDGE('',*,*,#1640,.T.);
#2337=ORIENTED_EDGE('',*,*,#1641,.T.);
#2338=ORIENTED_EDGE('',*,*,#1640,.F.);
#2339=ORIENTED_EDGE('',*,*,#1642,.T.);
#2340=ORIENTED_EDGE('',*,*,#1643,.T.);
#2341=ORIENTED_EDGE('',*,*,#1644,.T.);
#2342=ORIENTED_EDGE('',*,*,#1643,.F.);
#2343=ORIENTED_EDGE('',*,*,#1645,.F.);
#2344=ORIENTED_EDGE('',*,*,#1630,.T.);
#2345=ORIENTED_EDGE('',*,*,#1614,.F.);
#2346=ORIENTED_EDGE('',*,*,#1646,.F.);
#2347=ORIENTED_EDGE('',*,*,#1593,.T.);
#2348=ORIENTED_EDGE('',*,*,#1617,.F.);
#2349=ORIENTED_EDGE('',*,*,#1632,.F.);
#2350=ORIENTED_EDGE('',*,*,#1647,.F.);
#2351=ORIENTED_EDGE('',*,*,#1646,.T.);
#2352=ORIENTED_EDGE('',*,*,#1613,.F.);
#2353=ORIENTED_EDGE('',*,*,#1591,.T.);
#2354=ORIENTED_EDGE('',*,*,#1596,.T.);
#2355=ORIENTED_EDGE('',*,*,#1287,.T.);
#2356=ORIENTED_EDGE('',*,*,#1300,.T.);
#2357=ORIENTED_EDGE('',*,*,#1297,.T.);
#2358=ORIENTED_EDGE('',*,*,#1294,.T.);
#2359=ORIENTED_EDGE('',*,*,#1291,.T.);
#2360=ORIENTED_EDGE('',*,*,#1631,.T.);
#2361=ORIENTED_EDGE('',*,*,#1628,.T.);
#2362=ORIENTED_EDGE('',*,*,#1645,.T.);
#2363=ORIENTED_EDGE('',*,*,#1647,.T.);
#2364=ORIENTED_EDGE('',*,*,#1605,.F.);
#2365=ORIENTED_EDGE('',*,*,#1608,.F.);
#2366=ORIENTED_EDGE('',*,*,#1624,.F.);
#2367=ORIENTED_EDGE('',*,*,#1600,.F.);
#2368=ORIENTED_EDGE('',*,*,#1623,.F.);
#2369=ORIENTED_EDGE('',*,*,#1627,.F.);
#2370=ORIENTED_EDGE('',*,*,#1625,.F.);
#2371=ORIENTED_EDGE('',*,*,#1585,.F.);
#2372=ORIENTED_EDGE('',*,*,#1644,.F.);
#2373=ORIENTED_EDGE('',*,*,#1635,.F.);
#2374=ORIENTED_EDGE('',*,*,#1641,.F.);
#2375=ORIENTED_EDGE('',*,*,#1638,.F.);
#2376=ORIENTED_EDGE('',*,*,#1619,.F.);
#2377=ORIENTED_EDGE('',*,*,#1648,.T.);
#2378=ORIENTED_EDGE('',*,*,#1649,.T.);
#2379=ORIENTED_EDGE('',*,*,#1648,.F.);
#2380=ORIENTED_EDGE('',*,*,#1642,.F.);
#2381=ORIENTED_EDGE('',*,*,#1649,.F.);
#2382=ORIENTED_EDGE('',*,*,#1620,.F.);
#2383=ORIENTED_EDGE('',*,*,#1650,.T.);
#2384=ORIENTED_EDGE('',*,*,#1651,.T.);
#2385=ORIENTED_EDGE('',*,*,#1650,.F.);
#2386=ORIENTED_EDGE('',*,*,#1639,.F.);
#2387=ORIENTED_EDGE('',*,*,#1651,.F.);
#2388=ORIENTED_EDGE('',*,*,#1618,.F.);
#2389=ORIENTED_EDGE('',*,*,#1652,.T.);
#2390=ORIENTED_EDGE('',*,*,#1653,.T.);
#2391=ORIENTED_EDGE('',*,*,#1652,.F.);
#2392=ORIENTED_EDGE('',*,*,#1636,.F.);
#2393=ORIENTED_EDGE('',*,*,#1653,.F.);
#2394=ORIENTED_EDGE('',*,*,#1621,.F.);
#2395=ORIENTED_EDGE('',*,*,#1654,.T.);
#2396=ORIENTED_EDGE('',*,*,#1655,.T.);
#2397=ORIENTED_EDGE('',*,*,#1654,.F.);
#2398=ORIENTED_EDGE('',*,*,#1633,.F.);
#2399=ORIENTED_EDGE('',*,*,#1655,.F.);
#2400=ORIENTED_EDGE('',*,*,#1656,.F.);
#2401=ORIENTED_EDGE('',*,*,#1657,.T.);
#2402=ORIENTED_EDGE('',*,*,#1658,.T.);
#2403=ORIENTED_EDGE('',*,*,#1657,.F.);
#2404=ORIENTED_EDGE('',*,*,#1656,.T.);
#2405=ORIENTED_EDGE('',*,*,#1658,.F.);
#2406=ORIENTED_EDGE('',*,*,#1659,.F.);
#2407=ORIENTED_EDGE('',*,*,#1660,.T.);
#2408=ORIENTED_EDGE('',*,*,#1661,.T.);
#2409=ORIENTED_EDGE('',*,*,#1660,.F.);
#2410=ORIENTED_EDGE('',*,*,#1659,.T.);
#2411=ORIENTED_EDGE('',*,*,#1661,.F.);
#2412=B_SPLINE_SURFACE_WITH_KNOTS('',3,1,((#3186,#3187),(#3188,#3189),(#3190,
#3191),(#3192,#3193),(#3194,#3195)),.UNSPECIFIED.,.F.,.F.,.F.,(4,1,4),(2,
2),(0.,0.0593431126231942,0.117182255661451),(0.,0.02),.UNSPECIFIED.);
#2413=B_SPLINE_SURFACE_WITH_KNOTS('',3,1,((#3212,#3213),(#3214,#3215),(#3216,
#3217),(#3218,#3219),(#3220,#3221)),.UNSPECIFIED.,.F.,.F.,.F.,(4,1,4),(2,
2),(0.,0.0643790389294844,0.12932156618382),(0.,0.02),.UNSPECIFIED.);
#2414=B_SPLINE_SURFACE_WITH_KNOTS('',3,1,((#3235,#3236),(#3237,#3238),(#3239,
#3240),(#3241,#3242),(#3243,#3244)),.UNSPECIFIED.,.F.,.F.,.F.,(4,1,4),(2,
2),(0.,0.0611278147476909,0.109767373288695),(0.,0.02),.UNSPECIFIED.);
#2415=B_SPLINE_SURFACE_WITH_KNOTS('',3,1,((#3264,#3265),(#3266,#3267),(#3268,
#3269),(#3270,#3271),(#3272,#3273)),.UNSPECIFIED.,.F.,.F.,.F.,(4,1,4),(2,
2),(0.,0.0599149999210291,0.125435312211494),(0.,0.02),.UNSPECIFIED.);
#2416=B_SPLINE_SURFACE_WITH_KNOTS('',3,1,((#3284,#3285),(#3286,#3287),(#3288,
#3289),(#3290,#3291),(#3292,#3293)),.UNSPECIFIED.,.F.,.F.,.F.,(4,1,4),(2,
2),(0.,0.0474077250575415,0.091679500923928),(0.,0.02),.UNSPECIFIED.);
#2417=B_SPLINE_SURFACE_WITH_KNOTS('',3,1,((#3310,#3311),(#3312,#3313),(#3314,
#3315),(#3316,#3317),(#3318,#3319)),.UNSPECIFIED.,.F.,.F.,.F.,(4,1,4),(2,
2),(0.,0.0623750378629624,0.125913031344975),(0.,0.02),.UNSPECIFIED.);
#2418=B_SPLINE_SURFACE_WITH_KNOTS('',3,1,((#3333,#3334),(#3335,#3336),(#3337,
#3338),(#3339,#3340),(#3341,#3342)),.UNSPECIFIED.,.F.,.F.,.F.,(4,1,4),(2,
2),(0.,0.0804936180929701,0.14851441539466),(0.,0.02),.UNSPECIFIED.);
#2419=B_SPLINE_SURFACE_WITH_KNOTS('',3,1,((#3362,#3363),(#3364,#3365),(#3366,
#3367),(#3368,#3369),(#3370,#3371)),.UNSPECIFIED.,.F.,.F.,.F.,(4,1,4),(2,
2),(0.,0.0102327116313109,0.0245625155964035),(0.,0.02),.UNSPECIFIED.);
#2420=B_SPLINE_SURFACE_WITH_KNOTS('',3,1,((#3385,#3386),(#3387,#3388),(#3389,
#3390),(#3391,#3392),(#3393,#3394)),.UNSPECIFIED.,.F.,.F.,.F.,(4,1,4),(2,
2),(0.,0.103212984576014,0.223912096392686),(0.,0.02),.UNSPECIFIED.);
#2421=B_SPLINE_SURFACE_WITH_KNOTS('',3,1,((#3408,#3409),(#3410,#3411),(#3412,
#3413),(#3414,#3415),(#3416,#3417)),.UNSPECIFIED.,.F.,.F.,.F.,(4,1,4),(2,
2),(0.,0.100715929635197,0.197374871648676),(0.,0.02),.UNSPECIFIED.);
#2422=B_SPLINE_SURFACE_WITH_KNOTS('',3,1,((#3431,#3432),(#3433,#3434),(#3435,
#3436),(#3437,#3438),(#3439,#3440)),.UNSPECIFIED.,.F.,.F.,.F.,(4,1,4),(2,
2),(0.,0.0989952510606378,0.202799155865473),(0.,0.02),.UNSPECIFIED.);
#2423=B_SPLINE_SURFACE_WITH_KNOTS('',3,1,((#3454,#3455),(#3456,#3457),(#3458,
#3459),(#3460,#3461),(#3462,#3463)),.UNSPECIFIED.,.F.,.F.,.F.,(4,1,4),(2,
2),(0.,0.123032550509853,0.228372001063553),(0.,0.02),.UNSPECIFIED.);
#2424=B_SPLINE_SURFACE_WITH_KNOTS('',3,1,((#3477,#3478),(#3479,#3480),(#3481,
#3482),(#3483,#3484),(#3485,#3486)),.UNSPECIFIED.,.F.,.F.,.F.,(4,1,4),(2,
2),(0.,0.102566723595985,0.221585206792516),(0.,0.02),.UNSPECIFIED.);
#2425=B_SPLINE_SURFACE_WITH_KNOTS('',3,1,((#3500,#3501),(#3502,#3503),(#3504,
#3505),(#3506,#3507),(#3508,#3509)),.UNSPECIFIED.,.F.,.F.,.F.,(4,1,4),(2,
2),(0.,0.108424310406943,0.207340580954471),(0.,0.02),.UNSPECIFIED.);
#2426=B_SPLINE_SURFACE_WITH_KNOTS('',3,1,((#3523,#3524),(#3525,#3526),(#3527,
#3528),(#3529,#3530),(#3531,#3532)),.UNSPECIFIED.,.F.,.F.,.F.,(4,1,4),(2,
2),(0.,0.0774464486116193,0.164415577139251),(0.,0.02),.UNSPECIFIED.);
#2427=B_SPLINE_SURFACE_WITH_KNOTS('',3,1,((#3546,#3547),(#3548,#3549),(#3550,
#3551),(#3552,#3553),(#3554,#3555)),.UNSPECIFIED.,.F.,.F.,.F.,(4,1,4),(2,
2),(0.,0.0807125113169332,0.156193504054883),(0.,0.02),.UNSPECIFIED.);
#2428=B_SPLINE_SURFACE_WITH_KNOTS('',3,1,((#3575,#3576),(#3577,#3578),(#3579,
#3580),(#3581,#3582),(#3583,#3584)),.UNSPECIFIED.,.F.,.F.,.F.,(4,1,4),(2,
2),(0.,0.0471496846133838,0.103262980079132),(0.,0.02),.UNSPECIFIED.);
#2429=B_SPLINE_SURFACE_WITH_KNOTS('',3,1,((#3596,#3597),(#3598,#3599),(#3600,
#3601),(#3602,#3603),(#3604,#3605)),.UNSPECIFIED.,.F.,.F.,.F.,(4,1,4),(2,
2),(0.,0.0593430539799729,0.117182396041104),(0.,0.02),.UNSPECIFIED.);
#2430=B_SPLINE_SURFACE_WITH_KNOTS('',3,1,((#3622,#3623),(#3624,#3625),(#3626,
#3627),(#3628,#3629),(#3630,#3631)),.UNSPECIFIED.,.F.,.F.,.F.,(4,1,4),(2,
2),(0.,0.0643790389294844,0.12932156618382),(0.,0.02),.UNSPECIFIED.);
#2431=B_SPLINE_SURFACE_WITH_KNOTS('',3,1,((#3645,#3646),(#3647,#3648),(#3649,
#3650),(#3651,#3652),(#3653,#3654)),.UNSPECIFIED.,.F.,.F.,.F.,(4,1,4),(2,
2),(0.,0.0611278147476909,0.10976726044155),(0.,0.02),.UNSPECIFIED.);
#2432=B_SPLINE_SURFACE_WITH_KNOTS('',3,1,((#3674,#3675),(#3676,#3677),(#3678,
#3679),(#3680,#3681),(#3682,#3683)),.UNSPECIFIED.,.F.,.F.,.F.,(4,1,4),(2,
2),(0.,0.0599149331219104,0.125435245412375),(0.,0.02),.UNSPECIFIED.);
#2433=B_SPLINE_SURFACE_WITH_KNOTS('',3,1,((#3694,#3695),(#3696,#3697),(#3698,
#3699),(#3700,#3701),(#3702,#3703)),.UNSPECIFIED.,.F.,.F.,.F.,(4,1,4),(2,
2),(0.,0.0474077250575415,0.0916793945073212),(0.,0.02),.UNSPECIFIED.);
#2434=B_SPLINE_SURFACE_WITH_KNOTS('',3,1,((#3720,#3721),(#3722,#3723),(#3724,
#3725),(#3726,#3727),(#3728,#3729)),.UNSPECIFIED.,.F.,.F.,.F.,(4,1,4),(2,
2),(0.,0.0623750378629624,0.125913206997668),(0.,0.02),.UNSPECIFIED.);
#2435=B_SPLINE_SURFACE_WITH_KNOTS('',3,1,((#3743,#3744),(#3745,#3746),(#3747,
#3748),(#3749,#3750),(#3751,#3752)),.UNSPECIFIED.,.F.,.F.,.F.,(4,1,4),(2,
2),(0.,0.0804936068227577,0.148514404124447),(0.,0.02),.UNSPECIFIED.);
#2436=B_SPLINE_SURFACE_WITH_KNOTS('',3,1,((#3772,#3773),(#3774,#3775),(#3776,
#3777),(#3778,#3779),(#3780,#3781)),.UNSPECIFIED.,.F.,.F.,.F.,(4,1,4),(2,
2),(0.,0.010232710141858,0.0245625109151664),(0.,0.02),.UNSPECIFIED.);
#2437=B_SPLINE_SURFACE_WITH_KNOTS('',3,1,((#3795,#3796),(#3797,#3798),(#3799,
#3800),(#3801,#3802),(#3803,#3804)),.UNSPECIFIED.,.F.,.F.,.F.,(4,1,4),(2,
2),(0.,0.103212924748872,0.223912019512333),(0.,0.02),.UNSPECIFIED.);
#2438=B_SPLINE_SURFACE_WITH_KNOTS('',3,1,((#3818,#3819),(#3820,#3821),(#3822,
#3823),(#3824,#3825),(#3826,#3827)),.UNSPECIFIED.,.F.,.F.,.F.,(4,1,4),(2,
2),(0.,0.100715929635197,0.197374969130556),(0.,0.02),.UNSPECIFIED.);
#2439=B_SPLINE_SURFACE_WITH_KNOTS('',3,1,((#3841,#3842),(#3843,#3844),(#3845,
#3846),(#3847,#3848),(#3849,#3850)),.UNSPECIFIED.,.F.,.F.,.F.,(4,1,4),(2,
2),(0.,0.0989952510606378,0.202799155865473),(0.,0.02),.UNSPECIFIED.);
#2440=B_SPLINE_SURFACE_WITH_KNOTS('',3,1,((#3864,#3865),(#3866,#3867),(#3868,
#3869),(#3870,#3871),(#3872,#3873)),.UNSPECIFIED.,.F.,.F.,.F.,(4,1,4),(2,
2),(0.,0.12303256761144,0.22837195824307),(0.,0.02),.UNSPECIFIED.);
#2441=B_SPLINE_SURFACE_WITH_KNOTS('',3,1,((#3887,#3888),(#3889,#3890),(#3891,
#3892),(#3893,#3894),(#3895,#3896)),.UNSPECIFIED.,.F.,.F.,.F.,(4,1,4),(2,
2),(0.,0.102566693159488,0.221585176356019),(0.,0.02),.UNSPECIFIED.);
#2442=B_SPLINE_SURFACE_WITH_KNOTS('',3,1,((#3910,#3911),(#3912,#3913),(#3914,
#3915),(#3916,#3917),(#3918,#3919)),.UNSPECIFIED.,.F.,.F.,.F.,(4,1,4),(2,
2),(0.,0.108424369151426,0.207340689215821),(0.,0.02),.UNSPECIFIED.);
#2443=B_SPLINE_SURFACE_WITH_KNOTS('',3,1,((#3933,#3934),(#3935,#3936),(#3937,
#3938),(#3939,#3940),(#3941,#3942)),.UNSPECIFIED.,.F.,.F.,.F.,(4,1,4),(2,
2),(0.,0.0774463419090054,0.164415529516893),(0.,0.02),.UNSPECIFIED.);
#2444=B_SPLINE_SURFACE_WITH_KNOTS('',3,1,((#3956,#3957),(#3958,#3959),(#3960,
#3961),(#3962,#3963),(#3964,#3965)),.UNSPECIFIED.,.F.,.F.,.F.,(4,1,4),(2,
2),(0.,0.0807125113169332,0.156193585054799),(0.,0.02),.UNSPECIFIED.);
#2445=B_SPLINE_SURFACE_WITH_KNOTS('',3,1,((#3985,#3986),(#3987,#3988),(#3989,
#3990),(#3991,#3992),(#3993,#3994)),.UNSPECIFIED.,.F.,.F.,.F.,(4,1,4),(2,
2),(0.,0.0471496034476929,0.103263003794991),(0.,0.02),.UNSPECIFIED.);
#2446=B_SPLINE_SURFACE_WITH_KNOTS('',3,1,((#4056,#4057),(#4058,#4059),(#4060,
#4061),(#4062,#4063),(#4064,#4065)),.UNSPECIFIED.,.F.,.F.,.F.,(4,1,4),(2,
2),(0.,0.0577824030280399,0.11990660057437),(0.,0.02),.UNSPECIFIED.);
#2447=B_SPLINE_SURFACE_WITH_KNOTS('',3,1,((#4082,#4083),(#4084,#4085),(#4086,
#4087),(#4088,#4089),(#4090,#4091)),.UNSPECIFIED.,.F.,.F.,.F.,(4,1,4),(2,
2),(0.,0.0601355709641188,0.117007500154248),(0.,0.02),.UNSPECIFIED.);
#2448=B_SPLINE_SURFACE_WITH_KNOTS('',3,1,((#4105,#4106),(#4107,#4108),(#4109,
#4110),(#4111,#4112),(#4113,#4114)),.UNSPECIFIED.,.F.,.F.,.F.,(4,1,4),(2,
2),(0.,0.0930710732634871,0.165000000206691),(0.,0.02),.UNSPECIFIED.);
#2449=B_SPLINE_SURFACE_WITH_KNOTS('',3,1,((#4128,#4129),(#4130,#4131),(#4132,
#4133),(#4134,#4135),(#4136,#4137)),.UNSPECIFIED.,.F.,.F.,.F.,(4,1,4),(2,
2),(0.,0.0731571832686754,0.16481970961702),(0.,0.02),.UNSPECIFIED.);
#2450=B_SPLINE_SURFACE_WITH_KNOTS('',3,1,((#4151,#4152),(#4153,#4154),(#4155,
#4156),(#4157,#4158),(#4159,#4160)),.UNSPECIFIED.,.F.,.F.,.F.,(4,1,4),(2,
2),(0.,0.0577824165511222,0.119906576363531),(0.,0.02),.UNSPECIFIED.);
#2451=B_SPLINE_SURFACE_WITH_KNOTS('',3,1,((#4174,#4175),(#4176,#4177),(#4178,
#4179),(#4180,#4181),(#4182,#4183)),.UNSPECIFIED.,.F.,.F.,.F.,(4,1,4),(2,
2),(0.,0.0739041805360603,0.142746613930761),(0.,0.02),.UNSPECIFIED.);
#2452=B_SPLINE_SURFACE_WITH_KNOTS('',3,1,((#4197,#4198),(#4199,#4200),(#4201,
#4202),(#4203,#4204),(#4205,#4206)),.UNSPECIFIED.,.F.,.F.,.F.,(4,1,4),(2,
2),(0.,0.0844199769677696,0.144851659688033),(0.,0.02),.UNSPECIFIED.);
#2453=B_SPLINE_SURFACE_WITH_KNOTS('',3,1,((#4220,#4221),(#4222,#4223),(#4224,
#4225),(#4226,#4227),(#4228,#4229)),.UNSPECIFIED.,.F.,.F.,.F.,(4,1,4),(2,
2),(0.,0.0721316583682954,0.160366810992786),(0.,0.02),.UNSPECIFIED.);
#2454=B_SPLINE_SURFACE_WITH_KNOTS('',3,1,((#4240,#4241),(#4242,#4243),(#4244,
#4245),(#4246,#4247),(#4248,#4249)),.UNSPECIFIED.,.F.,.F.,.F.,(4,1,4),(2,
2),(0.,0.0881380666099477,0.176834226244318),(0.,0.02),.UNSPECIFIED.);
#2455=B_SPLINE_SURFACE_WITH_KNOTS('',3,1,((#4266,#4267),(#4268,#4269),(#4270,
#4271),(#4272,#4273),(#4274,#4275)),.UNSPECIFIED.,.F.,.F.,.F.,(4,1,4),(2,
2),(0.,0.0950803087568558,0.186865559946624),(0.,0.02),.UNSPECIFIED.);
#2456=B_SPLINE_SURFACE_WITH_KNOTS('',3,1,((#4289,#4290),(#4291,#4292),(#4293,
#4294),(#4295,#4296),(#4297,#4298)),.UNSPECIFIED.,.F.,.F.,.F.,(4,1,4),(2,
2),(0.,0.125004494200366,0.230660744665152),(0.,0.02),.UNSPECIFIED.);
#2457=B_SPLINE_SURFACE_WITH_KNOTS('',3,1,((#4312,#4313),(#4314,#4315),(#4316,
#4317),(#4318,#4319),(#4320,#4321)),.UNSPECIFIED.,.F.,.F.,.F.,(4,1,4),(2,
2),(0.,0.0548536776957476,0.112043265979691),(0.,0.02),.UNSPECIFIED.);
#2458=B_SPLINE_SURFACE_WITH_KNOTS('',3,1,((#4335,#4336),(#4337,#4338),(#4339,
#4340),(#4341,#4342),(#4343,#4344)),.UNSPECIFIED.,.F.,.F.,.F.,(4,1,4),(2,
2),(0.,0.0478797824267971,0.0995969204652233),(0.,0.02),.UNSPECIFIED.);
#2459=B_SPLINE_SURFACE_WITH_KNOTS('',3,1,((#4358,#4359),(#4360,#4361),(#4362,
#4363),(#4364,#4365),(#4366,#4367)),.UNSPECIFIED.,.F.,.F.,.F.,(4,1,4),(2,
2),(0.,0.0474885018720816,0.093703275442056),(0.,0.02),.UNSPECIFIED.);
#2460=B_SPLINE_SURFACE_WITH_KNOTS('',3,1,((#4381,#4382),(#4383,#4384),(#4385,
#4386),(#4387,#4388),(#4389,#4390)),.UNSPECIFIED.,.F.,.F.,.F.,(4,1,4),(2,
2),(0.,0.0490543947948299,0.0975890272344399),(0.,0.02),.UNSPECIFIED.);
#2461=B_SPLINE_SURFACE_WITH_KNOTS('',3,1,((#4404,#4405),(#4406,#4407),(#4408,
#4409),(#4410,#4411),(#4412,#4413)),.UNSPECIFIED.,.F.,.F.,.F.,(4,1,4),(2,
2),(0.,0.0861209516269924,0.170619052100852),(0.,0.02),.UNSPECIFIED.);
#2462=B_SPLINE_SURFACE_WITH_KNOTS('',3,1,((#4455,#4456),(#4457,#4458),(#4459,
#4460),(#4461,#4462),(#4463,#4464)),.UNSPECIFIED.,.F.,.F.,.F.,(4,1,4),(2,
2),(0.,0.0382596568550505,0.0795300468271599),(0.,0.02),.UNSPECIFIED.);
#2463=B_SPLINE_SURFACE_WITH_KNOTS('',3,1,((#4481,#4482),(#4483,#4484),(#4485,
#4486),(#4487,#4488),(#4489,#4490)),.UNSPECIFIED.,.F.,.F.,.F.,(4,1,4),(2,
2),(0.,0.047444867187257,0.0879584870883272),(0.,0.02),.UNSPECIFIED.);
#2464=B_SPLINE_SURFACE_WITH_KNOTS('',3,1,((#4504,#4505),(#4506,#4507),(#4508,
#4509),(#4510,#4511),(#4512,#4513)),.UNSPECIFIED.,.F.,.F.,.F.,(4,1,4),(2,
2),(0.,0.0811571804238938,0.133744978416935),(0.,0.02),.UNSPECIFIED.);
#2465=B_SPLINE_SURFACE_WITH_KNOTS('',3,1,((#4545,#4546),(#4547,#4548),(#4549,
#4550),(#4551,#4552),(#4553,#4554)),.UNSPECIFIED.,.F.,.F.,.F.,(4,1,4),(2,
2),(0.,0.0650396253472274,0.129509388350202),(0.,0.02),.UNSPECIFIED.);
#2466=B_SPLINE_SURFACE_WITH_KNOTS('',3,1,((#4568,#4569),(#4570,#4571),(#4572,
#4573),(#4574,#4575),(#4576,#4577)),.UNSPECIFIED.,.F.,.F.,.F.,(4,1,4),(2,
2),(0.,0.0648347203914517,0.131910603592487),(0.,0.02),.UNSPECIFIED.);
#2467=B_SPLINE_SURFACE_WITH_KNOTS('',3,1,((#4609,#4610),(#4611,#4612),(#4613,
#4614),(#4615,#4616),(#4617,#4618)),.UNSPECIFIED.,.F.,.F.,.F.,(4,1,4),(2,
2),(0.,0.0100316458558824,0.0239533327155709),(0.,0.02),.UNSPECIFIED.);
#2468=B_SPLINE_SURFACE_WITH_KNOTS('',3,1,((#4632,#4633),(#4634,#4635),(#4636,
#4637),(#4638,#4639),(#4640,#4641)),.UNSPECIFIED.,.F.,.F.,.F.,(4,1,4),(2,
2),(0.,0.0266032995797657,0.0741613350296872),(0.,0.02),.UNSPECIFIED.);
#2469=B_SPLINE_SURFACE_WITH_KNOTS('',3,1,((#4655,#4656),(#4657,#4658),(#4659,
#4660),(#4661,#4662),(#4663,#4664)),.UNSPECIFIED.,.F.,.F.,.F.,(4,1,4),(2,
2),(0.,0.0207721598705077,0.0419466468377247),(0.,0.02),.UNSPECIFIED.);
#2470=B_SPLINE_SURFACE_WITH_KNOTS('',3,1,((#4678,#4679),(#4680,#4681),(#4682,
#4683),(#4684,#4685),(#4686,#4687)),.UNSPECIFIED.,.F.,.F.,.F.,(4,1,4),(2,
2),(0.,0.0277443303717785,0.0505605749522987),(0.,0.02),.UNSPECIFIED.);
#2471=B_SPLINE_SURFACE_WITH_KNOTS('',3,1,((#4701,#4702),(#4703,#4704),(#4705,
#4706),(#4707,#4708),(#4709,#4710)),.UNSPECIFIED.,.F.,.F.,.F.,(4,1,4),(2,
2),(0.,0.0289247281772698,0.0534390128221494),(0.,0.02),.UNSPECIFIED.);
#2472=B_SPLINE_SURFACE_WITH_KNOTS('',3,1,((#4730,#4731),(#4732,#4733),(#4734,
#4735),(#4736,#4737),(#4738,#4739)),.UNSPECIFIED.,.F.,.F.,.F.,(4,1,4),(2,
2),(0.,0.0282780270591391,0.0606069379077447),(0.,0.02),.UNSPECIFIED.);
#2473=ADVANCED_FACE('',(#153),#2412,.F.);
#2474=ADVANCED_FACE('',(#154),#2413,.F.);
#2475=ADVANCED_FACE('',(#155),#2414,.F.);
#2476=ADVANCED_FACE('',(#156),#83,.F.);
#2477=ADVANCED_FACE('',(#157),#2415,.F.);
#2478=ADVANCED_FACE('',(#158),#2416,.F.);
#2479=ADVANCED_FACE('',(#159),#2417,.F.);
#2480=ADVANCED_FACE('',(#160),#2418,.F.);
#2481=ADVANCED_FACE('',(#161),#84,.F.);
#2482=ADVANCED_FACE('',(#162),#2419,.F.);
#2483=ADVANCED_FACE('',(#163),#2420,.F.);
#2484=ADVANCED_FACE('',(#164),#2421,.F.);
#2485=ADVANCED_FACE('',(#165),#2422,.F.);
#2486=ADVANCED_FACE('',(#166),#2423,.F.);
#2487=ADVANCED_FACE('',(#167),#2424,.F.);
#2488=ADVANCED_FACE('',(#168),#2425,.F.);
#2489=ADVANCED_FACE('',(#169),#2426,.F.);
#2490=ADVANCED_FACE('',(#170),#2427,.F.);
#2491=ADVANCED_FACE('',(#171),#85,.F.);
#2492=ADVANCED_FACE('',(#172),#2428,.F.);
#2493=ADVANCED_FACE('',(#173,#61),#86,.T.);
#2494=ADVANCED_FACE('',(#174),#2429,.F.);
#2495=ADVANCED_FACE('',(#175),#2430,.F.);
#2496=ADVANCED_FACE('',(#176),#2431,.F.);
#2497=ADVANCED_FACE('',(#177),#87,.F.);
#2498=ADVANCED_FACE('',(#178),#2432,.F.);
#2499=ADVANCED_FACE('',(#179),#2433,.F.);
#2500=ADVANCED_FACE('',(#180),#2434,.F.);
#2501=ADVANCED_FACE('',(#181),#2435,.F.);
#2502=ADVANCED_FACE('',(#182),#88,.F.);
#2503=ADVANCED_FACE('',(#183),#2436,.F.);
#2504=ADVANCED_FACE('',(#184),#2437,.F.);
#2505=ADVANCED_FACE('',(#185),#2438,.F.);
#2506=ADVANCED_FACE('',(#186),#2439,.F.);
#2507=ADVANCED_FACE('',(#187),#2440,.F.);
#2508=ADVANCED_FACE('',(#188),#2441,.F.);
#2509=ADVANCED_FACE('',(#189),#2442,.F.);
#2510=ADVANCED_FACE('',(#190),#2443,.F.);
#2511=ADVANCED_FACE('',(#191),#2444,.F.);
#2512=ADVANCED_FACE('',(#192),#89,.F.);
#2513=ADVANCED_FACE('',(#193),#2445,.F.);
#2514=ADVANCED_FACE('',(#194,#62),#90,.T.);
#2515=ADVANCED_FACE('',(#195),#91,.F.);
#2516=ADVANCED_FACE('',(#196),#92,.F.);
#2517=ADVANCED_FACE('',(#197),#93,.F.);
#2518=ADVANCED_FACE('',(#198),#94,.F.);
#2519=ADVANCED_FACE('',(#199),#95,.F.);
#2520=ADVANCED_FACE('',(#200),#96,.F.);
#2521=ADVANCED_FACE('',(#201),#97,.F.);
#2522=ADVANCED_FACE('',(#202),#98,.F.);
#2523=ADVANCED_FACE('',(#203),#99,.F.);
#2524=ADVANCED_FACE('',(#204),#100,.F.);
#2525=ADVANCED_FACE('',(#205),#2446,.F.);
#2526=ADVANCED_FACE('',(#206),#2447,.F.);
#2527=ADVANCED_FACE('',(#207),#2448,.F.);
#2528=ADVANCED_FACE('',(#208),#2449,.F.);
#2529=ADVANCED_FACE('',(#209),#2450,.F.);
#2530=ADVANCED_FACE('',(#210),#2451,.F.);
#2531=ADVANCED_FACE('',(#211),#2452,.F.);
#2532=ADVANCED_FACE('',(#212),#2453,.F.);
#2533=ADVANCED_FACE('',(#213),#2454,.F.);
#2534=ADVANCED_FACE('',(#214),#2455,.F.);
#2535=ADVANCED_FACE('',(#215),#2456,.F.);
#2536=ADVANCED_FACE('',(#216),#2457,.F.);
#2537=ADVANCED_FACE('',(#217),#2458,.F.);
#2538=ADVANCED_FACE('',(#218),#2459,.F.);
#2539=ADVANCED_FACE('',(#219),#2460,.F.);
#2540=ADVANCED_FACE('',(#220),#2461,.F.);
#2541=ADVANCED_FACE('',(#221),#101,.F.);
#2542=ADVANCED_FACE('',(#222),#102,.F.);
#2543=ADVANCED_FACE('',(#223),#103,.F.);
#2544=ADVANCED_FACE('',(#224),#104,.F.);
#2545=ADVANCED_FACE('',(#225),#105,.F.);
#2546=ADVANCED_FACE('',(#226,#63),#106,.T.);
#2547=ADVANCED_FACE('',(#227),#2462,.F.);
#2548=ADVANCED_FACE('',(#228),#2463,.F.);
#2549=ADVANCED_FACE('',(#229),#2464,.F.);
#2550=ADVANCED_FACE('',(#230),#107,.F.);
#2551=ADVANCED_FACE('',(#231),#108,.F.);
#2552=ADVANCED_FACE('',(#232),#109,.F.);
#2553=ADVANCED_FACE('',(#233),#2465,.F.);
#2554=ADVANCED_FACE('',(#234),#2466,.F.);
#2555=ADVANCED_FACE('',(#235),#110,.F.);
#2556=ADVANCED_FACE('',(#236),#111,.F.);
#2557=ADVANCED_FACE('',(#237),#112,.F.);
#2558=ADVANCED_FACE('',(#238),#2467,.F.);
#2559=ADVANCED_FACE('',(#239),#2468,.F.);
#2560=ADVANCED_FACE('',(#240),#2469,.F.);
#2561=ADVANCED_FACE('',(#241),#2470,.F.);
#2562=ADVANCED_FACE('',(#242),#2471,.F.);
#2563=ADVANCED_FACE('',(#243),#113,.F.);
#2564=ADVANCED_FACE('',(#244),#2472,.F.);
#2565=ADVANCED_FACE('',(#245),#114,.T.);
#2566=ADVANCED_FACE('',(#246),#115,.F.);
#2567=ADVANCED_FACE('',(#247),#116,.F.);
#2568=ADVANCED_FACE('',(#248),#117,.F.);
#2569=ADVANCED_FACE('',(#249),#118,.F.);
#2570=ADVANCED_FACE('',(#250),#119,.F.);
#2571=ADVANCED_FACE('',(#251),#120,.F.);
#2572=ADVANCED_FACE('',(#252),#121,.F.);
#2573=ADVANCED_FACE('',(#253),#122,.F.);
#2574=ADVANCED_FACE('',(#254),#123,.F.);
#2575=ADVANCED_FACE('',(#255),#124,.F.);
#2576=ADVANCED_FACE('',(#256),#125,.F.);
#2577=ADVANCED_FACE('',(#257),#126,.F.);
#2578=ADVANCED_FACE('',(#258),#127,.F.);
#2579=ADVANCED_FACE('',(#259,#64,#65,#66,#67,#68,#69,#70),#128,.T.);
#2580=ADVANCED_FACE('',(#260),#129,.T.);
#2581=ADVANCED_FACE('',(#261),#130,.T.);
#2582=ADVANCED_FACE('',(#262),#131,.F.);
#2583=ADVANCED_FACE('',(#263),#132,.F.);
#2584=ADVANCED_FACE('',(#264),#133,.F.);
#2585=ADVANCED_FACE('',(#265),#134,.T.);
#2586=ADVANCED_FACE('',(#266),#47,.T.);
#2587=ADVANCED_FACE('',(#267),#135,.T.);
#2588=ADVANCED_FACE('',(#268,#71,#72,#73,#74),#136,.T.);
#2589=ADVANCED_FACE('',(#269),#48,.T.);
#2590=ADVANCED_FACE('',(#270),#49,.T.);
#2591=ADVANCED_FACE('',(#271),#50,.T.);
#2592=ADVANCED_FACE('',(#272),#137,.T.);
#2593=ADVANCED_FACE('',(#273),#138,.T.);
#2594=ADVANCED_FACE('',(#274),#139,.T.);
#2595=ADVANCED_FACE('',(#275),#51,.F.);
#2596=ADVANCED_FACE('',(#276),#52,.F.);
#2597=ADVANCED_FACE('',(#277),#53,.F.);
#2598=ADVANCED_FACE('',(#278),#54,.F.);
#2599=ADVANCED_FACE('',(#279),#140,.T.);
#2600=ADVANCED_FACE('',(#280),#141,.T.);
#2601=ADVANCED_FACE('',(#281),#142,.T.);
#2602=ADVANCED_FACE('',(#282),#143,.T.);
#2603=ADVANCED_FACE('',(#283,#75,#76,#77,#78),#144,.F.);
#2604=ADVANCED_FACE('',(#284),#55,.F.);
#2605=ADVANCED_FACE('',(#285,#79),#145,.F.);
#2606=ADVANCED_FACE('',(#286),#56,.F.);
#2607=ADVANCED_FACE('',(#287,#80),#146,.F.);
#2608=ADVANCED_FACE('',(#288),#57,.F.);
#2609=ADVANCED_FACE('',(#289,#81),#147,.F.);
#2610=ADVANCED_FACE('',(#290),#58,.F.);
#2611=ADVANCED_FACE('',(#291,#82),#148,.F.);
#2612=ADVANCED_FACE('',(#292),#59,.T.);
#2613=ADVANCED_FACE('',(#293),#149,.T.);
#2614=ADVANCED_FACE('',(#294),#150,.F.);
#2615=ADVANCED_FACE('',(#295),#60,.T.);
#2616=ADVANCED_FACE('',(#296),#151,.T.);
#2617=ADVANCED_FACE('',(#297),#152,.F.);
#2618=CLOSED_SHELL('',(#2473,#2474,#2475,#2476,#2477,#2478,#2479,#2480,
#2481,#2482,#2483,#2484,#2485,#2486,#2487,#2488,#2489,#2490,#2491,#2492,
#2493,#2494,#2495,#2496,#2497,#2498,#2499,#2500,#2501,#2502,#2503,#2504,
#2505,#2506,#2507,#2508,#2509,#2510,#2511,#2512,#2513,#2514,#2515,#2516,
#2517,#2518,#2519,#2520,#2521,#2522,#2523,#2524,#2525,#2526,#2527,#2528,
#2529,#2530,#2531,#2532,#2533,#2534,#2535,#2536,#2537,#2538,#2539,#2540,
#2541,#2542,#2543,#2544,#2545,#2546,#2547,#2548,#2549,#2550,#2551,#2552,
#2553,#2554,#2555,#2556,#2557,#2558,#2559,#2560,#2561,#2562,#2563,#2564,
#2565,#2566,#2567,#2568,#2569,#2570,#2571,#2572,#2573,#2574,#2575,#2576,
#2577,#2578,#2579,#2580,#2581,#2582,#2583,#2584,#2585,#2586,#2587,#2588,
#2589,#2590,#2591,#2592,#2593,#2594,#2595,#2596,#2597,#2598,#2599,#2600,
#2601,#2602,#2603,#2604,#2605,#2606,#2607,#2608,#2609,#2610,#2611));
#2619=CLOSED_SHELL('',(#2612,#2613,#2614));
#2620=CLOSED_SHELL('',(#2615,#2616,#2617));
#2621=AXIS2_PLACEMENT_3D('',#3185,#2734,#2735);
#2622=AXIS2_PLACEMENT_3D('',#3258,#2740,#2741);
#2623=AXIS2_PLACEMENT_3D('',#3356,#2749,#2750);
#2624=AXIS2_PLACEMENT_3D('',#3569,#2763,#2764);
#2625=AXIS2_PLACEMENT_3D('',#3595,#2768,#2769);
#2626=AXIS2_PLACEMENT_3D('',#3668,#2774,#2775);
#2627=AXIS2_PLACEMENT_3D('',#3766,#2783,#2784);
#2628=AXIS2_PLACEMENT_3D('',#3979,#2797,#2798);
#2629=AXIS2_PLACEMENT_3D('',#4005,#2802,#2803);
#2630=AXIS2_PLACEMENT_3D('',#4006,#2804,#2805);
#2631=AXIS2_PLACEMENT_3D('',#4015,#2810,#2811);
#2632=AXIS2_PLACEMENT_3D('',#4021,#2815,#2816);
#2633=AXIS2_PLACEMENT_3D('',#4027,#2820,#2821);
#2634=AXIS2_PLACEMENT_3D('',#4030,#2824,#2825);
#2635=AXIS2_PLACEMENT_3D('',#4031,#2826,#2827);
#2636=AXIS2_PLACEMENT_3D('',#4040,#2832,#2833);
#2637=AXIS2_PLACEMENT_3D('',#4046,#2837,#2838);
#2638=AXIS2_PLACEMENT_3D('',#4052,#2842,#2843);
#2639=AXIS2_PLACEMENT_3D('',#4055,#2846,#2847);
#2640=AXIS2_PLACEMENT_3D('',#4427,#2865,#2866);
#2641=AXIS2_PLACEMENT_3D('',#4433,#2870,#2871);
#2642=AXIS2_PLACEMENT_3D('',#4439,#2875,#2876);
#2643=AXIS2_PLACEMENT_3D('',#4445,#2880,#2881);
#2644=AXIS2_PLACEMENT_3D('',#4451,#2885,#2886);
#2645=AXIS2_PLACEMENT_3D('',#4454,#2889,#2890);
#2646=AXIS2_PLACEMENT_3D('',#4527,#2895,#2896);
#2647=AXIS2_PLACEMENT_3D('',#4533,#2900,#2901);
#2648=AXIS2_PLACEMENT_3D('',#4539,#2905,#2906);
#2649=AXIS2_PLACEMENT_3D('',#4591,#2912,#2913);
#2650=AXIS2_PLACEMENT_3D('',#4597,#2917,#2918);
#2651=AXIS2_PLACEMENT_3D('',#4603,#2922,#2923);
#2652=AXIS2_PLACEMENT_3D('',#4724,#2932,#2933);
#2653=AXIS2_PLACEMENT_3D('',#4750,#2937,#2938);
#2654=AXIS2_PLACEMENT_3D('',#4751,#2939,#2940);
#2655=AXIS2_PLACEMENT_3D('',#4760,#2945,#2946);
#2656=AXIS2_PLACEMENT_3D('',#4766,#2950,#2951);
#2657=AXIS2_PLACEMENT_3D('',#4772,#2955,#2956);
#2658=AXIS2_PLACEMENT_3D('',#4778,#2960,#2961);
#2659=AXIS2_PLACEMENT_3D('',#4784,#2965,#2966);
#2660=AXIS2_PLACEMENT_3D('',#4790,#2970,#2971);
#2661=AXIS2_PLACEMENT_3D('',#4796,#2975,#2976);
#2662=AXIS2_PLACEMENT_3D('',#4802,#2980,#2981);
#2663=AXIS2_PLACEMENT_3D('',#4808,#2985,#2986);
#2664=AXIS2_PLACEMENT_3D('',#4814,#2990,#2991);
#2665=AXIS2_PLACEMENT_3D('',#4820,#2995,#2996);
#2666=AXIS2_PLACEMENT_3D('',#4823,#2999,#3000);
#2667=AXIS2_PLACEMENT_3D('',#4824,#3001,#3002);
#2668=AXIS2_PLACEMENT_3D('',#4833,#3007,#3008);
#2669=AXIS2_PLACEMENT_3D('',#4834,#3009,#3010);
#2670=AXIS2_PLACEMENT_3D('',#4835,#3011,#3012);
#2671=AXIS2_PLACEMENT_3D('',#4844,#3017,#3018);
#2672=AXIS2_PLACEMENT_3D('',#4853,#3023,#3024);
#2673=AXIS2_PLACEMENT_3D('',#4856,#3027,#3028);
#2674=AXIS2_PLACEMENT_3D('',#4866,#3034,#3035);
#2675=AXIS2_PLACEMENT_3D('',#4868,#3036,#3037);
#2676=AXIS2_PLACEMENT_3D('',#4871,#3039,#3040);
#2677=AXIS2_PLACEMENT_3D('',#4872,#3041,#3042);
#2678=AXIS2_PLACEMENT_3D('',#4878,#3046,#3047);
#2679=AXIS2_PLACEMENT_3D('',#4879,#3048,#3049);
#2680=AXIS2_PLACEMENT_3D('',#4881,#3050,#3051);
#2681=AXIS2_PLACEMENT_3D('',#4884,#3053,#3054);
#2682=AXIS2_PLACEMENT_3D('',#4895,#3060,#3061);
#2683=AXIS2_PLACEMENT_3D('',#4897,#3062,#3063);
#2684=AXIS2_PLACEMENT_3D('',#4899,#3064,#3065);
#2685=AXIS2_PLACEMENT_3D('',#4901,#3066,#3067);
#2686=AXIS2_PLACEMENT_3D('',#4902,#3068,#3069);
#2687=AXIS2_PLACEMENT_3D('',#4905,#3071,#3072);
#2688=AXIS2_PLACEMENT_3D('',#4906,#3073,#3074);
#2689=AXIS2_PLACEMENT_3D('',#4907,#3075,#3076);
#2690=AXIS2_PLACEMENT_3D('',#4908,#3077,#3078);
#2691=AXIS2_PLACEMENT_3D('',#4910,#3079,#3080);
#2692=AXIS2_PLACEMENT_3D('',#4912,#3082,#3083);
#2693=AXIS2_PLACEMENT_3D('',#4914,#3085,#3086);
#2694=AXIS2_PLACEMENT_3D('',#4920,#3090,#3091);
#2695=AXIS2_PLACEMENT_3D('',#4924,#3094,#3095);
#2696=AXIS2_PLACEMENT_3D('',#4926,#3096,#3097);
#2697=AXIS2_PLACEMENT_3D('',#4929,#3099,#3100);
#2698=AXIS2_PLACEMENT_3D('',#4930,#3101,#3102);
#2699=AXIS2_PLACEMENT_3D('',#4932,#3103,#3104);
#2700=AXIS2_PLACEMENT_3D('',#4935,#3106,#3107);
#2701=AXIS2_PLACEMENT_3D('',#4936,#3108,#3109);
#2702=AXIS2_PLACEMENT_3D('',#4938,#3110,#3111);
#2703=AXIS2_PLACEMENT_3D('',#4941,#3113,#3114);
#2704=AXIS2_PLACEMENT_3D('',#4942,#3115,#3116);
#2705=AXIS2_PLACEMENT_3D('',#4944,#3117,#3118);
#2706=AXIS2_PLACEMENT_3D('',#4947,#3120,#3121);
#2707=AXIS2_PLACEMENT_3D('',#4948,#3122,#3123);
#2708=AXIS2_PLACEMENT_3D('',#4952,#3126,#3127);
#2709=AXIS2_PLACEMENT_3D('',#4954,#3129,#3130);
#2710=AXIS2_PLACEMENT_3D('',#4955,#3131,#3132);
#2711=AXIS2_PLACEMENT_3D('',#4956,#3133,#3134);
#2712=AXIS2_PLACEMENT_3D('',#4957,#3135,#3136);
#2713=AXIS2_PLACEMENT_3D('',#4960,#3138,#3139);
#2714=AXIS2_PLACEMENT_3D('',#4961,#3140,#3141);
#2715=AXIS2_PLACEMENT_3D('',#4962,#3142,#3143);
#2716=AXIS2_PLACEMENT_3D('',#4965,#3145,#3146);
#2717=AXIS2_PLACEMENT_3D('',#4966,#3147,#3148);
#2718=AXIS2_PLACEMENT_3D('',#4967,#3149,#3150);
#2719=AXIS2_PLACEMENT_3D('',#4970,#3152,#3153);
#2720=AXIS2_PLACEMENT_3D('',#4971,#3154,#3155);
#2721=AXIS2_PLACEMENT_3D('',#4972,#3156,#3157);
#2722=AXIS2_PLACEMENT_3D('',#4975,#3159,#3160);
#2723=AXIS2_PLACEMENT_3D('',#4976,#3161,#3162);
#2724=AXIS2_PLACEMENT_3D('',#4977,#3163,#3164);
#2725=AXIS2_PLACEMENT_3D('',#4979,#3165,#3166);
#2726=AXIS2_PLACEMENT_3D('',#4982,#3168,#3169);
#2727=AXIS2_PLACEMENT_3D('',#4983,#3170,#3171);
#2728=AXIS2_PLACEMENT_3D('',#4984,#3172,#3173);
#2729=AXIS2_PLACEMENT_3D('',#4985,#3174,#3175);
#2730=AXIS2_PLACEMENT_3D('',#4987,#3176,#3177);
#2731=AXIS2_PLACEMENT_3D('',#4990,#3179,#3180);
#2732=AXIS2_PLACEMENT_3D('',#4991,#3181,#3182);
#2733=AXIS2_PLACEMENT_3D('',#4992,#3183,#3184);
#2734=DIRECTION('axis',(0.,0.,1.));
#2735=DIRECTION('refdir',(1.,0.,0.));
#2736=DIRECTION('',(0.,1.,0.));
#2737=DIRECTION('',(0.,1.,0.));
#2738=DIRECTION('',(0.,1.,0.));
#2739=DIRECTION('',(0.,1.,0.));
#2740=DIRECTION('center_axis',(0.00798621775562153,0.,0.999968109654483));
#2741=DIRECTION('ref_axis',(0.999968109654483,0.,-0.00798621775562153));
#2742=DIRECTION('',(0.999968109654483,0.,-0.00798621775562153));
#2743=DIRECTION('',(0.,1.,0.));
#2744=DIRECTION('',(0.999968109654483,0.,-0.00798621775562153));
#2745=DIRECTION('',(0.,1.,0.));
#2746=DIRECTION('',(0.,1.,0.));
#2747=DIRECTION('',(0.,1.,0.));
#2748=DIRECTION('',(0.,1.,0.));
#2749=DIRECTION('center_axis',(-0.00798621775562167,0.,-0.999968109654483));
#2750=DIRECTION('ref_axis',(-0.999968109654483,0.,0.00798621775562167));
#2751=DIRECTION('',(-0.999968109654483,0.,0.00798621775562167));
#2752=DIRECTION('',(0.,1.,0.));
#2753=DIRECTION('',(-0.999968109654483,0.,0.00798621775562167));
#2754=DIRECTION('',(0.,1.,0.));
#2755=DIRECTION('',(0.,1.,0.));
#2756=DIRECTION('',(0.,1.,0.));
#2757=DIRECTION('',(0.,1.,0.));
#2758=DIRECTION('',(0.,1.,0.));
#2759=DIRECTION('',(0.,1.,0.));
#2760=DIRECTION('',(0.,1.,0.));
#2761=DIRECTION('',(0.,1.,0.));
#2762=DIRECTION('',(0.,1.,0.));
#2763=DIRECTION('center_axis',(0.130643336911895,0.,0.991429431941843));
#2764=DIRECTION('ref_axis',(0.991429431941843,0.,-0.130643336911895));
#2765=DIRECTION('',(0.991429431941843,0.,-0.130643336911895));
#2766=DIRECTION('',(0.,1.,0.));
#2767=DIRECTION('',(0.991429431941843,0.,-0.130643336911895));
#2768=DIRECTION('center_axis',(0.,-1.,0.));
#2769=DIRECTION('ref_axis',(1.,0.,0.));
#2770=DIRECTION('',(0.,1.,0.));
#2771=DIRECTION('',(0.,1.,0.));
#2772=DIRECTION('',(0.,1.,0.));
#2773=DIRECTION('',(0.,1.,0.));
#2774=DIRECTION('center_axis',(0.00798621775562154,0.,0.999968109654483));
#2775=DIRECTION('ref_axis',(0.999968109654483,0.,-0.00798621775562154));
#2776=DIRECTION('',(0.999968109654483,0.,-0.00798621775562154));
#2777=DIRECTION('',(0.,1.,0.));
#2778=DIRECTION('',(0.999968109654483,0.,-0.00798621775562154));
#2779=DIRECTION('',(0.,1.,0.));
#2780=DIRECTION('',(0.,1.,0.));
#2781=DIRECTION('',(0.,1.,0.));
#2782=DIRECTION('',(0.,1.,0.));
#2783=DIRECTION('center_axis',(-0.00798621775562167,0.,-0.999968109654483));
#2784=DIRECTION('ref_axis',(-0.999968109654483,0.,0.00798621775562166));
#2785=DIRECTION('',(-0.999968109654483,0.,0.00798621775562166));
#2786=DIRECTION('',(0.,1.,0.));
#2787=DIRECTION('',(-0.999968109654483,0.,0.00798621775562166));
#2788=DIRECTION('',(0.,1.,0.));
#2789=DIRECTION('',(0.,1.,0.));
#2790=DIRECTION('',(0.,1.,0.));
#2791=DIRECTION('',(0.,1.,0.));
#2792=DIRECTION('',(0.,1.,0.));
#2793=DIRECTION('',(0.,1.,0.));
#2794=DIRECTION('',(0.,1.,0.));
#2795=DIRECTION('',(0.,1.,0.));
#2796=DIRECTION('',(0.,1.,0.));
#2797=DIRECTION('center_axis',(0.130643336911895,0.,0.991429431941843));
#2798=DIRECTION('ref_axis',(0.991429431941843,0.,-0.130643336911895));
#2799=DIRECTION('',(0.991429431941843,0.,-0.130643336911895));
#2800=DIRECTION('',(0.,1.,0.));
#2801=DIRECTION('',(0.991429431941843,0.,-0.130643336911895));
#2802=DIRECTION('center_axis',(0.,-1.,0.));
#2803=DIRECTION('ref_axis',(1.,0.,0.));
#2804=DIRECTION('center_axis',(0.999968109654614,0.,-0.00798621773925268));
#2805=DIRECTION('ref_axis',(-0.00798621773925268,0.,-0.999968109654614));
#2806=DIRECTION('',(-0.00798621773925268,0.,-0.999968109654614));
#2807=DIRECTION('',(0.,1.,0.));
#2808=DIRECTION('',(-0.00798621773925268,0.,-0.999968109654614));
#2809=DIRECTION('',(0.,1.,0.));
#2810=DIRECTION('center_axis',(0.00798621775562217,0.,0.999968109654483));
#2811=DIRECTION('ref_axis',(0.999968109654483,0.,-0.00798621775562216));
#2812=DIRECTION('',(0.999968109654483,0.,-0.00798621775562216));
#2813=DIRECTION('',(0.,1.,0.));
#2814=DIRECTION('',(0.999968109654483,0.,-0.00798621775562216));
#2815=DIRECTION('center_axis',(-0.999968109654614,0.,0.00798621773925267));
#2816=DIRECTION('ref_axis',(0.00798621773925267,0.,0.999968109654614));
#2817=DIRECTION('',(0.00798621773925267,0.,0.999968109654614));
#2818=DIRECTION('',(0.,1.,0.));
#2819=DIRECTION('',(0.00798621773925267,0.,0.999968109654614));
#2820=DIRECTION('center_axis',(-0.00798621775562217,0.,-0.999968109654483));
#2821=DIRECTION('ref_axis',(-0.999968109654483,0.,0.00798621775562216));
#2822=DIRECTION('',(-0.999968109654483,0.,0.00798621775562216));
#2823=DIRECTION('',(-0.999968109654483,0.,0.00798621775562216));
#2824=DIRECTION('center_axis',(0.,1.,0.));
#2825=DIRECTION('ref_axis',(0.,0.,1.));
#2826=DIRECTION('center_axis',(0.999968109654614,0.,-0.00798621773925356));
#2827=DIRECTION('ref_axis',(-0.00798621773925356,0.,-0.999968109654614));
#2828=DIRECTION('',(-0.00798621773925356,0.,-0.999968109654614));
#2829=DIRECTION('',(0.,1.,0.));
#2830=DIRECTION('',(-0.00798621773925356,0.,-0.999968109654614));
#2831=DIRECTION('',(0.,1.,0.));
#2832=DIRECTION('center_axis',(0.00798621775562217,0.,0.999968109654483));
#2833=DIRECTION('ref_axis',(0.999968109654483,0.,-0.00798621775562216));
#2834=DIRECTION('',(0.999968109654483,0.,-0.00798621775562216));
#2835=DIRECTION('',(0.,1.,0.));
#2836=DIRECTION('',(0.999968109654483,0.,-0.00798621775562216));
#2837=DIRECTION('center_axis',(-0.999968109654614,0.,0.00798621773925356));
#2838=DIRECTION('ref_axis',(0.00798621773925356,0.,0.999968109654614));
#2839=DIRECTION('',(0.00798621773925356,0.,0.999968109654614));
#2840=DIRECTION('',(0.,1.,0.));
#2841=DIRECTION('',(0.00798621773925356,0.,0.999968109654614));
#2842=DIRECTION('center_axis',(-0.00798621775562156,0.,-0.999968109654483));
#2843=DIRECTION('ref_axis',(-0.999968109654483,0.,0.00798621775562156));
#2844=DIRECTION('',(-0.999968109654483,0.,0.00798621775562156));
#2845=DIRECTION('',(-0.999968109654483,0.,0.00798621775562156));
#2846=DIRECTION('center_axis',(0.,1.,0.));
#2847=DIRECTION('ref_axis',(0.,0.,1.));
#2848=DIRECTION('',(0.,1.,0.));
#2849=DIRECTION('',(0.,1.,0.));
#2850=DIRECTION('',(0.,1.,0.));
#2851=DIRECTION('',(0.,1.,0.));
#2852=DIRECTION('',(0.,1.,0.));
#2853=DIRECTION('',(0.,1.,0.));
#2854=DIRECTION('',(0.,1.,0.));
#2855=DIRECTION('',(0.,1.,0.));
#2856=DIRECTION('',(0.,1.,0.));
#2857=DIRECTION('',(0.,1.,0.));
#2858=DIRECTION('',(0.,1.,0.));
#2859=DIRECTION('',(0.,1.,0.));
#2860=DIRECTION('',(0.,1.,0.));
#2861=DIRECTION('',(0.,1.,0.));
#2862=DIRECTION('',(0.,1.,0.));
#2863=DIRECTION('',(0.,1.,0.));
#2864=DIRECTION('',(0.,1.,0.));
#2865=DIRECTION('center_axis',(0.999968109654614,0.,-0.00798621773925347));
#2866=DIRECTION('ref_axis',(-0.00798621773925347,0.,-0.999968109654614));
#2867=DIRECTION('',(-0.00798621773925347,0.,-0.999968109654614));
#2868=DIRECTION('',(0.,1.,0.));
#2869=DIRECTION('',(-0.00798621773925347,0.,-0.999968109654614));
#2870=DIRECTION('center_axis',(0.00798621775562217,0.,0.999968109654483));
#2871=DIRECTION('ref_axis',(0.999968109654483,0.,-0.00798621775562216));
#2872=DIRECTION('',(0.999968109654483,0.,-0.00798621775562216));
#2873=DIRECTION('',(0.,1.,0.));
#2874=DIRECTION('',(0.999968109654483,0.,-0.00798621775562216));
#2875=DIRECTION('center_axis',(-0.999968109654614,0.,0.00798621773925342));
#2876=DIRECTION('ref_axis',(0.00798621773925342,0.,0.999968109654614));
#2877=DIRECTION('',(0.00798621773925342,0.,0.999968109654614));
#2878=DIRECTION('',(0.,1.,0.));
#2879=DIRECTION('',(0.00798621773925342,0.,0.999968109654614));
#2880=DIRECTION('center_axis',(-0.00798621775562178,0.,-0.999968109654483));
#2881=DIRECTION('ref_axis',(-0.999968109654483,0.,0.00798621775562177));
#2882=DIRECTION('',(-0.999968109654483,0.,0.00798621775562177));
#2883=DIRECTION('',(0.,1.,0.));
#2884=DIRECTION('',(-0.999968109654483,0.,0.00798621775562177));
#2885=DIRECTION('center_axis',(0.999968109654614,0.,-0.00798621773925378));
#2886=DIRECTION('ref_axis',(-0.00798621773925378,0.,-0.999968109654614));
#2887=DIRECTION('',(-0.00798621773925378,0.,-0.999968109654614));
#2888=DIRECTION('',(-0.00798621773925378,0.,-0.999968109654614));
#2889=DIRECTION('center_axis',(0.,-1.,0.));
#2890=DIRECTION('ref_axis',(1.,0.,0.));
#2891=DIRECTION('',(0.,1.,0.));
#2892=DIRECTION('',(0.,1.,0.));
#2893=DIRECTION('',(0.,1.,0.));
#2894=DIRECTION('',(0.,1.,0.));
#2895=DIRECTION('center_axis',(0.933785999536281,0.,-0.357831953673828));
#2896=DIRECTION('ref_axis',(-0.357831953673828,0.,-0.933785999536281));
#2897=DIRECTION('',(-0.357831953673828,0.,-0.933785999536281));
#2898=DIRECTION('',(0.,1.,0.));
#2899=DIRECTION('',(-0.357831953673828,0.,-0.933785999536281));
#2900=DIRECTION('center_axis',(0.00798621775562214,0.,0.999968109654483));
#2901=DIRECTION('ref_axis',(0.999968109654483,0.,-0.00798621775562214));
#2902=DIRECTION('',(0.999968109654483,0.,-0.00798621775562214));
#2903=DIRECTION('',(0.,1.,0.));
#2904=DIRECTION('',(0.999968109654483,0.,-0.00798621775562214));
#2905=DIRECTION('center_axis',(-0.93608034427454,0.,0.351786283221587));
#2906=DIRECTION('ref_axis',(0.351786283221587,0.,0.93608034427454));
#2907=DIRECTION('',(0.351786283221587,0.,0.93608034427454));
#2908=DIRECTION('',(0.,1.,0.));
#2909=DIRECTION('',(0.351786283221587,0.,0.93608034427454));
#2910=DIRECTION('',(0.,1.,0.));
#2911=DIRECTION('',(0.,1.,0.));
#2912=DIRECTION('center_axis',(0.943753085876378,0.,0.330651044000794));
#2913=DIRECTION('ref_axis',(0.330651044000794,0.,-0.943753085876378));
#2914=DIRECTION('',(0.330651044000794,0.,-0.943753085876378));
#2915=DIRECTION('',(0.,1.,0.));
#2916=DIRECTION('',(0.330651044000794,0.,-0.943753085876378));
#2917=DIRECTION('center_axis',(0.00798621775562148,0.,0.999968109654483));
#2918=DIRECTION('ref_axis',(0.999968109654483,0.,-0.00798621775562148));
#2919=DIRECTION('',(0.999968109654483,0.,-0.00798621775562148));
#2920=DIRECTION('',(0.,1.,0.));
#2921=DIRECTION('',(0.999968109654483,0.,-0.00798621775562148));
#2922=DIRECTION('center_axis',(-0.937967173015322,0.,-0.346724072348091));
#2923=DIRECTION('ref_axis',(-0.346724072348091,0.,0.937967173015322));
#2924=DIRECTION('',(-0.346724072348091,0.,0.937967173015322));
#2925=DIRECTION('',(0.,1.,0.));
#2926=DIRECTION('',(-0.346724072348091,0.,0.937967173015322));
#2927=DIRECTION('',(0.,1.,0.));
#2928=DIRECTION('',(0.,1.,0.));
#2929=DIRECTION('',(0.,1.,0.));
#2930=DIRECTION('',(0.,1.,0.));
#2931=DIRECTION('',(0.,1.,0.));
#2932=DIRECTION('center_axis',(-0.993976985416194,0.,-0.109589016160083));
#2933=DIRECTION('ref_axis',(-0.109589016160083,0.,0.993976985416194));
#2934=DIRECTION('',(-0.109589016160083,0.,0.993976985416194));
#2935=DIRECTION('',(0.,1.,0.));
#2936=DIRECTION('',(-0.109589016160083,0.,0.993976985416194));
#2937=DIRECTION('center_axis',(0.,-1.,0.));
#2938=DIRECTION('ref_axis',(1.,0.,0.));
#2939=DIRECTION('center_axis',(0.999968109654614,0.,-0.0079862177392534));
#2940=DIRECTION('ref_axis',(-0.0079862177392534,0.,-0.999968109654614));
#2941=DIRECTION('',(-0.0079862177392534,0.,-0.999968109654614));
#2942=DIRECTION('',(0.,1.,0.));
#2943=DIRECTION('',(-0.0079862177392534,0.,-0.999968109654614));
#2944=DIRECTION('',(0.,1.,0.));
#2945=DIRECTION('center_axis',(0.69235982350416,0.,-0.72155240613367));
#2946=DIRECTION('ref_axis',(-0.72155240613367,0.,-0.69235982350416));
#2947=DIRECTION('',(-0.72155240613367,0.,-0.69235982350416));
#2948=DIRECTION('',(0.,1.,0.));
#2949=DIRECTION('',(-0.72155240613367,0.,-0.69235982350416));
#2950=DIRECTION('center_axis',(-0.822452341206075,0.,-0.568834023634879));
#2951=DIRECTION('ref_axis',(-0.568834023634879,0.,0.822452341206075));
#2952=DIRECTION('',(-0.568834023634879,0.,0.822452341206075));
#2953=DIRECTION('',(0.,1.,0.));
#2954=DIRECTION('',(-0.568834023634879,0.,0.822452341206075));
#2955=DIRECTION('center_axis',(-0.00798621775562182,0.,-0.999968109654483));
#2956=DIRECTION('ref_axis',(-0.999968109654483,0.,0.00798621775562182));
#2957=DIRECTION('',(-0.999968109654483,0.,0.00798621775562182));
#2958=DIRECTION('',(0.,1.,0.));
#2959=DIRECTION('',(-0.999968109654483,0.,0.00798621775562182));
#2960=DIRECTION('center_axis',(0.809997104377757,0.,0.586433875982322));
#2961=DIRECTION('ref_axis',(0.586433875982322,0.,-0.809997104377757));
#2962=DIRECTION('',(0.586433875982322,0.,-0.809997104377757));
#2963=DIRECTION('',(0.,1.,0.));
#2964=DIRECTION('',(0.586433875982322,0.,-0.809997104377757));
#2965=DIRECTION('center_axis',(0.68895331176821,0.,-0.724805721696246));
#2966=DIRECTION('ref_axis',(-0.724805721696246,0.,-0.68895331176821));
#2967=DIRECTION('',(-0.724805721696246,0.,-0.68895331176821));
#2968=DIRECTION('',(0.,1.,0.));
#2969=DIRECTION('',(-0.724805721696246,0.,-0.68895331176821));
#2970=DIRECTION('center_axis',(0.00798621775562158,0.,0.999968109654483));
#2971=DIRECTION('ref_axis',(0.999968109654483,0.,-0.00798621775562158));
#2972=DIRECTION('',(0.999968109654483,0.,-0.00798621775562158));
#2973=DIRECTION('',(0.,1.,0.));
#2974=DIRECTION('',(0.999968109654483,0.,-0.00798621775562158));
#2975=DIRECTION('center_axis',(-0.700947116498158,0.,0.713213249928041));
#2976=DIRECTION('ref_axis',(0.713213249928041,0.,0.700947116498158));
#2977=DIRECTION('',(0.713213249928041,0.,0.700947116498158));
#2978=DIRECTION('',(0.,1.,0.));
#2979=DIRECTION('',(0.713213249928041,0.,0.700947116498158));
#2980=DIRECTION('center_axis',(0.999968109654614,0.,-0.00798621773925337));
#2981=DIRECTION('ref_axis',(-0.00798621773925337,0.,-0.999968109654614));
#2982=DIRECTION('',(-0.00798621773925337,0.,-0.999968109654614));
#2983=DIRECTION('',(0.,1.,0.));
#2984=DIRECTION('',(-0.00798621773925337,0.,-0.999968109654614));
#2985=DIRECTION('center_axis',(0.00798621775562149,0.,0.999968109654483));
#2986=DIRECTION('ref_axis',(0.999968109654483,0.,-0.00798621775562149));
#2987=DIRECTION('',(0.999968109654483,0.,-0.00798621775562149));
#2988=DIRECTION('',(0.,1.,0.));
#2989=DIRECTION('',(0.999968109654483,0.,-0.00798621775562149));
#2990=DIRECTION('center_axis',(-0.999968109654614,0.,0.00798621773925334));
#2991=DIRECTION('ref_axis',(0.00798621773925334,0.,0.999968109654614));
#2992=DIRECTION('',(0.00798621773925334,0.,0.999968109654614));
#2993=DIRECTION('',(0.,1.,0.));
#2994=DIRECTION('',(0.00798621773925334,0.,0.999968109654614));
#2995=DIRECTION('center_axis',(-0.00798621775562149,0.,-0.999968109654483));
#2996=DIRECTION('ref_axis',(-0.999968109654483,0.,0.00798621775562149));
#2997=DIRECTION('',(-0.999968109654483,0.,0.00798621775562149));
#2998=DIRECTION('',(-0.999968109654483,0.,0.00798621775562149));
#2999=DIRECTION('center_axis',(0.,1.,0.));
#3000=DIRECTION('ref_axis',(0.,0.,1.));
#3001=DIRECTION('center_axis',(0.,-1.,0.));
#3002=DIRECTION('ref_axis',(1.,0.,0.));
#3003=DIRECTION('',(0.,0.,1.));
#3004=DIRECTION('',(1.,0.,0.));
#3005=DIRECTION('',(0.,0.,-1.));
#3006=DIRECTION('',(1.,0.,0.));
#3007=DIRECTION('center_axis',(0.,-1.,0.));
#3008=DIRECTION('ref_axis',(1.,0.,0.));
#3009=DIRECTION('center_axis',(0.,-1.,0.));
#3010=DIRECTION('ref_axis',(1.,0.,0.));
#3011=DIRECTION('center_axis',(1.,0.,0.));
#3012=DIRECTION('ref_axis',(0.,-1.,0.));
#3013=DIRECTION('',(0.,-1.,0.));
#3014=DIRECTION('',(0.,0.,1.));
#3015=DIRECTION('',(0.,-1.,0.));
#3016=DIRECTION('',(0.,0.,-1.));
#3017=DIRECTION('center_axis',(-1.,0.,0.));
#3018=DIRECTION('ref_axis',(0.,1.,0.));
#3019=DIRECTION('',(0.,1.,0.));
#3020=DIRECTION('',(0.,0.,1.));
#3021=DIRECTION('',(0.,1.,0.));
#3022=DIRECTION('',(0.,0.,-1.));
#3023=DIRECTION('center_axis',(0.,0.,-1.));
#3024=DIRECTION('ref_axis',(-1.,0.,0.));
#3025=DIRECTION('',(-1.,0.,0.));
#3026=DIRECTION('',(1.,0.,0.));
#3027=DIRECTION('center_axis',(0.,1.,0.));
#3028=DIRECTION('ref_axis',(-1.,0.,0.));
#3029=DIRECTION('',(-1.,0.,0.));
#3030=DIRECTION('',(0.,0.,1.));
#3031=DIRECTION('',(-1.,0.,0.));
#3032=DIRECTION('',(0.,0.,-1.));
#3033=DIRECTION('',(-1.,0.,0.));
#3034=DIRECTION('center_axis',(0.,0.,1.));
#3035=DIRECTION('ref_axis',(-0.707106781186547,-0.707106781186547,0.));
#3036=DIRECTION('center_axis',(0.,0.,-1.));
#3037=DIRECTION('ref_axis',(-0.707106781186547,-0.707106781186547,0.));
#3038=DIRECTION('',(0.,0.,-1.));
#3039=DIRECTION('center_axis',(0.,0.,1.));
#3040=DIRECTION('ref_axis',(-0.707106781186547,-0.707106781186547,0.));
#3041=DIRECTION('center_axis',(-1.,0.,0.));
#3042=DIRECTION('ref_axis',(0.,-1.,0.));
#3043=DIRECTION('',(0.,-1.,0.));
#3044=DIRECTION('',(0.,0.,1.));
#3045=DIRECTION('',(0.,-1.,0.));
#3046=DIRECTION('center_axis',(0.,0.,1.));
#3047=DIRECTION('ref_axis',(1.,0.,0.));
#3048=DIRECTION('center_axis',(0.,0.,-1.));
#3049=DIRECTION('ref_axis',(-0.707106781186547,0.707106781186547,0.));
#3050=DIRECTION('center_axis',(0.,0.,-1.));
#3051=DIRECTION('ref_axis',(0.707106781186547,-0.707106781186547,0.));
#3052=DIRECTION('',(0.,1.,0.));
#3053=DIRECTION('center_axis',(0.,0.,-1.));
#3054=DIRECTION('ref_axis',(0.707106781186547,0.707106781186547,0.));
#3055=DIRECTION('',(1.,0.,0.));
#3056=DIRECTION('',(0.,-1.,0.));
#3057=DIRECTION('',(-1.,0.,0.));
#3058=DIRECTION('',(0.,1.,0.));
#3059=DIRECTION('',(1.,0.,0.));
#3060=DIRECTION('center_axis',(0.,0.,-1.));
#3061=DIRECTION('ref_axis',(1.,0.,0.));
#3062=DIRECTION('center_axis',(0.,0.,-1.));
#3063=DIRECTION('ref_axis',(1.,0.,0.));
#3064=DIRECTION('center_axis',(0.,0.,-1.));
#3065=DIRECTION('ref_axis',(1.,0.,0.));
#3066=DIRECTION('center_axis',(0.,0.,-1.));
#3067=DIRECTION('ref_axis',(1.,0.,0.));
#3068=DIRECTION('center_axis',(0.,0.,1.));
#3069=DIRECTION('ref_axis',(0.707106781186547,0.707106781186547,0.));
#3070=DIRECTION('',(0.,0.,-1.));
#3071=DIRECTION('center_axis',(0.,0.,1.));
#3072=DIRECTION('ref_axis',(0.707106781186547,0.707106781186547,0.));
#3073=DIRECTION('center_axis',(0.,0.,1.));
#3074=DIRECTION('ref_axis',(-0.707106781186547,0.707106781186547,0.));
#3075=DIRECTION('center_axis',(0.,0.,1.));
#3076=DIRECTION('ref_axis',(-0.707106781186547,0.707106781186547,0.));
#3077=DIRECTION('center_axis',(0.,0.,1.));
#3078=DIRECTION('ref_axis',(0.707106781186547,-0.707106781186547,0.));
#3079=DIRECTION('center_axis',(0.,0.,1.));
#3080=DIRECTION('ref_axis',(0.707106781186547,-0.707106781186547,0.));
#3081=DIRECTION('',(0.,0.,1.));
#3082=DIRECTION('center_axis',(1.,0.,0.));
#3083=DIRECTION('ref_axis',(0.,1.,0.));
#3084=DIRECTION('',(0.,1.,0.));
#3085=DIRECTION('center_axis',(0.,1.,0.));
#3086=DIRECTION('ref_axis',(-1.,0.,0.));
#3087=DIRECTION('',(1.,0.,0.));
#3088=DIRECTION('',(0.,0.,1.));
#3089=DIRECTION('',(0.,0.,1.));
#3090=DIRECTION('center_axis',(1.,0.,0.));
#3091=DIRECTION('ref_axis',(0.,1.,0.));
#3092=DIRECTION('',(0.,-1.,0.));
#3093=DIRECTION('',(0.,0.,1.));
#3094=DIRECTION('center_axis',(0.,0.,1.));
#3095=DIRECTION('ref_axis',(1.,0.,0.));
#3096=DIRECTION('center_axis',(0.,0.,1.));
#3097=DIRECTION('ref_axis',(1.,0.,0.));
#3098=DIRECTION('',(0.,0.,-1.));
#3099=DIRECTION('center_axis',(0.,0.,-1.));
#3100=DIRECTION('ref_axis',(1.,0.,0.));
#3101=DIRECTION('center_axis',(0.,0.,1.));
#3102=DIRECTION('ref_axis',(1.,0.,0.));
#3103=DIRECTION('center_axis',(0.,0.,1.));
#3104=DIRECTION('ref_axis',(1.,0.,0.));
#3105=DIRECTION('',(0.,0.,-1.));
#3106=DIRECTION('center_axis',(0.,0.,-1.));
#3107=DIRECTION('ref_axis',(1.,0.,0.));
#3108=DIRECTION('center_axis',(0.,0.,1.));
#3109=DIRECTION('ref_axis',(1.,0.,0.));
#3110=DIRECTION('center_axis',(0.,0.,1.));
#3111=DIRECTION('ref_axis',(1.,0.,0.));
#3112=DIRECTION('',(0.,0.,-1.));
#3113=DIRECTION('center_axis',(0.,0.,-1.));
#3114=DIRECTION('ref_axis',(1.,0.,0.));
#3115=DIRECTION('center_axis',(0.,0.,1.));
#3116=DIRECTION('ref_axis',(1.,0.,0.));
#3117=DIRECTION('center_axis',(0.,0.,1.));
#3118=DIRECTION('ref_axis',(1.,0.,0.));
#3119=DIRECTION('',(0.,0.,-1.));
#3120=DIRECTION('center_axis',(0.,0.,-1.));
#3121=DIRECTION('ref_axis',(1.,0.,0.));
#3122=DIRECTION('center_axis',(-1.,0.,0.));
#3123=DIRECTION('ref_axis',(0.,-1.,0.));
#3124=DIRECTION('',(0.,1.,0.));
#3125=DIRECTION('',(0.,0.,1.));
#3126=DIRECTION('center_axis',(0.,-1.,0.));
#3127=DIRECTION('ref_axis',(1.,0.,0.));
#3128=DIRECTION('',(-1.,0.,0.));
#3129=DIRECTION('center_axis',(0.,-1.,0.));
#3130=DIRECTION('ref_axis',(1.,0.,0.));
#3131=DIRECTION('center_axis',(0.,0.,1.));
#3132=DIRECTION('ref_axis',(1.,0.,0.));
#3133=DIRECTION('center_axis',(0.,0.,1.));
#3134=DIRECTION('ref_axis',(1.,0.,0.));
#3135=DIRECTION('center_axis',(0.,0.,1.));
#3136=DIRECTION('ref_axis',(1.,0.,0.));
#3137=DIRECTION('',(0.,0.,-1.));
#3138=DIRECTION('center_axis',(0.,0.,-1.));
#3139=DIRECTION('ref_axis',(1.,0.,0.));
#3140=DIRECTION('center_axis',(0.,0.,1.));
#3141=DIRECTION('ref_axis',(1.,0.,0.));
#3142=DIRECTION('center_axis',(0.,0.,1.));
#3143=DIRECTION('ref_axis',(1.,0.,0.));
#3144=DIRECTION('',(0.,0.,-1.));
#3145=DIRECTION('center_axis',(0.,0.,-1.));
#3146=DIRECTION('ref_axis',(1.,0.,0.));
#3147=DIRECTION('center_axis',(0.,0.,1.));
#3148=DIRECTION('ref_axis',(1.,0.,0.));
#3149=DIRECTION('center_axis',(0.,0.,1.));
#3150=DIRECTION('ref_axis',(1.,0.,0.));
#3151=DIRECTION('',(0.,0.,-1.));
#3152=DIRECTION('center_axis',(0.,0.,-1.));
#3153=DIRECTION('ref_axis',(1.,0.,0.));
#3154=DIRECTION('center_axis',(0.,0.,1.));
#3155=DIRECTION('ref_axis',(1.,0.,0.));
#3156=DIRECTION('center_axis',(0.,0.,1.));
#3157=DIRECTION('ref_axis',(1.,0.,0.));
#3158=DIRECTION('',(0.,0.,-1.));
#3159=DIRECTION('center_axis',(0.,0.,-1.));
#3160=DIRECTION('ref_axis',(1.,0.,0.));
#3161=DIRECTION('center_axis',(0.,0.,1.));
#3162=DIRECTION('ref_axis',(1.,0.,0.));
#3163=DIRECTION('center_axis',(0.,0.,1.));
#3164=DIRECTION('ref_axis',(-1.,0.,0.));
#3165=DIRECTION('center_axis',(0.,0.,1.));
#3166=DIRECTION('ref_axis',(-1.,0.,0.));
#3167=DIRECTION('',(0.,0.,-1.));
#3168=DIRECTION('center_axis',(0.,0.,1.));
#3169=DIRECTION('ref_axis',(-1.,0.,0.));
#3170=DIRECTION('center_axis',(0.,0.,1.));
#3171=DIRECTION('ref_axis',(-1.,0.,0.));
#3172=DIRECTION('center_axis',(0.,0.,1.));
#3173=DIRECTION('ref_axis',(-1.,0.,0.));
#3174=DIRECTION('center_axis',(0.,0.,1.));
#3175=DIRECTION('ref_axis',(-1.,0.,0.));
#3176=DIRECTION('center_axis',(0.,0.,1.));
#3177=DIRECTION('ref_axis',(-1.,0.,0.));
#3178=DIRECTION('',(0.,0.,-1.));
#3179=DIRECTION('center_axis',(0.,0.,1.));
#3180=DIRECTION('ref_axis',(-1.,0.,0.));
#3181=DIRECTION('center_axis',(0.,0.,1.));
#3182=DIRECTION('ref_axis',(-1.,0.,0.));
#3183=DIRECTION('center_axis',(0.,0.,1.));
#3184=DIRECTION('ref_axis',(-1.,0.,0.));
#3185=CARTESIAN_POINT('',(0.,0.,0.));
#3186=CARTESIAN_POINT('Ctrl Pts',(6.77312269713694,-10.5,7.94885807335062));
#3187=CARTESIAN_POINT('Ctrl Pts',(6.77312269713694,-10.3,7.94885807335062));
#3188=CARTESIAN_POINT('Ctrl Pts',(6.57090712000728,-10.5,7.93370600064498));
#3189=CARTESIAN_POINT('Ctrl Pts',(6.57090712000728,-10.3,7.93370600064498));
#3190=CARTESIAN_POINT('Ctrl Pts',(6.17160084147761,-10.5,7.90378586368035));
#3191=CARTESIAN_POINT('Ctrl Pts',(6.17160084147761,-10.3,7.90378586368035));
#3192=CARTESIAN_POINT('Ctrl Pts',(5.85791656049148,-10.5,7.65537632639601));
#3193=CARTESIAN_POINT('Ctrl Pts',(5.85791656049148,-10.3,7.65537632639601));
#3194=CARTESIAN_POINT('Ctrl Pts',(5.70308740231905,-10.5,7.53276565741755));
#3195=CARTESIAN_POINT('Ctrl Pts',(5.70308740231905,-10.3,7.53276565741755));
#3196=CARTESIAN_POINT('',(6.77312269713694,-10.5,7.94885807335062));
#3197=CARTESIAN_POINT('',(5.70308740231905,-10.5,7.53276565741755));
#3198=CARTESIAN_POINT('Ctrl Pts',(6.77312269713694,-10.5,7.94885807335062));
#3199=CARTESIAN_POINT('Ctrl Pts',(6.57090712000728,-10.5,7.93370600064498));
#3200=CARTESIAN_POINT('Ctrl Pts',(6.17160084147761,-10.5,7.90378586368035));
#3201=CARTESIAN_POINT('Ctrl Pts',(5.85791656049148,-10.5,7.65537632639601));
#3202=CARTESIAN_POINT('Ctrl Pts',(5.70308740231905,-10.5,7.53276565741755));
#3203=CARTESIAN_POINT('',(6.77312269713694,-10.3,7.94885807335062));
#3204=CARTESIAN_POINT('',(6.77312269713694,-10.5,7.94885807335062));
#3205=CARTESIAN_POINT('',(5.70308740231905,-10.3,7.53276565741755));
#3206=CARTESIAN_POINT('Ctrl Pts',(6.77312269713694,-10.3,7.94885807335062));
#3207=CARTESIAN_POINT('Ctrl Pts',(6.57090712000728,-10.3,7.93370600064498));
#3208=CARTESIAN_POINT('Ctrl Pts',(6.17160084147761,-10.3,7.90378586368035));
#3209=CARTESIAN_POINT('Ctrl Pts',(5.85791656049148,-10.3,7.65537632639601));
#3210=CARTESIAN_POINT('Ctrl Pts',(5.70308740231905,-10.3,7.53276565741755));
#3211=CARTESIAN_POINT('',(5.70308740231905,-10.5,7.53276565741755));
#3212=CARTESIAN_POINT('Ctrl Pts',(7.90969629265885,-10.5,7.40770362597811));
#3213=CARTESIAN_POINT('Ctrl Pts',(7.90969629265885,-10.3,7.40770362597811));
#3214=CARTESIAN_POINT('Ctrl Pts',(7.7529063621773,-10.5,7.56414425371171));
#3215=CARTESIAN_POINT('Ctrl Pts',(7.7529063621773,-10.3,7.56414425371171));
#3216=CARTESIAN_POINT('Ctrl Pts',(7.43795417107771,-10.5,7.87839478198457));
#3217=CARTESIAN_POINT('Ctrl Pts',(7.43795417107771,-10.3,7.87839478198457));
#3218=CARTESIAN_POINT('Ctrl Pts',(6.99537599856695,-10.5,7.9253021802415));
#3219=CARTESIAN_POINT('Ctrl Pts',(6.99537599856695,-10.3,7.9253021802415));
#3220=CARTESIAN_POINT('Ctrl Pts',(6.77312269713694,-10.5,7.94885807335062));
#3221=CARTESIAN_POINT('Ctrl Pts',(6.77312269713694,-10.3,7.94885807335062));
#3222=CARTESIAN_POINT('',(7.90969629265885,-10.5,7.40770362597811));
#3223=CARTESIAN_POINT('Ctrl Pts',(7.90969629265885,-10.5,7.40770362597811));
#3224=CARTESIAN_POINT('Ctrl Pts',(7.7529063621773,-10.5,7.56414425371171));
#3225=CARTESIAN_POINT('Ctrl Pts',(7.43795417107771,-10.5,7.87839478198457));
#3226=CARTESIAN_POINT('Ctrl Pts',(6.99537599856695,-10.5,7.9253021802415));
#3227=CARTESIAN_POINT('Ctrl Pts',(6.77312269713694,-10.5,7.94885807335062));
#3228=CARTESIAN_POINT('',(7.90969629265885,-10.3,7.40770362597811));
#3229=CARTESIAN_POINT('',(7.90969629265885,-10.5,7.40770362597811));
#3230=CARTESIAN_POINT('Ctrl Pts',(7.90969629265885,-10.3,7.40770362597811));
#3231=CARTESIAN_POINT('Ctrl Pts',(7.7529063621773,-10.3,7.56414425371171));
#3232=CARTESIAN_POINT('Ctrl Pts',(7.43795417107771,-10.3,7.87839478198457));
#3233=CARTESIAN_POINT('Ctrl Pts',(6.99537599856695,-10.3,7.9253021802415));
#3234=CARTESIAN_POINT('Ctrl Pts',(6.77312269713694,-10.3,7.94885807335062));
#3235=CARTESIAN_POINT('Ctrl Pts',(8.24935899019548,-10.5,6.37664985268929));
#3236=CARTESIAN_POINT('Ctrl Pts',(8.24935899019548,-10.3,6.37664985268929));
#3237=CARTESIAN_POINT('Ctrl Pts',(8.22771246124474,-10.5,6.58247461588864));
#3238=CARTESIAN_POINT('Ctrl Pts',(8.22771246124474,-10.3,6.58247461588864));
#3239=CARTESIAN_POINT('Ctrl Pts',(8.18884173384269,-10.5,6.95207466960256));
#3240=CARTESIAN_POINT('Ctrl Pts',(8.18884173384269,-10.3,6.95207466960256));
#3241=CARTESIAN_POINT('Ctrl Pts',(7.9954091517559,-10.5,7.2678007123832));
#3242=CARTESIAN_POINT('Ctrl Pts',(7.9954091517559,-10.3,7.2678007123832));
#3243=CARTESIAN_POINT('Ctrl Pts',(7.90969629265885,-10.5,7.40770362597811));
#3244=CARTESIAN_POINT('Ctrl Pts',(7.90969629265885,-10.3,7.40770362597811));
#3245=CARTESIAN_POINT('',(8.24935899019548,-10.5,6.37664985268929));
#3246=CARTESIAN_POINT('Ctrl Pts',(8.24935899019548,-10.5,6.37664985268929));
#3247=CARTESIAN_POINT('Ctrl Pts',(8.22771246124474,-10.5,6.58247461588864));
#3248=CARTESIAN_POINT('Ctrl Pts',(8.18884173384269,-10.5,6.95207466960256));
#3249=CARTESIAN_POINT('Ctrl Pts',(7.9954091517559,-10.5,7.2678007123832));
#3250=CARTESIAN_POINT('Ctrl Pts',(7.90969629265885,-10.5,7.40770362597811));
#3251=CARTESIAN_POINT('',(8.24935899019548,-10.3,6.37664985268929));
#3252=CARTESIAN_POINT('',(8.24935899019548,-10.5,6.37664985268929));
#3253=CARTESIAN_POINT('Ctrl Pts',(8.24935899019548,-10.3,6.37664985268929));
#3254=CARTESIAN_POINT('Ctrl Pts',(8.22771246124474,-10.3,6.58247461588864));
#3255=CARTESIAN_POINT('Ctrl Pts',(8.18884173384269,-10.3,6.95207466960256));
#3256=CARTESIAN_POINT('Ctrl Pts',(7.9954091517559,-10.3,7.2678007123832));
#3257=CARTESIAN_POINT('Ctrl Pts',(7.90969629265885,-10.3,7.40770362597811));
#3258=CARTESIAN_POINT('Origin',(5.21568958757169,-10.5,6.40087816978662));
#3259=CARTESIAN_POINT('',(5.21568958757169,-10.5,6.40087816978662));
#3260=CARTESIAN_POINT('',(-2.11612733692422,-10.5,6.45943352364046));
#3261=CARTESIAN_POINT('',(5.21568958757169,-10.3,6.40087816978662));
#3262=CARTESIAN_POINT('',(5.21568958757169,-10.5,6.40087816978662));
#3263=CARTESIAN_POINT('',(5.21568958757169,-10.3,6.40087816978662));
#3264=CARTESIAN_POINT('Ctrl Pts',(5.70308740231905,-10.5,7.53276565741755));
#3265=CARTESIAN_POINT('Ctrl Pts',(5.70308740231905,-10.3,7.53276565741755));
#3266=CARTESIAN_POINT('Ctrl Pts',(5.57356902687464,-10.5,7.37542720829946));
#3267=CARTESIAN_POINT('Ctrl Pts',(5.57356902687464,-10.3,7.37542720829946));
#3268=CARTESIAN_POINT('Ctrl Pts',(5.30241526099952,-10.5,7.04603060454393));
#3269=CARTESIAN_POINT('Ctrl Pts',(5.30241526099952,-10.3,7.04603060454393));
#3270=CARTESIAN_POINT('Ctrl Pts',(5.24544672733341,-10.5,6.6222415839856));
#3271=CARTESIAN_POINT('Ctrl Pts',(5.24544672733341,-10.3,6.6222415839856));
#3272=CARTESIAN_POINT('Ctrl Pts',(5.21568958757169,-10.5,6.40087816978662));
#3273=CARTESIAN_POINT('Ctrl Pts',(5.21568958757169,-10.3,6.40087816978662));
#3274=CARTESIAN_POINT('Ctrl Pts',(5.70308740231905,-10.5,7.53276565741755));
#3275=CARTESIAN_POINT('Ctrl Pts',(5.57356902687464,-10.5,7.37542720829946));
#3276=CARTESIAN_POINT('Ctrl Pts',(5.30241526099952,-10.5,7.04603060454393));
#3277=CARTESIAN_POINT('Ctrl Pts',(5.24544672733341,-10.5,6.6222415839856));
#3278=CARTESIAN_POINT('Ctrl Pts',(5.21568958757169,-10.5,6.40087816978662));
#3279=CARTESIAN_POINT('Ctrl Pts',(5.70308740231905,-10.3,7.53276565741755));
#3280=CARTESIAN_POINT('Ctrl Pts',(5.57356902687464,-10.3,7.37542720829946));
#3281=CARTESIAN_POINT('Ctrl Pts',(5.30241526099952,-10.3,7.04603060454393));
#3282=CARTESIAN_POINT('Ctrl Pts',(5.24544672733341,-10.3,6.6222415839856));
#3283=CARTESIAN_POINT('Ctrl Pts',(5.21568958757169,-10.3,6.40087816978662));
#3284=CARTESIAN_POINT('Ctrl Pts',(6.78590687595748,-10.5,3.7842302165428));
#3285=CARTESIAN_POINT('Ctrl Pts',(6.78590687595748,-10.3,3.7842302165428));
#3286=CARTESIAN_POINT('Ctrl Pts',(6.94642101181022,-10.5,3.79243596591725));
#3287=CARTESIAN_POINT('Ctrl Pts',(6.94642101181022,-10.3,3.79243596591725));
#3288=CARTESIAN_POINT('Ctrl Pts',(7.25683151660355,-10.5,3.80830466677653));
#3289=CARTESIAN_POINT('Ctrl Pts',(7.25683151660355,-10.3,3.80830466677653));
#3290=CARTESIAN_POINT('Ctrl Pts',(7.52372116587999,-10.5,3.96680657347249));
#3291=CARTESIAN_POINT('Ctrl Pts',(7.52372116587999,-10.3,3.96680657347249));
#3292=CARTESIAN_POINT('Ctrl Pts',(7.65260143480324,-10.5,4.04334670312984));
#3293=CARTESIAN_POINT('Ctrl Pts',(7.65260143480324,-10.3,4.04334670312984));
#3294=CARTESIAN_POINT('',(6.78590687595748,-10.5,3.7842302165428));
#3295=CARTESIAN_POINT('',(7.65260143480324,-10.5,4.04334670312984));
#3296=CARTESIAN_POINT('Ctrl Pts',(6.78590687595748,-10.5,3.7842302165428));
#3297=CARTESIAN_POINT('Ctrl Pts',(6.94642101181022,-10.5,3.79243596591725));
#3298=CARTESIAN_POINT('Ctrl Pts',(7.25683151660355,-10.5,3.80830466677653));
#3299=CARTESIAN_POINT('Ctrl Pts',(7.52372116587999,-10.5,3.96680657347249));
#3300=CARTESIAN_POINT('Ctrl Pts',(7.65260143480324,-10.5,4.04334670312984));
#3301=CARTESIAN_POINT('',(6.78590687595748,-10.3,3.7842302165428));
#3302=CARTESIAN_POINT('',(6.78590687595748,-10.5,3.7842302165428));
#3303=CARTESIAN_POINT('',(7.65260143480324,-10.3,4.04334670312984));
#3304=CARTESIAN_POINT('Ctrl Pts',(6.78590687595748,-10.3,3.7842302165428));
#3305=CARTESIAN_POINT('Ctrl Pts',(6.94642101181022,-10.3,3.79243596591725));
#3306=CARTESIAN_POINT('Ctrl Pts',(7.25683151660355,-10.3,3.80830466677653));
#3307=CARTESIAN_POINT('Ctrl Pts',(7.52372116587999,-10.3,3.96680657347249));
#3308=CARTESIAN_POINT('Ctrl Pts',(7.65260143480324,-10.3,4.04334670312984));
#3309=CARTESIAN_POINT('',(7.65260143480324,-10.5,4.04334670312984));
#3310=CARTESIAN_POINT('Ctrl Pts',(5.65399955375369,-10.5,4.26906987677778));
#3311=CARTESIAN_POINT('Ctrl Pts',(5.65399955375369,-10.3,4.26906987677778));
#3312=CARTESIAN_POINT('Ctrl Pts',(5.81506881762299,-10.5,4.12901178843554));
#3313=CARTESIAN_POINT('Ctrl Pts',(5.81506881762299,-10.3,4.12901178843554));
#3314=CARTESIAN_POINT('Ctrl Pts',(6.14021041216349,-10.5,3.8462842892347));
#3315=CARTESIAN_POINT('Ctrl Pts',(6.14021041216349,-10.3,3.8462842892347));
#3316=CARTESIAN_POINT('Ctrl Pts',(6.56935350684603,-10.5,3.80504188156193));
#3317=CARTESIAN_POINT('Ctrl Pts',(6.56935350684603,-10.3,3.80504188156193));
#3318=CARTESIAN_POINT('Ctrl Pts',(6.78590687595748,-10.5,3.7842302165428));
#3319=CARTESIAN_POINT('Ctrl Pts',(6.78590687595748,-10.3,3.7842302165428));
#3320=CARTESIAN_POINT('',(5.65399955375369,-10.5,4.26906987677778));
#3321=CARTESIAN_POINT('Ctrl Pts',(5.65399955375369,-10.5,4.26906987677778));
#3322=CARTESIAN_POINT('Ctrl Pts',(5.81506881762299,-10.5,4.12901178843554));
#3323=CARTESIAN_POINT('Ctrl Pts',(6.14021041216349,-10.5,3.8462842892347));
#3324=CARTESIAN_POINT('Ctrl Pts',(6.56935350684603,-10.5,3.80504188156193));
#3325=CARTESIAN_POINT('Ctrl Pts',(6.78590687595748,-10.5,3.7842302165428));
#3326=CARTESIAN_POINT('',(5.65399955375369,-10.3,4.26906987677778));
#3327=CARTESIAN_POINT('',(5.65399955375369,-10.5,4.26906987677778));
#3328=CARTESIAN_POINT('Ctrl Pts',(5.65399955375369,-10.3,4.26906987677778));
#3329=CARTESIAN_POINT('Ctrl Pts',(5.81506881762299,-10.3,4.12901178843554));
#3330=CARTESIAN_POINT('Ctrl Pts',(6.14021041216349,-10.3,3.8462842892347));
#3331=CARTESIAN_POINT('Ctrl Pts',(6.56935350684603,-10.3,3.80504188156193));
#3332=CARTESIAN_POINT('Ctrl Pts',(6.78590687595748,-10.3,3.7842302165428));
#3333=CARTESIAN_POINT('Ctrl Pts',(5.1584850960056,-10.5,5.64414891004839));
#3334=CARTESIAN_POINT('Ctrl Pts',(5.1584850960056,-10.3,5.64414891004839));
#3335=CARTESIAN_POINT('Ctrl Pts',(5.18291624727409,-10.5,5.37114365276389));
#3336=CARTESIAN_POINT('Ctrl Pts',(5.18291624727409,-10.3,5.37114365276389));
#3337=CARTESIAN_POINT('Ctrl Pts',(5.22799284134479,-10.5,4.86743643788324));
#3338=CARTESIAN_POINT('Ctrl Pts',(5.22799284134479,-10.3,4.86743643788324));
#3339=CARTESIAN_POINT('Ctrl Pts',(5.5201769025872,-10.5,4.45703639759553));
#3340=CARTESIAN_POINT('Ctrl Pts',(5.5201769025872,-10.3,4.45703639759553));
#3341=CARTESIAN_POINT('Ctrl Pts',(5.65399955375369,-10.5,4.26906987677778));
#3342=CARTESIAN_POINT('Ctrl Pts',(5.65399955375369,-10.3,4.26906987677778));
#3343=CARTESIAN_POINT('',(5.1584850960056,-10.5,5.64414891004839));
#3344=CARTESIAN_POINT('Ctrl Pts',(5.1584850960056,-10.5,5.64414891004839));
#3345=CARTESIAN_POINT('Ctrl Pts',(5.18291624727409,-10.5,5.37114365276389));
#3346=CARTESIAN_POINT('Ctrl Pts',(5.22799284134479,-10.5,4.86743643788324));
#3347=CARTESIAN_POINT('Ctrl Pts',(5.5201769025872,-10.5,4.45703639759553));
#3348=CARTESIAN_POINT('Ctrl Pts',(5.65399955375369,-10.5,4.26906987677778));
#3349=CARTESIAN_POINT('',(5.1584850960056,-10.3,5.64414891004839));
#3350=CARTESIAN_POINT('',(5.1584850960056,-10.5,5.64414891004839));
#3351=CARTESIAN_POINT('Ctrl Pts',(5.1584850960056,-10.3,5.64414891004839));
#3352=CARTESIAN_POINT('Ctrl Pts',(5.18291624727409,-10.3,5.37114365276389));
#3353=CARTESIAN_POINT('Ctrl Pts',(5.22799284134479,-10.3,4.86743643788324));
#3354=CARTESIAN_POINT('Ctrl Pts',(5.5201769025872,-10.3,4.45703639759553));
#3355=CARTESIAN_POINT('Ctrl Pts',(5.65399955375369,-10.3,4.26906987677778));
#3356=CARTESIAN_POINT('Origin',(9.21019737880153,-10.5,5.61179002153871));
#3357=CARTESIAN_POINT('',(9.21019737880153,-10.5,5.61179002153871));
#3358=CARTESIAN_POINT('',(-0.121896871513238,-10.5,5.68632053514154));
#3359=CARTESIAN_POINT('',(9.21019737880153,-10.3,5.61179002153871));
#3360=CARTESIAN_POINT('',(9.21019737880153,-10.5,5.61179002153871));
#3361=CARTESIAN_POINT('',(9.21019737880153,-10.3,5.61179002153871));
#3362=CARTESIAN_POINT('Ctrl Pts',(9.21727482006824,-10.5,5.85730710123269));
#3363=CARTESIAN_POINT('Ctrl Pts',(9.21727482006824,-10.3,5.85730710123269));
#3364=CARTESIAN_POINT('Ctrl Pts',(9.21667750902308,-10.5,5.8232024172795));
#3365=CARTESIAN_POINT('Ctrl Pts',(9.21667750902308,-10.3,5.8232024172795));
#3366=CARTESIAN_POINT('Ctrl Pts',(9.21524372857553,-10.5,5.74133781855991));
#3367=CARTESIAN_POINT('Ctrl Pts',(9.21524372857553,-10.3,5.74133781855991));
#3368=CARTESIAN_POINT('Ctrl Pts',(9.21205669714037,-10.5,5.65952167026406));
#3369=CARTESIAN_POINT('Ctrl Pts',(9.21205669714037,-10.3,5.65952167026406));
#3370=CARTESIAN_POINT('Ctrl Pts',(9.21019737880153,-10.5,5.61179002153871));
#3371=CARTESIAN_POINT('Ctrl Pts',(9.21019737880153,-10.3,5.61179002153871));
#3372=CARTESIAN_POINT('',(9.21727482006824,-10.5,5.85730710123269));
#3373=CARTESIAN_POINT('Ctrl Pts',(9.21727482006824,-10.5,5.85730710123269));
#3374=CARTESIAN_POINT('Ctrl Pts',(9.21667750902308,-10.5,5.8232024172795));
#3375=CARTESIAN_POINT('Ctrl Pts',(9.21524372857553,-10.5,5.74133781855991));
#3376=CARTESIAN_POINT('Ctrl Pts',(9.21205669714037,-10.5,5.65952167026406));
#3377=CARTESIAN_POINT('Ctrl Pts',(9.21019737880153,-10.5,5.61179002153871));
#3378=CARTESIAN_POINT('',(9.21727482006824,-10.3,5.85730710123269));
#3379=CARTESIAN_POINT('',(9.21727482006824,-10.5,5.85730710123269));
#3380=CARTESIAN_POINT('Ctrl Pts',(9.21727482006824,-10.3,5.85730710123269));
#3381=CARTESIAN_POINT('Ctrl Pts',(9.21667750902308,-10.3,5.8232024172795));
#3382=CARTESIAN_POINT('Ctrl Pts',(9.21524372857553,-10.3,5.74133781855991));
#3383=CARTESIAN_POINT('Ctrl Pts',(9.21205669714037,-10.3,5.65952167026406));
#3384=CARTESIAN_POINT('Ctrl Pts',(9.21019737880153,-10.3,5.61179002153871));
#3385=CARTESIAN_POINT('Ctrl Pts',(8.54331087022745,-10.5,7.95006890175207));
#3386=CARTESIAN_POINT('Ctrl Pts',(8.54331087022745,-10.3,7.95006890175207));
#3387=CARTESIAN_POINT('Ctrl Pts',(8.74212261137741,-10.5,7.66078696060109));
#3388=CARTESIAN_POINT('Ctrl Pts',(8.74212261137741,-10.3,7.66078696060109));
#3389=CARTESIAN_POINT('Ctrl Pts',(9.17342836163002,-10.5,7.03321353892606));
#3390=CARTESIAN_POINT('Ctrl Pts',(9.17342836163002,-10.3,7.03321353892606));
#3391=CARTESIAN_POINT('Ctrl Pts',(9.20191772063639,-10.5,6.26916504208896));
#3392=CARTESIAN_POINT('Ctrl Pts',(9.20191772063639,-10.3,6.26916504208896));
#3393=CARTESIAN_POINT('Ctrl Pts',(9.21727482006824,-10.5,5.85730710123269));
#3394=CARTESIAN_POINT('Ctrl Pts',(9.21727482006824,-10.3,5.85730710123269));
#3395=CARTESIAN_POINT('',(8.54331087022745,-10.5,7.95006890175207));
#3396=CARTESIAN_POINT('Ctrl Pts',(8.54331087022745,-10.5,7.95006890175207));
#3397=CARTESIAN_POINT('Ctrl Pts',(8.74212261137741,-10.5,7.66078696060109));
#3398=CARTESIAN_POINT('Ctrl Pts',(9.17342836163002,-10.5,7.03321353892606));
#3399=CARTESIAN_POINT('Ctrl Pts',(9.20191772063639,-10.5,6.26916504208896));
#3400=CARTESIAN_POINT('Ctrl Pts',(9.21727482006824,-10.5,5.85730710123269));
#3401=CARTESIAN_POINT('',(8.54331087022745,-10.3,7.95006890175207));
#3402=CARTESIAN_POINT('',(8.54331087022745,-10.5,7.95006890175207));
#3403=CARTESIAN_POINT('Ctrl Pts',(8.54331087022745,-10.3,7.95006890175207));
#3404=CARTESIAN_POINT('Ctrl Pts',(8.74212261137741,-10.3,7.66078696060109));
#3405=CARTESIAN_POINT('Ctrl Pts',(9.17342836163002,-10.3,7.03321353892606));
#3406=CARTESIAN_POINT('Ctrl Pts',(9.20191772063639,-10.3,6.26916504208896));
#3407=CARTESIAN_POINT('Ctrl Pts',(9.21727482006824,-10.3,5.85730710123269));
#3408=CARTESIAN_POINT('Ctrl Pts',(6.76893815526395,-10.5,8.70607821097842));
#3409=CARTESIAN_POINT('Ctrl Pts',(6.76893815526395,-10.3,8.70607821097842));
#3410=CARTESIAN_POINT('Ctrl Pts',(7.1128276550171,-10.5,8.67504323617816));
#3411=CARTESIAN_POINT('Ctrl Pts',(7.1128276550171,-10.3,8.67504323617816));
#3412=CARTESIAN_POINT('Ctrl Pts',(7.78675427338776,-10.5,8.61422342157674));
#3413=CARTESIAN_POINT('Ctrl Pts',(7.78675427338776,-10.3,8.61422342157674));
#3414=CARTESIAN_POINT('Ctrl Pts',(8.29460491592566,-10.5,8.16839914214233));
#3415=CARTESIAN_POINT('Ctrl Pts',(8.29460491592566,-10.3,8.16839914214233));
#3416=CARTESIAN_POINT('Ctrl Pts',(8.54331087022745,-10.5,7.95006890175207));
#3417=CARTESIAN_POINT('Ctrl Pts',(8.54331087022745,-10.3,7.95006890175207));
#3418=CARTESIAN_POINT('',(6.76893815526395,-10.5,8.70607821097842));
#3419=CARTESIAN_POINT('Ctrl Pts',(6.76893815526395,-10.5,8.70607821097842));
#3420=CARTESIAN_POINT('Ctrl Pts',(7.1128276550171,-10.5,8.67504323617816));
#3421=CARTESIAN_POINT('Ctrl Pts',(7.78675427338776,-10.5,8.61422342157674));
#3422=CARTESIAN_POINT('Ctrl Pts',(8.29460491592566,-10.5,8.16839914214233));
#3423=CARTESIAN_POINT('Ctrl Pts',(8.54331087022745,-10.5,7.95006890175207));
#3424=CARTESIAN_POINT('',(6.76893815526395,-10.3,8.70607821097842));
#3425=CARTESIAN_POINT('',(6.76893815526395,-10.5,8.70607821097842));
#3426=CARTESIAN_POINT('Ctrl Pts',(6.76893815526395,-10.3,8.70607821097842));
#3427=CARTESIAN_POINT('Ctrl Pts',(7.1128276550171,-10.3,8.67504323617816));
#3428=CARTESIAN_POINT('Ctrl Pts',(7.78675427338776,-10.3,8.61422342157674));
#3429=CARTESIAN_POINT('Ctrl Pts',(8.29460491592566,-10.3,8.16839914214233));
#3430=CARTESIAN_POINT('Ctrl Pts',(8.54331087022745,-10.3,7.95006890175207));
#3431=CARTESIAN_POINT('Ctrl Pts',(4.93143486239156,-10.5,7.96356666249877));
#3432=CARTESIAN_POINT('Ctrl Pts',(4.93143486239156,-10.3,7.96356666249877));
#3433=CARTESIAN_POINT('Ctrl Pts',(5.19026521204728,-10.5,8.18231099265371));
#3434=CARTESIAN_POINT('Ctrl Pts',(5.19026521204728,-10.3,8.18231099265371));
#3435=CARTESIAN_POINT('Ctrl Pts',(5.72049848950414,-10.5,8.63042506914217));
#3436=CARTESIAN_POINT('Ctrl Pts',(5.72049848950414,-10.3,8.63042506914217));
#3437=CARTESIAN_POINT('Ctrl Pts',(6.41397714795955,-10.5,8.68046499134458));
#3438=CARTESIAN_POINT('Ctrl Pts',(6.41397714795955,-10.3,8.68046499134458));
#3439=CARTESIAN_POINT('Ctrl Pts',(6.76893815526395,-10.5,8.70607821097842));
#3440=CARTESIAN_POINT('Ctrl Pts',(6.76893815526395,-10.3,8.70607821097842));
#3441=CARTESIAN_POINT('',(4.93143486239156,-10.5,7.96356666249877));
#3442=CARTESIAN_POINT('Ctrl Pts',(4.93143486239156,-10.5,7.96356666249877));
#3443=CARTESIAN_POINT('Ctrl Pts',(5.19026521204728,-10.5,8.18231099265371));
#3444=CARTESIAN_POINT('Ctrl Pts',(5.72049848950414,-10.5,8.63042506914217));
#3445=CARTESIAN_POINT('Ctrl Pts',(6.41397714795955,-10.5,8.68046499134458));
#3446=CARTESIAN_POINT('Ctrl Pts',(6.76893815526395,-10.5,8.70607821097842));
#3447=CARTESIAN_POINT('',(4.93143486239156,-10.3,7.96356666249877));
#3448=CARTESIAN_POINT('',(4.93143486239156,-10.5,7.96356666249877));
#3449=CARTESIAN_POINT('Ctrl Pts',(4.93143486239156,-10.3,7.96356666249877));
#3450=CARTESIAN_POINT('Ctrl Pts',(5.19026521204728,-10.3,8.18231099265371));
#3451=CARTESIAN_POINT('Ctrl Pts',(5.72049848950414,-10.3,8.63042506914217));
#3452=CARTESIAN_POINT('Ctrl Pts',(6.41397714795955,-10.3,8.68046499134458));
#3453=CARTESIAN_POINT('Ctrl Pts',(6.76893815526395,-10.3,8.70607821097842));
#3454=CARTESIAN_POINT('Ctrl Pts',(4.20845807304832,-10.5,5.84103235810053));
#3455=CARTESIAN_POINT('Ctrl Pts',(4.20845807304832,-10.3,5.84103235810053));
#3456=CARTESIAN_POINT('Ctrl Pts',(4.23096105740813,-10.5,6.26056055535842));
#3457=CARTESIAN_POINT('Ctrl Pts',(4.23096105740813,-10.3,6.26056055535842));
#3458=CARTESIAN_POINT('Ctrl Pts',(4.27273091056369,-10.5,7.03928531976698));
#3459=CARTESIAN_POINT('Ctrl Pts',(4.27273091056369,-10.3,7.03928531976698));
#3460=CARTESIAN_POINT('Ctrl Pts',(4.72350818793424,-10.5,7.6718077542307));
#3461=CARTESIAN_POINT('Ctrl Pts',(4.72350818793424,-10.3,7.6718077542307));
#3462=CARTESIAN_POINT('Ctrl Pts',(4.93143486239156,-10.5,7.96356666249877));
#3463=CARTESIAN_POINT('Ctrl Pts',(4.93143486239156,-10.3,7.96356666249877));
#3464=CARTESIAN_POINT('',(4.20845807304832,-10.5,5.84103235810053));
#3465=CARTESIAN_POINT('Ctrl Pts',(4.20845807304832,-10.5,5.84103235810053));
#3466=CARTESIAN_POINT('Ctrl Pts',(4.23096105740813,-10.5,6.26056055535842));
#3467=CARTESIAN_POINT('Ctrl Pts',(4.27273091056369,-10.5,7.03928531976698));
#3468=CARTESIAN_POINT('Ctrl Pts',(4.72350818793424,-10.5,7.6718077542307));
#3469=CARTESIAN_POINT('Ctrl Pts',(4.93143486239156,-10.5,7.96356666249877));
#3470=CARTESIAN_POINT('',(4.20845807304832,-10.3,5.84103235810053));
#3471=CARTESIAN_POINT('',(4.20845807304832,-10.5,5.84103235810053));
#3472=CARTESIAN_POINT('Ctrl Pts',(4.20845807304832,-10.3,5.84103235810053));
#3473=CARTESIAN_POINT('Ctrl Pts',(4.23096105740813,-10.3,6.26056055535842));
#3474=CARTESIAN_POINT('Ctrl Pts',(4.27273091056369,-10.3,7.03928531976698));
#3475=CARTESIAN_POINT('Ctrl Pts',(4.72350818793424,-10.3,7.6718077542307));
#3476=CARTESIAN_POINT('Ctrl Pts',(4.93143486239156,-10.3,7.96356666249877));
#3477=CARTESIAN_POINT('Ctrl Pts',(4.89031940397768,-10.5,3.77634684146726));
#3478=CARTESIAN_POINT('Ctrl Pts',(4.89031940397768,-10.3,3.77634684146726));
#3479=CARTESIAN_POINT('Ctrl Pts',(4.68921107980428,-10.5,4.06167840417832));
#3480=CARTESIAN_POINT('Ctrl Pts',(4.68921107980428,-10.3,4.06167840417832));
#3481=CARTESIAN_POINT('Ctrl Pts',(4.25473654423078,-10.5,4.6781088712059));
#3482=CARTESIAN_POINT('Ctrl Pts',(4.25473654423078,-10.3,4.6781088712059));
#3483=CARTESIAN_POINT('Ctrl Pts',(4.22462934073179,-10.5,5.4346674432393));
#3484=CARTESIAN_POINT('Ctrl Pts',(4.22462934073179,-10.3,5.4346674432393));
#3485=CARTESIAN_POINT('Ctrl Pts',(4.20845807304832,-10.5,5.84103235810053));
#3486=CARTESIAN_POINT('Ctrl Pts',(4.20845807304832,-10.3,5.84103235810053));
#3487=CARTESIAN_POINT('',(4.89031940397768,-10.5,3.77634684146726));
#3488=CARTESIAN_POINT('Ctrl Pts',(4.89031940397768,-10.5,3.77634684146726));
#3489=CARTESIAN_POINT('Ctrl Pts',(4.68921107980428,-10.5,4.06167840417832));
#3490=CARTESIAN_POINT('Ctrl Pts',(4.25473654423078,-10.5,4.6781088712059));
#3491=CARTESIAN_POINT('Ctrl Pts',(4.22462934073179,-10.5,5.4346674432393));
#3492=CARTESIAN_POINT('Ctrl Pts',(4.20845807304832,-10.5,5.84103235810053));
#3493=CARTESIAN_POINT('',(4.89031940397768,-10.3,3.77634684146726));
#3494=CARTESIAN_POINT('',(4.89031940397768,-10.5,3.77634684146726));
#3495=CARTESIAN_POINT('Ctrl Pts',(4.89031940397768,-10.3,3.77634684146726));
#3496=CARTESIAN_POINT('Ctrl Pts',(4.68921107980428,-10.3,4.06167840417832));
#3497=CARTESIAN_POINT('Ctrl Pts',(4.25473654423078,-10.3,4.6781088712059));
#3498=CARTESIAN_POINT('Ctrl Pts',(4.22462934073179,-10.3,5.4346674432393));
#3499=CARTESIAN_POINT('Ctrl Pts',(4.20845807304832,-10.3,5.84103235810053));
#3500=CARTESIAN_POINT('Ctrl Pts',(6.77474430728752,-10.5,3.02713264819049));
#3501=CARTESIAN_POINT('Ctrl Pts',(6.77474430728752,-10.3,3.02713264819049));
#3502=CARTESIAN_POINT('Ctrl Pts',(6.40412420775439,-10.5,3.05466715154544));
#3503=CARTESIAN_POINT('Ctrl Pts',(6.40412420775439,-10.3,3.05466715154544));
#3504=CARTESIAN_POINT('Ctrl Pts',(5.69538475197935,-10.5,3.10732157840304));
#3505=CARTESIAN_POINT('Ctrl Pts',(5.69538475197935,-10.3,3.10732157840304));
#3506=CARTESIAN_POINT('Ctrl Pts',(5.15034317611802,-10.5,3.56026193234659));
#3507=CARTESIAN_POINT('Ctrl Pts',(5.15034317611802,-10.3,3.56026193234659));
#3508=CARTESIAN_POINT('Ctrl Pts',(4.89031940397768,-10.5,3.77634684146726));
#3509=CARTESIAN_POINT('Ctrl Pts',(4.89031940397768,-10.3,3.77634684146726));
#3510=CARTESIAN_POINT('',(6.77474430728752,-10.5,3.02713264819049));
#3511=CARTESIAN_POINT('Ctrl Pts',(6.77474430728752,-10.5,3.02713264819049));
#3512=CARTESIAN_POINT('Ctrl Pts',(6.40412420775439,-10.5,3.05466715154544));
#3513=CARTESIAN_POINT('Ctrl Pts',(5.69538475197935,-10.5,3.10732157840304));
#3514=CARTESIAN_POINT('Ctrl Pts',(5.15034317611802,-10.5,3.56026193234659));
#3515=CARTESIAN_POINT('Ctrl Pts',(4.89031940397768,-10.5,3.77634684146726));
#3516=CARTESIAN_POINT('',(6.77474430728752,-10.3,3.02713264819049));
#3517=CARTESIAN_POINT('',(6.77474430728752,-10.5,3.02713264819049));
#3518=CARTESIAN_POINT('Ctrl Pts',(6.77474430728752,-10.3,3.02713264819049));
#3519=CARTESIAN_POINT('Ctrl Pts',(6.40412420775439,-10.3,3.05466715154544));
#3520=CARTESIAN_POINT('Ctrl Pts',(5.69538475197935,-10.3,3.10732157840304));
#3521=CARTESIAN_POINT('Ctrl Pts',(5.15034317611802,-10.3,3.56026193234659));
#3522=CARTESIAN_POINT('Ctrl Pts',(4.89031940397768,-10.3,3.77634684146726));
#3523=CARTESIAN_POINT('Ctrl Pts',(8.3336245306438,-10.5,3.47513431839307));
#3524=CARTESIAN_POINT('Ctrl Pts',(8.3336245306438,-10.3,3.47513431839307));
#3525=CARTESIAN_POINT('Ctrl Pts',(8.10733316864431,-10.5,3.34276479582836));
#3526=CARTESIAN_POINT('Ctrl Pts',(8.10733316864431,-10.3,3.34276479582836));
#3527=CARTESIAN_POINT('Ctrl Pts',(7.62692605441554,-10.5,3.06174982563567));
#3528=CARTESIAN_POINT('Ctrl Pts',(7.62692605441554,-10.3,3.06174982563567));
#3529=CARTESIAN_POINT('Ctrl Pts',(7.06956536133004,-10.5,3.03910881733136));
#3530=CARTESIAN_POINT('Ctrl Pts',(7.06956536133004,-10.3,3.03910881733136));
#3531=CARTESIAN_POINT('Ctrl Pts',(6.77474430728752,-10.5,3.02713264819049));
#3532=CARTESIAN_POINT('Ctrl Pts',(6.77474430728752,-10.3,3.02713264819049));
#3533=CARTESIAN_POINT('',(8.3336245306438,-10.5,3.47513431839307));
#3534=CARTESIAN_POINT('Ctrl Pts',(8.3336245306438,-10.5,3.47513431839307));
#3535=CARTESIAN_POINT('Ctrl Pts',(8.10733316864431,-10.5,3.34276479582836));
#3536=CARTESIAN_POINT('Ctrl Pts',(7.62692605441554,-10.5,3.06174982563567));
#3537=CARTESIAN_POINT('Ctrl Pts',(7.06956536133004,-10.5,3.03910881733136));
#3538=CARTESIAN_POINT('Ctrl Pts',(6.77474430728752,-10.5,3.02713264819049));
#3539=CARTESIAN_POINT('',(8.3336245306438,-10.3,3.47513431839307));
#3540=CARTESIAN_POINT('',(8.3336245306438,-10.5,3.47513431839307));
#3541=CARTESIAN_POINT('Ctrl Pts',(8.3336245306438,-10.3,3.47513431839307));
#3542=CARTESIAN_POINT('Ctrl Pts',(8.10733316864431,-10.3,3.34276479582836));
#3543=CARTESIAN_POINT('Ctrl Pts',(7.62692605441554,-10.3,3.06174982563567));
#3544=CARTESIAN_POINT('Ctrl Pts',(7.06956536133004,-10.3,3.03910881733136));
#3545=CARTESIAN_POINT('Ctrl Pts',(6.77474430728752,-10.3,3.02713264819049));
#3546=CARTESIAN_POINT('Ctrl Pts',(9.17783597011494,-10.5,4.7627714323072));
#3547=CARTESIAN_POINT('Ctrl Pts',(9.17783597011494,-10.3,4.7627714323072));
#3548=CARTESIAN_POINT('Ctrl Pts',(9.08834114238684,-10.5,4.5038560414911));
#3549=CARTESIAN_POINT('Ctrl Pts',(9.08834114238684,-10.3,4.5038560414911));
#3550=CARTESIAN_POINT('Ctrl Pts',(8.91515224627194,-10.5,4.00280730089987));
#3551=CARTESIAN_POINT('Ctrl Pts',(8.91515224627194,-10.3,4.00280730089987));
#3552=CARTESIAN_POINT('Ctrl Pts',(8.52308987917328,-10.5,3.64705345974001));
#3553=CARTESIAN_POINT('Ctrl Pts',(8.52308987917328,-10.3,3.64705345974001));
#3554=CARTESIAN_POINT('Ctrl Pts',(8.3336245306438,-10.5,3.47513431839307));
#3555=CARTESIAN_POINT('Ctrl Pts',(8.3336245306438,-10.3,3.47513431839307));
#3556=CARTESIAN_POINT('',(9.17783597011494,-10.5,4.7627714323072));
#3557=CARTESIAN_POINT('Ctrl Pts',(9.17783597011494,-10.5,4.7627714323072));
#3558=CARTESIAN_POINT('Ctrl Pts',(9.08834114238684,-10.5,4.5038560414911));
#3559=CARTESIAN_POINT('Ctrl Pts',(8.91515224627194,-10.5,4.00280730089987));
#3560=CARTESIAN_POINT('Ctrl Pts',(8.52308987917328,-10.5,3.64705345974001));
#3561=CARTESIAN_POINT('Ctrl Pts',(8.3336245306438,-10.5,3.47513431839307));
#3562=CARTESIAN_POINT('',(9.17783597011494,-10.3,4.7627714323072));
#3563=CARTESIAN_POINT('',(9.17783597011494,-10.5,4.7627714323072));
#3564=CARTESIAN_POINT('Ctrl Pts',(9.17783597011494,-10.3,4.7627714323072));
#3565=CARTESIAN_POINT('Ctrl Pts',(9.08834114238684,-10.3,4.5038560414911));
#3566=CARTESIAN_POINT('Ctrl Pts',(8.91515224627194,-10.3,4.00280730089987));
#3567=CARTESIAN_POINT('Ctrl Pts',(8.52308987917328,-10.3,3.64705345974001));
#3568=CARTESIAN_POINT('Ctrl Pts',(8.3336245306438,-10.3,3.47513431839307));
#3569=CARTESIAN_POINT('Origin',(8.22723695244639,-10.5,4.88803443513146));
#3570=CARTESIAN_POINT('',(8.22723695244639,-10.5,4.88803443513146));
#3571=CARTESIAN_POINT('',(-0.168542077894114,-10.5,5.99436893878874));
#3572=CARTESIAN_POINT('',(8.22723695244639,-10.3,4.88803443513146));
#3573=CARTESIAN_POINT('',(8.22723695244639,-10.5,4.88803443513146));
#3574=CARTESIAN_POINT('',(8.22723695244639,-10.3,4.88803443513146));
#3575=CARTESIAN_POINT('Ctrl Pts',(7.65260143480324,-10.5,4.04334670312984));
#3576=CARTESIAN_POINT('Ctrl Pts',(7.65260143480324,-10.3,4.04334670312984));
#3577=CARTESIAN_POINT('Ctrl Pts',(7.76912457062329,-10.5,4.1515854149226));
#3578=CARTESIAN_POINT('Ctrl Pts',(7.76912457062329,-10.3,4.1515854149226));
#3579=CARTESIAN_POINT('Ctrl Pts',(8.02432301684,-10.5,4.38864006398962));
#3580=CARTESIAN_POINT('Ctrl Pts',(8.02432301684,-10.3,4.38864006398962));
#3581=CARTESIAN_POINT('Ctrl Pts',(8.15579489129977,-10.5,4.71220736296524));
#3582=CARTESIAN_POINT('Ctrl Pts',(8.15579489129977,-10.3,4.71220736296524));
#3583=CARTESIAN_POINT('Ctrl Pts',(8.22723695244639,-10.5,4.88803443513146));
#3584=CARTESIAN_POINT('Ctrl Pts',(8.22723695244639,-10.3,4.88803443513146));
#3585=CARTESIAN_POINT('Ctrl Pts',(7.65260143480324,-10.5,4.04334670312984));
#3586=CARTESIAN_POINT('Ctrl Pts',(7.76912457062329,-10.5,4.1515854149226));
#3587=CARTESIAN_POINT('Ctrl Pts',(8.02432301684,-10.5,4.38864006398962));
#3588=CARTESIAN_POINT('Ctrl Pts',(8.15579489129977,-10.5,4.71220736296524));
#3589=CARTESIAN_POINT('Ctrl Pts',(8.22723695244639,-10.5,4.88803443513146));
#3590=CARTESIAN_POINT('Ctrl Pts',(7.65260143480324,-10.3,4.04334670312984));
#3591=CARTESIAN_POINT('Ctrl Pts',(7.76912457062329,-10.3,4.1515854149226));
#3592=CARTESIAN_POINT('Ctrl Pts',(8.02432301684,-10.3,4.38864006398962));
#3593=CARTESIAN_POINT('Ctrl Pts',(8.15579489129977,-10.3,4.71220736296524));
#3594=CARTESIAN_POINT('Ctrl Pts',(8.22723695244639,-10.3,4.88803443513146));
#3595=CARTESIAN_POINT('Origin',(13.0099813805686,-10.3,5.81768513413835));
#3596=CARTESIAN_POINT('Ctrl Pts',(25.9931790129146,-10.5,7.79535762315512));
#3597=CARTESIAN_POINT('Ctrl Pts',(25.9931790129146,-10.3,7.79535762315512));
#3598=CARTESIAN_POINT('Ctrl Pts',(25.7909637210687,-10.5,7.78020538531226));
#3599=CARTESIAN_POINT('Ctrl Pts',(25.7909637210687,-10.3,7.78020538531226));
#3600=CARTESIAN_POINT('Ctrl Pts',(25.3916571329269,-10.5,7.75028485684722));
#3601=CARTESIAN_POINT('Ctrl Pts',(25.3916571329269,-10.3,7.75028485684722));
#3602=CARTESIAN_POINT('Ctrl Pts',(25.0779719035704,-10.5,7.50187588594217));
#3603=CARTESIAN_POINT('Ctrl Pts',(25.0779719035704,-10.3,7.50187588594217));
#3604=CARTESIAN_POINT('Ctrl Pts',(24.9231419300144,-10.5,7.37926522150251));
#3605=CARTESIAN_POINT('Ctrl Pts',(24.9231419300144,-10.3,7.37926522150251));
#3606=CARTESIAN_POINT('',(25.9931790129146,-10.5,7.79535762315512));
#3607=CARTESIAN_POINT('',(24.9231419300144,-10.5,7.37926522150251));
#3608=CARTESIAN_POINT('Ctrl Pts',(25.9931790129146,-10.5,7.79535762315512));
#3609=CARTESIAN_POINT('Ctrl Pts',(25.7909637210687,-10.5,7.78020538531226));
#3610=CARTESIAN_POINT('Ctrl Pts',(25.3916571329269,-10.5,7.75028485684722));
#3611=CARTESIAN_POINT('Ctrl Pts',(25.0779719035704,-10.5,7.50187588594217));
#3612=CARTESIAN_POINT('Ctrl Pts',(24.9231419300144,-10.5,7.37926522150251));
#3613=CARTESIAN_POINT('',(25.9931790129146,-10.3,7.79535762315512));
#3614=CARTESIAN_POINT('',(25.9931790129146,-10.5,7.79535762315512));
#3615=CARTESIAN_POINT('',(24.9231419300144,-10.3,7.37926522150251));
#3616=CARTESIAN_POINT('Ctrl Pts',(25.9931790129146,-10.3,7.79535762315512));
#3617=CARTESIAN_POINT('Ctrl Pts',(25.7909637210687,-10.3,7.78020538531226));
#3618=CARTESIAN_POINT('Ctrl Pts',(25.3916571329269,-10.3,7.75028485684722));
#3619=CARTESIAN_POINT('Ctrl Pts',(25.0779719035704,-10.3,7.50187588594217));
#3620=CARTESIAN_POINT('Ctrl Pts',(24.9231419300144,-10.3,7.37926522150251));
#3621=CARTESIAN_POINT('',(24.9231419300144,-10.5,7.37926522150251));
#3622=CARTESIAN_POINT('Ctrl Pts',(27.1297526084365,-10.5,7.25420317578261));
#3623=CARTESIAN_POINT('Ctrl Pts',(27.1297526084365,-10.3,7.25420317578261));
#3624=CARTESIAN_POINT('Ctrl Pts',(26.972962677955,-10.5,7.41064380351621));
#3625=CARTESIAN_POINT('Ctrl Pts',(26.972962677955,-10.3,7.41064380351621));
#3626=CARTESIAN_POINT('Ctrl Pts',(26.6580104868554,-10.5,7.72489433178906));
#3627=CARTESIAN_POINT('Ctrl Pts',(26.6580104868554,-10.3,7.72489433178906));
#3628=CARTESIAN_POINT('Ctrl Pts',(26.2154323143446,-10.5,7.77180173004599));
#3629=CARTESIAN_POINT('Ctrl Pts',(26.2154323143446,-10.3,7.77180173004599));
#3630=CARTESIAN_POINT('Ctrl Pts',(25.9931790129146,-10.5,7.79535762315512));
#3631=CARTESIAN_POINT('Ctrl Pts',(25.9931790129146,-10.3,7.79535762315512));
#3632=CARTESIAN_POINT('',(27.1297526084365,-10.5,7.25420317578261));
#3633=CARTESIAN_POINT('Ctrl Pts',(27.1297526084365,-10.5,7.25420317578261));
#3634=CARTESIAN_POINT('Ctrl Pts',(26.972962677955,-10.5,7.41064380351621));
#3635=CARTESIAN_POINT('Ctrl Pts',(26.6580104868554,-10.5,7.72489433178906));
#3636=CARTESIAN_POINT('Ctrl Pts',(26.2154323143446,-10.5,7.77180173004599));
#3637=CARTESIAN_POINT('Ctrl Pts',(25.9931790129146,-10.5,7.79535762315512));
#3638=CARTESIAN_POINT('',(27.1297526084365,-10.3,7.25420317578261));
#3639=CARTESIAN_POINT('',(27.1297526084365,-10.5,7.25420317578261));
#3640=CARTESIAN_POINT('Ctrl Pts',(27.1297526084365,-10.3,7.25420317578261));
#3641=CARTESIAN_POINT('Ctrl Pts',(26.972962677955,-10.3,7.41064380351621));
#3642=CARTESIAN_POINT('Ctrl Pts',(26.6580104868554,-10.3,7.72489433178906));
#3643=CARTESIAN_POINT('Ctrl Pts',(26.2154323143446,-10.3,7.77180173004599));
#3644=CARTESIAN_POINT('Ctrl Pts',(25.9931790129146,-10.3,7.79535762315512));
#3645=CARTESIAN_POINT('Ctrl Pts',(27.4694129218634,-10.5,6.22314942153441));
#3646=CARTESIAN_POINT('Ctrl Pts',(27.4694129218634,-10.3,6.22314942153441));
#3647=CARTESIAN_POINT('Ctrl Pts',(27.4477661926196,-10.5,6.42897407623428));
#3648=CARTESIAN_POINT('Ctrl Pts',(27.4477661926196,-10.3,6.42897407623428));
#3649=CARTESIAN_POINT('Ctrl Pts',(27.4088951455126,-10.5,6.79857355514556));
#3650=CARTESIAN_POINT('Ctrl Pts',(27.4088951455126,-10.3,6.79857355514556));
#3651=CARTESIAN_POINT('Ctrl Pts',(27.2154644990768,-10.5,7.11430018347782));
#3652=CARTESIAN_POINT('Ctrl Pts',(27.2154644990768,-10.3,7.11430018347782));
#3653=CARTESIAN_POINT('Ctrl Pts',(27.1297526084365,-10.5,7.25420317578261));
#3654=CARTESIAN_POINT('Ctrl Pts',(27.1297526084365,-10.3,7.25420317578261));
#3655=CARTESIAN_POINT('',(27.4694129218634,-10.5,6.22314942153441));
#3656=CARTESIAN_POINT('Ctrl Pts',(27.4694129218634,-10.5,6.22314942153441));
#3657=CARTESIAN_POINT('Ctrl Pts',(27.4477661926196,-10.5,6.42897407623428));
#3658=CARTESIAN_POINT('Ctrl Pts',(27.4088951455126,-10.5,6.79857355514556));
#3659=CARTESIAN_POINT('Ctrl Pts',(27.2154644990768,-10.5,7.11430018347782));
#3660=CARTESIAN_POINT('Ctrl Pts',(27.1297526084365,-10.5,7.25420317578261));
#3661=CARTESIAN_POINT('',(27.4694129218634,-10.3,6.22314942153441));
#3662=CARTESIAN_POINT('',(27.4694129218634,-10.5,6.22314942153441));
#3663=CARTESIAN_POINT('Ctrl Pts',(27.4694129218634,-10.3,6.22314942153441));
#3664=CARTESIAN_POINT('Ctrl Pts',(27.4477661926196,-10.3,6.42897407623428));
#3665=CARTESIAN_POINT('Ctrl Pts',(27.4088951455126,-10.3,6.79857355514556));
#3666=CARTESIAN_POINT('Ctrl Pts',(27.2154644990768,-10.3,7.11430018347782));
#3667=CARTESIAN_POINT('Ctrl Pts',(27.1297526084365,-10.3,7.25420317578261));
#3668=CARTESIAN_POINT('Origin',(24.4357453073219,-10.5,6.24737772435127));
#3669=CARTESIAN_POINT('',(24.4357453073219,-10.5,6.24737772435127));
#3670=CARTESIAN_POINT('',(7.49390052295091,-10.5,6.38268330092278));
#3671=CARTESIAN_POINT('',(24.4357453073219,-10.3,6.24737772435127));
#3672=CARTESIAN_POINT('',(24.4357453073219,-10.5,6.24737772435127));
#3673=CARTESIAN_POINT('',(24.4357453073219,-10.3,6.24737772435127));
#3674=CARTESIAN_POINT('Ctrl Pts',(24.9231419300144,-10.5,7.37926522150251));
#3675=CARTESIAN_POINT('Ctrl Pts',(24.9231419300144,-10.3,7.37926522150251));
#3676=CARTESIAN_POINT('Ctrl Pts',(24.7936240443179,-10.5,7.22192671246311));
#3677=CARTESIAN_POINT('Ctrl Pts',(24.7936240443179,-10.3,7.22192671246311));
#3678=CARTESIAN_POINT('Ctrl Pts',(24.5224711458481,-10.5,6.89252979143144));
#3679=CARTESIAN_POINT('Ctrl Pts',(24.5224711458481,-10.3,6.89252979143144));
#3680=CARTESIAN_POINT('Ctrl Pts',(24.4655025141414,-10.5,6.4687410898298));
#3681=CARTESIAN_POINT('Ctrl Pts',(24.4655025141414,-10.3,6.4687410898298));
#3682=CARTESIAN_POINT('Ctrl Pts',(24.4357453073219,-10.5,6.24737772435127));
#3683=CARTESIAN_POINT('Ctrl Pts',(24.4357453073219,-10.3,6.24737772435127));
#3684=CARTESIAN_POINT('Ctrl Pts',(24.9231419300144,-10.5,7.37926522150251));
#3685=CARTESIAN_POINT('Ctrl Pts',(24.7936240443179,-10.5,7.22192671246311));
#3686=CARTESIAN_POINT('Ctrl Pts',(24.5224711458481,-10.5,6.89252979143144));
#3687=CARTESIAN_POINT('Ctrl Pts',(24.4655025141414,-10.5,6.4687410898298));
#3688=CARTESIAN_POINT('Ctrl Pts',(24.4357453073219,-10.5,6.24737772435127));
#3689=CARTESIAN_POINT('Ctrl Pts',(24.9231419300144,-10.3,7.37926522150251));
#3690=CARTESIAN_POINT('Ctrl Pts',(24.7936240443179,-10.3,7.22192671246311));
#3691=CARTESIAN_POINT('Ctrl Pts',(24.5224711458481,-10.3,6.89252979143144));
#3692=CARTESIAN_POINT('Ctrl Pts',(24.4655025141414,-10.3,6.4687410898298));
#3693=CARTESIAN_POINT('Ctrl Pts',(24.4357453073219,-10.3,6.24737772435127));
#3694=CARTESIAN_POINT('Ctrl Pts',(26.0059631917352,-10.5,3.63072976634729));
#3695=CARTESIAN_POINT('Ctrl Pts',(26.0059631917352,-10.3,3.63072976634729));
#3696=CARTESIAN_POINT('Ctrl Pts',(26.1664773540818,-10.5,3.63893545652672));
#3697=CARTESIAN_POINT('Ctrl Pts',(26.1664773540818,-10.3,3.63893545652672));
#3698=CARTESIAN_POINT('Ctrl Pts',(26.4768875498027,-10.5,3.65480402449222));
#3699=CARTESIAN_POINT('Ctrl Pts',(26.4768875498027,-10.3,3.65480402449222));
#3700=CARTESIAN_POINT('Ctrl Pts',(26.7437766937962,-10.5,3.8133061313006));
#3701=CARTESIAN_POINT('Ctrl Pts',(26.7437766937962,-10.3,3.8133061313006));
#3702=CARTESIAN_POINT('Ctrl Pts',(26.8726565585261,-10.5,3.88984626245465));
#3703=CARTESIAN_POINT('Ctrl Pts',(26.8726565585261,-10.3,3.88984626245465));
#3704=CARTESIAN_POINT('',(26.0059631917352,-10.5,3.63072976634729));
#3705=CARTESIAN_POINT('',(26.8726565585261,-10.5,3.88984626245465));
#3706=CARTESIAN_POINT('Ctrl Pts',(26.0059631917352,-10.5,3.63072976634729));
#3707=CARTESIAN_POINT('Ctrl Pts',(26.1664773540818,-10.5,3.63893545652672));
#3708=CARTESIAN_POINT('Ctrl Pts',(26.4768875498027,-10.5,3.65480402449222));
#3709=CARTESIAN_POINT('Ctrl Pts',(26.7437766937962,-10.5,3.8133061313006));
#3710=CARTESIAN_POINT('Ctrl Pts',(26.8726565585261,-10.5,3.88984626245465));
#3711=CARTESIAN_POINT('',(26.0059631917352,-10.3,3.63072976634729));
#3712=CARTESIAN_POINT('',(26.0059631917352,-10.5,3.63072976634729));
#3713=CARTESIAN_POINT('',(26.8726565585261,-10.3,3.88984626245465));
#3714=CARTESIAN_POINT('Ctrl Pts',(26.0059631917352,-10.3,3.63072976634729));
#3715=CARTESIAN_POINT('Ctrl Pts',(26.1664773540818,-10.3,3.63893545652672));
#3716=CARTESIAN_POINT('Ctrl Pts',(26.4768875498027,-10.3,3.65480402449222));
#3717=CARTESIAN_POINT('Ctrl Pts',(26.7437766937962,-10.3,3.8133061313006));
#3718=CARTESIAN_POINT('Ctrl Pts',(26.8726565585261,-10.3,3.88984626245465));
#3719=CARTESIAN_POINT('',(26.8726565585261,-10.5,3.88984626245465));
#3720=CARTESIAN_POINT('Ctrl Pts',(24.8740540814491,-10.5,4.11556944086274));
#3721=CARTESIAN_POINT('Ctrl Pts',(24.8740540814491,-10.3,4.11556944086274));
#3722=CARTESIAN_POINT('Ctrl Pts',(25.0351233518946,-10.5,3.97551135346666));
#3723=CARTESIAN_POINT('Ctrl Pts',(25.0351233518946,-10.3,3.97551135346666));
#3724=CARTESIAN_POINT('Ctrl Pts',(25.360265413293,-10.5,3.6927834617619));
#3725=CARTESIAN_POINT('Ctrl Pts',(25.360265413293,-10.3,3.6927834617619));
#3726=CARTESIAN_POINT('Ctrl Pts',(25.7894091846115,-10.5,3.6515413237779));
#3727=CARTESIAN_POINT('Ctrl Pts',(25.7894091846115,-10.3,3.6515413237779));
#3728=CARTESIAN_POINT('Ctrl Pts',(26.0059631917352,-10.5,3.63072976634729));
#3729=CARTESIAN_POINT('Ctrl Pts',(26.0059631917352,-10.3,3.63072976634729));
#3730=CARTESIAN_POINT('',(24.8740540814491,-10.5,4.11556944086274));
#3731=CARTESIAN_POINT('Ctrl Pts',(24.8740540814491,-10.5,4.11556944086274));
#3732=CARTESIAN_POINT('Ctrl Pts',(25.0351233518946,-10.5,3.97551135346666));
#3733=CARTESIAN_POINT('Ctrl Pts',(25.360265413293,-10.5,3.6927834617619));
#3734=CARTESIAN_POINT('Ctrl Pts',(25.7894091846115,-10.5,3.6515413237779));
#3735=CARTESIAN_POINT('Ctrl Pts',(26.0059631917352,-10.5,3.63072976634729));
#3736=CARTESIAN_POINT('',(24.8740540814491,-10.3,4.11556944086274));
#3737=CARTESIAN_POINT('',(24.8740540814491,-10.5,4.11556944086274));
#3738=CARTESIAN_POINT('Ctrl Pts',(24.8740540814491,-10.3,4.11556944086274));
#3739=CARTESIAN_POINT('Ctrl Pts',(25.0351233518946,-10.3,3.97551135346666));
#3740=CARTESIAN_POINT('Ctrl Pts',(25.360265413293,-10.3,3.6927834617619));
#3741=CARTESIAN_POINT('Ctrl Pts',(25.7894091846115,-10.3,3.6515413237779));
#3742=CARTESIAN_POINT('Ctrl Pts',(26.0059631917352,-10.3,3.63072976634729));
#3743=CARTESIAN_POINT('Ctrl Pts',(24.3785402197284,-10.5,5.49064846937319));
#3744=CARTESIAN_POINT('Ctrl Pts',(24.3785402197284,-10.3,5.49064846937319));
#3745=CARTESIAN_POINT('Ctrl Pts',(24.4029711252653,-10.5,5.21764320595853));
#3746=CARTESIAN_POINT('Ctrl Pts',(24.4029711252653,-10.3,5.21764320595853));
#3747=CARTESIAN_POINT('Ctrl Pts',(24.4480472688406,-10.5,4.71393594746599));
#3748=CARTESIAN_POINT('Ctrl Pts',(24.4480472688406,-10.3,4.71393594746599));
#3749=CARTESIAN_POINT('Ctrl Pts',(24.7402313918414,-10.5,4.30353595434283));
#3750=CARTESIAN_POINT('Ctrl Pts',(24.7402313918414,-10.3,4.30353595434283));
#3751=CARTESIAN_POINT('Ctrl Pts',(24.8740540814491,-10.5,4.11556944086274));
#3752=CARTESIAN_POINT('Ctrl Pts',(24.8740540814491,-10.3,4.11556944086274));
#3753=CARTESIAN_POINT('',(24.3785402197284,-10.5,5.49064846937319));
#3754=CARTESIAN_POINT('Ctrl Pts',(24.3785402197284,-10.5,5.49064846937319));
#3755=CARTESIAN_POINT('Ctrl Pts',(24.4029711252653,-10.5,5.21764320595853));
#3756=CARTESIAN_POINT('Ctrl Pts',(24.4480472688406,-10.5,4.71393594746599));
#3757=CARTESIAN_POINT('Ctrl Pts',(24.7402313918414,-10.5,4.30353595434283));
#3758=CARTESIAN_POINT('Ctrl Pts',(24.8740540814491,-10.5,4.11556944086274));
#3759=CARTESIAN_POINT('',(24.3785402197284,-10.3,5.49064846937319));
#3760=CARTESIAN_POINT('',(24.3785402197284,-10.5,5.49064846937319));
#3761=CARTESIAN_POINT('Ctrl Pts',(24.3785402197284,-10.3,5.49064846937319));
#3762=CARTESIAN_POINT('Ctrl Pts',(24.4029711252653,-10.3,5.21764320595853));
#3763=CARTESIAN_POINT('Ctrl Pts',(24.4480472688406,-10.3,4.71393594746599));
#3764=CARTESIAN_POINT('Ctrl Pts',(24.7402313918414,-10.3,4.30353595434283));
#3765=CARTESIAN_POINT('Ctrl Pts',(24.8740540814491,-10.3,4.11556944086274));
#3766=CARTESIAN_POINT('Origin',(28.4302536945792,-10.5,5.45828957134321));
#3767=CARTESIAN_POINT('',(28.4302536945792,-10.5,5.45828957134321));
#3768=CARTESIAN_POINT('',(9.4881312863756,-10.5,5.60957031004379));
#3769=CARTESIAN_POINT('',(28.4302536945792,-10.3,5.45828957134321));
#3770=CARTESIAN_POINT('',(28.4302536945792,-10.5,5.45828957134321));
#3771=CARTESIAN_POINT('',(28.4302536945792,-10.3,5.45828957134321));
#3772=CARTESIAN_POINT('Ctrl Pts',(28.4373287517362,-10.5,5.70380667007781));
#3773=CARTESIAN_POINT('Ctrl Pts',(28.4373287517362,-10.3,5.70380667007781));
#3774=CARTESIAN_POINT('Ctrl Pts',(28.4367318617308,-10.5,5.66970198331008));
#3775=CARTESIAN_POINT('Ctrl Pts',(28.4367318617308,-10.3,5.66970198331008));
#3776=CARTESIAN_POINT('Ctrl Pts',(28.4352990920082,-10.5,5.58783738152058));
#3777=CARTESIAN_POINT('Ctrl Pts',(28.4352990920082,-10.3,5.58783738152058));
#3778=CARTESIAN_POINT('Ctrl Pts',(28.4321126619905,-10.5,5.50602122394668));
#3779=CARTESIAN_POINT('Ctrl Pts',(28.4321126619905,-10.3,5.50602122394668));
#3780=CARTESIAN_POINT('Ctrl Pts',(28.4302536945792,-10.5,5.45828957134321));
#3781=CARTESIAN_POINT('Ctrl Pts',(28.4302536945792,-10.3,5.45828957134321));
#3782=CARTESIAN_POINT('',(28.4373287517362,-10.5,5.70380667007781));
#3783=CARTESIAN_POINT('Ctrl Pts',(28.4373287517362,-10.5,5.70380667007781));
#3784=CARTESIAN_POINT('Ctrl Pts',(28.4367318617308,-10.5,5.66970198331008));
#3785=CARTESIAN_POINT('Ctrl Pts',(28.4352990920082,-10.5,5.58783738152058));
#3786=CARTESIAN_POINT('Ctrl Pts',(28.4321126619905,-10.5,5.50602122394668));
#3787=CARTESIAN_POINT('Ctrl Pts',(28.4302536945792,-10.5,5.45828957134321));
#3788=CARTESIAN_POINT('',(28.4373287517362,-10.3,5.70380667007781));
#3789=CARTESIAN_POINT('',(28.4373287517362,-10.5,5.70380667007781));
#3790=CARTESIAN_POINT('Ctrl Pts',(28.4373287517362,-10.3,5.70380667007781));
#3791=CARTESIAN_POINT('Ctrl Pts',(28.4367318617308,-10.3,5.66970198331008));
#3792=CARTESIAN_POINT('Ctrl Pts',(28.4352990920082,-10.3,5.58783738152058));
#3793=CARTESIAN_POINT('Ctrl Pts',(28.4321126619905,-10.3,5.50602122394668));
#3794=CARTESIAN_POINT('Ctrl Pts',(28.4302536945792,-10.3,5.45828957134321));
#3795=CARTESIAN_POINT('Ctrl Pts',(27.7633671860051,-10.5,7.79656845155657));
#3796=CARTESIAN_POINT('Ctrl Pts',(27.7633671860051,-10.3,7.79656845155657));
#3797=CARTESIAN_POINT('Ctrl Pts',(27.9621785144919,-10.5,7.50728647696052));
#3798=CARTESIAN_POINT('Ctrl Pts',(27.9621785144919,-10.3,7.50728647696052));
#3799=CARTESIAN_POINT('Ctrl Pts',(28.3934834714216,-10.5,6.87971283443543));
#3800=CARTESIAN_POINT('Ctrl Pts',(28.3934834714216,-10.3,6.87971283443543));
#3801=CARTESIAN_POINT('Ctrl Pts',(28.4219720629226,-10.5,6.11566456927241));
#3802=CARTESIAN_POINT('Ctrl Pts',(28.4219720629226,-10.3,6.11566456927241));
#3803=CARTESIAN_POINT('Ctrl Pts',(28.4373287517362,-10.5,5.70380667007781));
#3804=CARTESIAN_POINT('Ctrl Pts',(28.4373287517362,-10.3,5.70380667007781));
#3805=CARTESIAN_POINT('',(27.7633671860051,-10.5,7.79656845155657));
#3806=CARTESIAN_POINT('Ctrl Pts',(27.7633671860051,-10.5,7.79656845155657));
#3807=CARTESIAN_POINT('Ctrl Pts',(27.9621785144919,-10.5,7.50728647696052));
#3808=CARTESIAN_POINT('Ctrl Pts',(28.3934834714216,-10.5,6.87971283443543));
#3809=CARTESIAN_POINT('Ctrl Pts',(28.4219720629226,-10.5,6.11566456927241));
#3810=CARTESIAN_POINT('Ctrl Pts',(28.4373287517362,-10.5,5.70380667007781));
#3811=CARTESIAN_POINT('',(27.7633671860051,-10.3,7.79656845155657));
#3812=CARTESIAN_POINT('',(27.7633671860051,-10.5,7.79656845155657));
#3813=CARTESIAN_POINT('Ctrl Pts',(27.7633671860051,-10.3,7.79656845155657));
#3814=CARTESIAN_POINT('Ctrl Pts',(27.9621785144919,-10.3,7.50728647696052));
#3815=CARTESIAN_POINT('Ctrl Pts',(28.3934834714216,-10.3,6.87971283443543));
#3816=CARTESIAN_POINT('Ctrl Pts',(28.4219720629226,-10.3,6.11566456927241));
#3817=CARTESIAN_POINT('Ctrl Pts',(28.4373287517362,-10.3,5.70380667007781));
#3818=CARTESIAN_POINT('Ctrl Pts',(25.9889932789868,-10.5,8.55257777030323));
#3819=CARTESIAN_POINT('Ctrl Pts',(25.9889932789868,-10.3,8.55257777030323));
#3820=CARTESIAN_POINT('Ctrl Pts',(26.3328827362262,-10.5,8.52154272955801));
#3821=CARTESIAN_POINT('Ctrl Pts',(26.3328827362262,-10.3,8.52154272955801));
#3822=CARTESIAN_POINT('Ctrl Pts',(27.006809604129,-10.5,8.46072275568454));
#3823=CARTESIAN_POINT('Ctrl Pts',(27.006809604129,-10.3,8.46072275568454));
#3824=CARTESIAN_POINT('Ctrl Pts',(27.5146608219732,-10.5,8.01489869646165));
#3825=CARTESIAN_POINT('Ctrl Pts',(27.5146608219732,-10.3,8.01489869646165));
#3826=CARTESIAN_POINT('Ctrl Pts',(27.7633671860051,-10.5,7.79656845155657));
#3827=CARTESIAN_POINT('Ctrl Pts',(27.7633671860051,-10.3,7.79656845155657));
#3828=CARTESIAN_POINT('',(25.9889932789868,-10.5,8.55257777030323));
#3829=CARTESIAN_POINT('Ctrl Pts',(25.9889932789868,-10.5,8.55257777030323));
#3830=CARTESIAN_POINT('Ctrl Pts',(26.3328827362262,-10.5,8.52154272955801));
#3831=CARTESIAN_POINT('Ctrl Pts',(27.006809604129,-10.5,8.46072275568454));
#3832=CARTESIAN_POINT('Ctrl Pts',(27.5146608219732,-10.5,8.01489869646165));
#3833=CARTESIAN_POINT('Ctrl Pts',(27.7633671860051,-10.5,7.79656845155657));
#3834=CARTESIAN_POINT('',(25.9889932789868,-10.3,8.55257777030323));
#3835=CARTESIAN_POINT('',(25.9889932789868,-10.5,8.55257777030323));
#3836=CARTESIAN_POINT('Ctrl Pts',(25.9889932789868,-10.3,8.55257777030323));
#3837=CARTESIAN_POINT('Ctrl Pts',(26.3328827362262,-10.3,8.52154272955801));
#3838=CARTESIAN_POINT('Ctrl Pts',(27.006809604129,-10.3,8.46072275568454));
#3839=CARTESIAN_POINT('Ctrl Pts',(27.5146608219732,-10.3,8.01489869646165));
#3840=CARTESIAN_POINT('Ctrl Pts',(27.7633671860051,-10.3,7.79656845155657));
#3841=CARTESIAN_POINT('Ctrl Pts',(24.1514899861144,-10.5,7.81006622182358));
#3842=CARTESIAN_POINT('Ctrl Pts',(24.1514899861144,-10.3,7.81006622182358));
#3843=CARTESIAN_POINT('Ctrl Pts',(24.4103203357701,-10.5,8.02881055197852));
#3844=CARTESIAN_POINT('Ctrl Pts',(24.4103203357701,-10.3,8.02881055197852));
#3845=CARTESIAN_POINT('Ctrl Pts',(24.9405536132269,-10.5,8.47692462846697));
#3846=CARTESIAN_POINT('Ctrl Pts',(24.9405536132269,-10.3,8.47692462846697));
#3847=CARTESIAN_POINT('Ctrl Pts',(25.6340322716824,-10.5,8.52696455066938));
#3848=CARTESIAN_POINT('Ctrl Pts',(25.6340322716824,-10.3,8.52696455066938));
#3849=CARTESIAN_POINT('Ctrl Pts',(25.9889932789868,-10.5,8.55257777030323));
#3850=CARTESIAN_POINT('Ctrl Pts',(25.9889932789868,-10.3,8.55257777030323));
#3851=CARTESIAN_POINT('',(24.1514899861144,-10.5,7.81006622182358));
#3852=CARTESIAN_POINT('Ctrl Pts',(24.1514899861144,-10.5,7.81006622182358));
#3853=CARTESIAN_POINT('Ctrl Pts',(24.4103203357701,-10.5,8.02881055197852));
#3854=CARTESIAN_POINT('Ctrl Pts',(24.9405536132269,-10.5,8.47692462846697));
#3855=CARTESIAN_POINT('Ctrl Pts',(25.6340322716824,-10.5,8.52696455066938));
#3856=CARTESIAN_POINT('Ctrl Pts',(25.9889932789868,-10.5,8.55257777030323));
#3857=CARTESIAN_POINT('',(24.1514899861144,-10.3,7.81006622182358));
#3858=CARTESIAN_POINT('',(24.1514899861144,-10.5,7.81006622182358));
#3859=CARTESIAN_POINT('Ctrl Pts',(24.1514899861144,-10.3,7.81006622182358));
#3860=CARTESIAN_POINT('Ctrl Pts',(24.4103203357701,-10.3,8.02881055197852));
#3861=CARTESIAN_POINT('Ctrl Pts',(24.9405536132269,-10.3,8.47692462846697));
#3862=CARTESIAN_POINT('Ctrl Pts',(25.6340322716824,-10.3,8.52696455066938));
#3863=CARTESIAN_POINT('Ctrl Pts',(25.9889932789868,-10.3,8.55257777030323));
#3864=CARTESIAN_POINT('Ctrl Pts',(23.4285131967711,-10.5,5.68753191742533));
#3865=CARTESIAN_POINT('Ctrl Pts',(23.4285131967711,-10.3,5.68753191742533));
#3866=CARTESIAN_POINT('Ctrl Pts',(23.451016757764,-10.5,6.10706004699152));
#3867=CARTESIAN_POINT('Ctrl Pts',(23.451016757764,-10.3,6.10706004699152));
#3868=CARTESIAN_POINT('Ctrl Pts',(23.4927876676226,-10.5,6.88578443149485));
#3869=CARTESIAN_POINT('Ctrl Pts',(23.4927876676226,-10.3,6.88578443149485));
#3870=CARTESIAN_POINT('Ctrl Pts',(23.9435638814987,-10.5,7.51830724840701));
#3871=CARTESIAN_POINT('Ctrl Pts',(23.9435638814987,-10.3,7.51830724840701));
#3872=CARTESIAN_POINT('Ctrl Pts',(24.1514899861144,-10.5,7.81006622182358));
#3873=CARTESIAN_POINT('Ctrl Pts',(24.1514899861144,-10.3,7.81006622182358));
#3874=CARTESIAN_POINT('',(23.4285131967711,-10.5,5.68753191742533));
#3875=CARTESIAN_POINT('Ctrl Pts',(23.4285131967711,-10.5,5.68753191742533));
#3876=CARTESIAN_POINT('Ctrl Pts',(23.451016757764,-10.5,6.10706004699152));
#3877=CARTESIAN_POINT('Ctrl Pts',(23.4927876676226,-10.5,6.88578443149485));
#3878=CARTESIAN_POINT('Ctrl Pts',(23.9435638814987,-10.5,7.51830724840701));
#3879=CARTESIAN_POINT('Ctrl Pts',(24.1514899861144,-10.5,7.81006622182358));
#3880=CARTESIAN_POINT('',(23.4285131967711,-10.3,5.68753191742533));
#3881=CARTESIAN_POINT('',(23.4285131967711,-10.5,5.68753191742533));
#3882=CARTESIAN_POINT('Ctrl Pts',(23.4285131967711,-10.3,5.68753191742533));
#3883=CARTESIAN_POINT('Ctrl Pts',(23.451016757764,-10.3,6.10706004699152));
#3884=CARTESIAN_POINT('Ctrl Pts',(23.4927876676226,-10.3,6.88578443149485));
#3885=CARTESIAN_POINT('Ctrl Pts',(23.9435638814987,-10.3,7.51830724840701));
#3886=CARTESIAN_POINT('Ctrl Pts',(24.1514899861144,-10.3,7.81006622182358));
#3887=CARTESIAN_POINT('Ctrl Pts',(24.1103739316731,-10.5,3.62284640555222));
#3888=CARTESIAN_POINT('Ctrl Pts',(24.1103739316731,-10.3,3.62284640555222));
#3889=CARTESIAN_POINT('Ctrl Pts',(23.9092658535011,-10.5,3.90817799115784));
#3890=CARTESIAN_POINT('Ctrl Pts',(23.9092658535011,-10.3,3.90817799115784));
#3891=CARTESIAN_POINT('Ctrl Pts',(23.4747917801384,-10.5,4.52460860589992));
#3892=CARTESIAN_POINT('Ctrl Pts',(23.4747917801384,-10.3,4.52460860589992));
#3893=CARTESIAN_POINT('Ctrl Pts',(23.4446845051009,-10.5,5.28116702753111));
#3894=CARTESIAN_POINT('Ctrl Pts',(23.4446845051009,-10.3,5.28116702753111));
#3895=CARTESIAN_POINT('Ctrl Pts',(23.4285131967711,-10.5,5.68753191742533));
#3896=CARTESIAN_POINT('Ctrl Pts',(23.4285131967711,-10.3,5.68753191742533));
#3897=CARTESIAN_POINT('',(24.1103739316731,-10.5,3.62284640555222));
#3898=CARTESIAN_POINT('Ctrl Pts',(24.1103739316731,-10.5,3.62284640555222));
#3899=CARTESIAN_POINT('Ctrl Pts',(23.9092658535011,-10.5,3.90817799115784));
#3900=CARTESIAN_POINT('Ctrl Pts',(23.4747917801384,-10.5,4.52460860589992));
#3901=CARTESIAN_POINT('Ctrl Pts',(23.4446845051009,-10.5,5.28116702753111));
#3902=CARTESIAN_POINT('Ctrl Pts',(23.4285131967711,-10.5,5.68753191742533));
#3903=CARTESIAN_POINT('',(24.1103739316731,-10.3,3.62284640555222));
#3904=CARTESIAN_POINT('',(24.1103739316731,-10.5,3.62284640555222));
#3905=CARTESIAN_POINT('Ctrl Pts',(24.1103739316731,-10.3,3.62284640555222));
#3906=CARTESIAN_POINT('Ctrl Pts',(23.9092658535011,-10.3,3.90817799115784));
#3907=CARTESIAN_POINT('Ctrl Pts',(23.4747917801384,-10.3,4.52460860589992));
#3908=CARTESIAN_POINT('Ctrl Pts',(23.4446845051009,-10.3,5.28116702753111));
#3909=CARTESIAN_POINT('Ctrl Pts',(23.4285131967711,-10.3,5.68753191742533));
#3910=CARTESIAN_POINT('Ctrl Pts',(25.9948000270378,-10.5,2.87363220275514));
#3911=CARTESIAN_POINT('Ctrl Pts',(25.9948000270378,-10.3,2.87363220275514));
#3912=CARTESIAN_POINT('Ctrl Pts',(25.6241797367463,-10.5,2.9011667047463));
#3913=CARTESIAN_POINT('Ctrl Pts',(25.6241797367463,-10.3,2.9011667047463));
#3914=CARTESIAN_POINT('Ctrl Pts',(24.9154399301159,-10.5,2.95382112796078));
#3915=CARTESIAN_POINT('Ctrl Pts',(24.9154399301159,-10.3,2.95382112796078));
#3916=CARTESIAN_POINT('Ctrl Pts',(24.3703979101025,-10.5,3.40676149489192));
#3917=CARTESIAN_POINT('Ctrl Pts',(24.3703979101025,-10.3,3.40676149489192));
#3918=CARTESIAN_POINT('Ctrl Pts',(24.1103739316731,-10.5,3.62284640555222));
#3919=CARTESIAN_POINT('Ctrl Pts',(24.1103739316731,-10.3,3.62284640555222));
#3920=CARTESIAN_POINT('',(25.9948000270378,-10.5,2.87363220275514));
#3921=CARTESIAN_POINT('Ctrl Pts',(25.9948000270378,-10.5,2.87363220275514));
#3922=CARTESIAN_POINT('Ctrl Pts',(25.6241797367463,-10.5,2.9011667047463));
#3923=CARTESIAN_POINT('Ctrl Pts',(24.9154399301159,-10.5,2.95382112796078));
#3924=CARTESIAN_POINT('Ctrl Pts',(24.3703979101025,-10.5,3.40676149489192));
#3925=CARTESIAN_POINT('Ctrl Pts',(24.1103739316731,-10.5,3.62284640555222));
#3926=CARTESIAN_POINT('',(25.9948000270378,-10.3,2.87363220275514));
#3927=CARTESIAN_POINT('',(25.9948000270378,-10.5,2.87363220275514));
#3928=CARTESIAN_POINT('Ctrl Pts',(25.9948000270378,-10.3,2.87363220275514));
#3929=CARTESIAN_POINT('Ctrl Pts',(25.6241797367463,-10.3,2.9011667047463));
#3930=CARTESIAN_POINT('Ctrl Pts',(24.9154399301159,-10.3,2.95382112796078));
#3931=CARTESIAN_POINT('Ctrl Pts',(24.3703979101025,-10.3,3.40676149489192));
#3932=CARTESIAN_POINT('Ctrl Pts',(24.1103739316731,-10.3,3.62284640555222));
#3933=CARTESIAN_POINT('Ctrl Pts',(27.5536796543666,-10.5,3.32163387771788));
#3934=CARTESIAN_POINT('Ctrl Pts',(27.5536796543666,-10.3,3.32163387771788));
#3935=CARTESIAN_POINT('Ctrl Pts',(27.3273886946787,-10.5,3.18926435612915));
#3936=CARTESIAN_POINT('Ctrl Pts',(27.3273886946787,-10.3,3.18926435612915));
#3937=CARTESIAN_POINT('Ctrl Pts',(26.8469819118034,-10.5,2.90824908223178));
#3938=CARTESIAN_POINT('Ctrl Pts',(26.8469819118034,-10.3,2.90824908223178));
#3939=CARTESIAN_POINT('Ctrl Pts',(26.2896213155389,-10.5,2.8856082764005));
#3940=CARTESIAN_POINT('Ctrl Pts',(26.2896213155389,-10.3,2.8856082764005));
#3941=CARTESIAN_POINT('Ctrl Pts',(25.9948000270378,-10.5,2.87363220275514));
#3942=CARTESIAN_POINT('Ctrl Pts',(25.9948000270378,-10.3,2.87363220275514));
#3943=CARTESIAN_POINT('',(27.5536796543666,-10.5,3.32163387771788));
#3944=CARTESIAN_POINT('Ctrl Pts',(27.5536796543666,-10.5,3.32163387771788));
#3945=CARTESIAN_POINT('Ctrl Pts',(27.3273886946787,-10.5,3.18926435612915));
#3946=CARTESIAN_POINT('Ctrl Pts',(26.8469819118034,-10.5,2.90824908223178));
#3947=CARTESIAN_POINT('Ctrl Pts',(26.2896213155389,-10.5,2.8856082764005));
#3948=CARTESIAN_POINT('Ctrl Pts',(25.9948000270378,-10.5,2.87363220275514));
#3949=CARTESIAN_POINT('',(27.5536796543666,-10.3,3.32163387771788));
#3950=CARTESIAN_POINT('',(27.5536796543666,-10.5,3.32163387771788));
#3951=CARTESIAN_POINT('Ctrl Pts',(27.5536796543666,-10.3,3.32163387771788));
#3952=CARTESIAN_POINT('Ctrl Pts',(27.3273886946787,-10.3,3.18926435612915));
#3953=CARTESIAN_POINT('Ctrl Pts',(26.8469819118034,-10.3,2.90824908223178));
#3954=CARTESIAN_POINT('Ctrl Pts',(26.2896213155389,-10.3,2.8856082764005));
#3955=CARTESIAN_POINT('Ctrl Pts',(25.9948000270378,-10.3,2.87363220275514));
#3956=CARTESIAN_POINT('Ctrl Pts',(28.3978922858926,-10.5,4.60927098211169));
#3957=CARTESIAN_POINT('Ctrl Pts',(28.3978922858926,-10.3,4.60927098211169));
#3958=CARTESIAN_POINT('Ctrl Pts',(28.3083975067207,-10.5,4.35035554280135));
#3959=CARTESIAN_POINT('Ctrl Pts',(28.3083975067207,-10.3,4.35035554280135));
#3960=CARTESIAN_POINT('Ctrl Pts',(28.1352086147573,-10.5,3.84930644852745));
#3961=CARTESIAN_POINT('Ctrl Pts',(28.1352086147573,-10.3,3.84930644852745));
#3962=CARTESIAN_POINT('Ctrl Pts',(27.7431454792812,-10.5,3.49355294920498));
#3963=CARTESIAN_POINT('Ctrl Pts',(27.7431454792812,-10.3,3.49355294920498));
#3964=CARTESIAN_POINT('Ctrl Pts',(27.5536796543666,-10.5,3.32163387771788));
#3965=CARTESIAN_POINT('Ctrl Pts',(27.5536796543666,-10.3,3.32163387771788));
#3966=CARTESIAN_POINT('',(28.3978922858926,-10.5,4.60927098211169));
#3967=CARTESIAN_POINT('Ctrl Pts',(28.3978922858926,-10.5,4.60927098211169));
#3968=CARTESIAN_POINT('Ctrl Pts',(28.3083975067207,-10.5,4.35035554280135));
#3969=CARTESIAN_POINT('Ctrl Pts',(28.1352086147573,-10.5,3.84930644852745));
#3970=CARTESIAN_POINT('Ctrl Pts',(27.7431454792812,-10.5,3.49355294920498));
#3971=CARTESIAN_POINT('Ctrl Pts',(27.5536796543666,-10.5,3.32163387771788));
#3972=CARTESIAN_POINT('',(28.3978922858926,-10.3,4.60927098211169));
#3973=CARTESIAN_POINT('',(28.3978922858926,-10.5,4.60927098211169));
#3974=CARTESIAN_POINT('Ctrl Pts',(28.3978922858926,-10.3,4.60927098211169));
#3975=CARTESIAN_POINT('Ctrl Pts',(28.3083975067207,-10.3,4.35035554280135));
#3976=CARTESIAN_POINT('Ctrl Pts',(28.1352086147573,-10.3,3.84930644852745));
#3977=CARTESIAN_POINT('Ctrl Pts',(27.7431454792812,-10.3,3.49355294920498));
#3978=CARTESIAN_POINT('Ctrl Pts',(27.5536796543666,-10.3,3.32163387771788));
#3979=CARTESIAN_POINT('Origin',(27.4472932682241,-10.5,4.73453398493596));
#3980=CARTESIAN_POINT('',(27.4472932682241,-10.5,4.73453398493596));
#3981=CARTESIAN_POINT('',(9.59556601036298,-10.5,7.08690435388906));
#3982=CARTESIAN_POINT('',(27.4472932682241,-10.3,4.73453398493596));
#3983=CARTESIAN_POINT('',(27.4472932682241,-10.5,4.73453398493596));
#3984=CARTESIAN_POINT('',(27.4472932682241,-10.3,4.73453398493596));
#3985=CARTESIAN_POINT('Ctrl Pts',(26.8726565585261,-10.5,3.88984626245465));
#3986=CARTESIAN_POINT('Ctrl Pts',(26.8726565585261,-10.3,3.88984626245465));
#3987=CARTESIAN_POINT('Ctrl Pts',(26.9891790946517,-10.5,3.99808510633308));
#3988=CARTESIAN_POINT('Ctrl Pts',(26.9891790946517,-10.3,3.99808510633308));
#3989=CARTESIAN_POINT('Ctrl Pts',(27.2443767253908,-10.5,4.2351405072037));
#3990=CARTESIAN_POINT('Ctrl Pts',(27.2443767253908,-10.3,4.2351405072037));
#3991=CARTESIAN_POINT('Ctrl Pts',(27.375850213235,-10.5,4.55870704055464));
#3992=CARTESIAN_POINT('Ctrl Pts',(27.375850213235,-10.3,4.55870704055464));
#3993=CARTESIAN_POINT('Ctrl Pts',(27.4472932682241,-10.5,4.73453398493596));
#3994=CARTESIAN_POINT('Ctrl Pts',(27.4472932682241,-10.3,4.73453398493596));
#3995=CARTESIAN_POINT('Ctrl Pts',(26.8726565585261,-10.5,3.88984626245465));
#3996=CARTESIAN_POINT('Ctrl Pts',(26.9891790946517,-10.5,3.99808510633308));
#3997=CARTESIAN_POINT('Ctrl Pts',(27.2443767253908,-10.5,4.2351405072037));
#3998=CARTESIAN_POINT('Ctrl Pts',(27.375850213235,-10.5,4.55870704055464));
#3999=CARTESIAN_POINT('Ctrl Pts',(27.4472932682241,-10.5,4.73453398493596));
#4000=CARTESIAN_POINT('Ctrl Pts',(26.8726565585261,-10.3,3.88984626245465));
#4001=CARTESIAN_POINT('Ctrl Pts',(26.9891790946517,-10.3,3.99808510633308));
#4002=CARTESIAN_POINT('Ctrl Pts',(27.2443767253908,-10.3,4.2351405072037));
#4003=CARTESIAN_POINT('Ctrl Pts',(27.375850213235,-10.3,4.55870704055464));
#4004=CARTESIAN_POINT('Ctrl Pts',(27.4472932682241,-10.3,4.73453398493596));
#4005=CARTESIAN_POINT('Origin',(13.0099813805686,-10.3,5.81768513413835));
#4006=CARTESIAN_POINT('Origin',(22.3723015685941,-10.5,10.5255900679418));
#4007=CARTESIAN_POINT('',(22.3723015685941,-10.5,10.5255900679418));
#4008=CARTESIAN_POINT('',(22.3638441315173,-10.5,9.46661977157272));
#4009=CARTESIAN_POINT('',(22.3292566793832,-10.5,5.13586518190294));
#4010=CARTESIAN_POINT('',(22.3723015685941,-10.3,10.5255900679418));
#4011=CARTESIAN_POINT('',(22.3723015685941,-10.5,10.5255900679418));
#4012=CARTESIAN_POINT('',(22.3638441315173,-10.3,9.46661977157272));
#4013=CARTESIAN_POINT('',(22.3723015685941,-10.3,10.5255900679418));
#4014=CARTESIAN_POINT('',(22.3638441315173,-10.5,9.46661977157272));
#4015=CARTESIAN_POINT('Origin',(21.4514582472489,-10.5,10.5329443577558));
#4016=CARTESIAN_POINT('',(21.4514582472489,-10.5,10.5329443577558));
#4017=CARTESIAN_POINT('',(6.0187740129257,-10.5,10.6561970651762));
#4018=CARTESIAN_POINT('',(21.4514582472489,-10.3,10.5329443577558));
#4019=CARTESIAN_POINT('',(21.4514582472489,-10.5,10.5329443577558));
#4020=CARTESIAN_POINT('',(21.4514582472489,-10.3,10.5329443577558));
#4021=CARTESIAN_POINT('Origin',(21.4430008101721,-10.5,9.47397406138663));
#4022=CARTESIAN_POINT('',(21.4430008101721,-10.5,9.47397406138663));
#4023=CARTESIAN_POINT('',(21.4041846394995,-10.5,4.61373432352476));
#4024=CARTESIAN_POINT('',(21.4430008101721,-10.3,9.47397406138663));
#4025=CARTESIAN_POINT('',(21.4430008101721,-10.5,9.47397406138663));
#4026=CARTESIAN_POINT('',(21.4430008101721,-10.3,9.47397406138663));
#4027=CARTESIAN_POINT('Origin',(22.3638441315173,-10.5,9.46661977157271));
#4028=CARTESIAN_POINT('',(6.47073823651286,-10.5,9.59354962390023));
#4029=CARTESIAN_POINT('',(22.3638441315173,-10.3,9.46661977157271));
#4030=CARTESIAN_POINT('Origin',(13.0099813805686,-10.3,5.81768513413835));
#4031=CARTESIAN_POINT('Origin',(22.3557952634515,-10.5,8.4588071063742));
#4032=CARTESIAN_POINT('',(22.3557952634515,-10.5,8.4588071063742));
#4033=CARTESIAN_POINT('',(22.3124049307896,-10.5,3.0258286495048));
#4034=CARTESIAN_POINT('',(22.3210035268118,-10.5,4.1024737011191));
#4035=CARTESIAN_POINT('',(22.3557952634515,-10.3,8.4588071063742));
#4036=CARTESIAN_POINT('',(22.3557952634515,-10.5,8.4588071063742));
#4037=CARTESIAN_POINT('',(22.3124049307896,-10.3,3.0258286495048));
#4038=CARTESIAN_POINT('',(22.3557952634515,-10.3,8.4588071063742));
#4039=CARTESIAN_POINT('',(22.3124049307896,-10.5,3.0258286495048));
#4040=CARTESIAN_POINT('Origin',(21.4349519421062,-10.5,8.46616139618811));
#4041=CARTESIAN_POINT('',(21.4349519421062,-10.5,8.46616139618811));
#4042=CARTESIAN_POINT('',(6.00226770776616,-10.5,8.58941410360874));
#4043=CARTESIAN_POINT('',(21.4349519421062,-10.3,8.46616139618811));
#4044=CARTESIAN_POINT('',(21.4349519421062,-10.5,8.46616139618811));
#4045=CARTESIAN_POINT('',(21.4349519421062,-10.3,8.46616139618811));
#4046=CARTESIAN_POINT('Origin',(21.3915616094443,-10.5,3.03318293931872));
#4047=CARTESIAN_POINT('',(21.3915616094443,-10.5,3.03318293931872));
#4048=CARTESIAN_POINT('',(21.3784650391356,-10.5,1.39333876249079));
#4049=CARTESIAN_POINT('',(21.3915616094443,-10.3,3.03318293931872));
#4050=CARTESIAN_POINT('',(21.3915616094443,-10.5,3.03318293931872));
#4051=CARTESIAN_POINT('',(21.3915616094443,-10.3,3.03318293931872));
#4052=CARTESIAN_POINT('Origin',(22.3124049307896,-10.5,3.0258286495048));
#4053=CARTESIAN_POINT('',(6.41929903573239,-10.5,3.15275850183273));
#4054=CARTESIAN_POINT('',(22.3124049307896,-10.3,3.0258286495048));
#4055=CARTESIAN_POINT('Origin',(13.0099813805686,-10.3,5.81768513413835));
#4056=CARTESIAN_POINT('Ctrl Pts',(17.9204474763538,-10.5,7.85983027114379));
#4057=CARTESIAN_POINT('Ctrl Pts',(17.9204474763538,-10.3,7.85983027114379));
#4058=CARTESIAN_POINT('Ctrl Pts',(17.723396222191,-10.5,7.83655517232169));
#4059=CARTESIAN_POINT('Ctrl Pts',(17.723396222191,-10.3,7.83655517232169));
#4060=CARTESIAN_POINT('Ctrl Pts',(17.3144871982083,-10.5,7.78825607378063));
#4061=CARTESIAN_POINT('Ctrl Pts',(17.3144871982083,-10.3,7.78825607378063));
#4062=CARTESIAN_POINT('Ctrl Pts',(17.0234334158456,-10.5,7.49548290399048));
#4063=CARTESIAN_POINT('Ctrl Pts',(17.0234334158456,-10.3,7.49548290399048));
#4064=CARTESIAN_POINT('Ctrl Pts',(16.8726370244419,-10.5,7.34379568953202));
#4065=CARTESIAN_POINT('Ctrl Pts',(16.8726370244419,-10.3,7.34379568953202));
#4066=CARTESIAN_POINT('',(17.9204474763538,-10.5,7.85983027114379));
#4067=CARTESIAN_POINT('',(16.8726370244419,-10.5,7.34379568953202));
#4068=CARTESIAN_POINT('Ctrl Pts',(17.9204474763538,-10.5,7.85983027114379));
#4069=CARTESIAN_POINT('Ctrl Pts',(17.723396222191,-10.5,7.83655517232169));
#4070=CARTESIAN_POINT('Ctrl Pts',(17.3144871982083,-10.5,7.78825607378063));
#4071=CARTESIAN_POINT('Ctrl Pts',(17.0234334158456,-10.5,7.49548290399048));
#4072=CARTESIAN_POINT('Ctrl Pts',(16.8726370244419,-10.5,7.34379568953202));
#4073=CARTESIAN_POINT('',(17.9204474763538,-10.3,7.85983027114379));
#4074=CARTESIAN_POINT('',(17.9204474763538,-10.5,7.85983027114379));
#4075=CARTESIAN_POINT('',(16.8726370244419,-10.3,7.34379568953202));
#4076=CARTESIAN_POINT('Ctrl Pts',(17.9204474763538,-10.3,7.85983027114379));
#4077=CARTESIAN_POINT('Ctrl Pts',(17.723396222191,-10.3,7.83655517232169));
#4078=CARTESIAN_POINT('Ctrl Pts',(17.3144871982083,-10.3,7.78825607378063));
#4079=CARTESIAN_POINT('Ctrl Pts',(17.0234334158456,-10.3,7.49548290399048));
#4080=CARTESIAN_POINT('Ctrl Pts',(16.8726370244419,-10.3,7.34379568953202));
#4081=CARTESIAN_POINT('',(16.8726370244419,-10.5,7.34379568953202));
#4082=CARTESIAN_POINT('Ctrl Pts',(18.9370066241885,-10.5,7.34521506098158));
#4083=CARTESIAN_POINT('Ctrl Pts',(18.9370066241885,-10.3,7.34521506098158));
#4084=CARTESIAN_POINT('Ctrl Pts',(18.7930784243072,-10.5,7.49405897809662));
#4085=CARTESIAN_POINT('Ctrl Pts',(18.7930784243072,-10.3,7.49405897809662));
#4086=CARTESIAN_POINT('Ctrl Pts',(18.5130332098057,-10.5,7.78366884419714));
#4087=CARTESIAN_POINT('Ctrl Pts',(18.5130332098057,-10.3,7.78366884419714));
#4088=CARTESIAN_POINT('Ctrl Pts',(18.1142685280965,-10.5,7.83491963452242));
#4089=CARTESIAN_POINT('Ctrl Pts',(18.1142685280965,-10.3,7.83491963452242));
#4090=CARTESIAN_POINT('Ctrl Pts',(17.9204474763538,-10.5,7.85983027114379));
#4091=CARTESIAN_POINT('Ctrl Pts',(17.9204474763538,-10.3,7.85983027114379));
#4092=CARTESIAN_POINT('',(18.9370066241885,-10.5,7.34521506098158));
#4093=CARTESIAN_POINT('Ctrl Pts',(18.9370066241885,-10.5,7.34521506098158));
#4094=CARTESIAN_POINT('Ctrl Pts',(18.7930784243072,-10.5,7.49405897809662));
#4095=CARTESIAN_POINT('Ctrl Pts',(18.5130332098057,-10.5,7.78366884419714));
#4096=CARTESIAN_POINT('Ctrl Pts',(18.1142685280965,-10.5,7.83491963452242));
#4097=CARTESIAN_POINT('Ctrl Pts',(17.9204474763538,-10.5,7.85983027114379));
#4098=CARTESIAN_POINT('',(18.9370066241885,-10.3,7.34521506098158));
#4099=CARTESIAN_POINT('',(18.9370066241885,-10.5,7.34521506098158));
#4100=CARTESIAN_POINT('Ctrl Pts',(18.9370066241885,-10.3,7.34521506098158));
#4101=CARTESIAN_POINT('Ctrl Pts',(18.7930784243072,-10.3,7.49405897809662));
#4102=CARTESIAN_POINT('Ctrl Pts',(18.5130332098057,-10.3,7.78366884419714));
#4103=CARTESIAN_POINT('Ctrl Pts',(18.1142685280965,-10.3,7.83491963452242));
#4104=CARTESIAN_POINT('Ctrl Pts',(17.9204474763538,-10.3,7.85983027114379));
#4105=CARTESIAN_POINT('Ctrl Pts',(19.3465152666604,-10.5,5.77129417168404));
#4106=CARTESIAN_POINT('Ctrl Pts',(19.3465152666604,-10.3,5.77129417168404));
#4107=CARTESIAN_POINT('Ctrl Pts',(19.3424580536375,-10.5,6.08793776864275));
#4108=CARTESIAN_POINT('Ctrl Pts',(19.3424580536375,-10.3,6.08793776864275));
#4109=CARTESIAN_POINT('Ctrl Pts',(19.3352652693906,-10.5,6.64929579033144));
#4110=CARTESIAN_POINT('Ctrl Pts',(19.3352652693906,-10.3,6.64929579033144));
#4111=CARTESIAN_POINT('Ctrl Pts',(19.057913418221,-10.5,7.13394188729564));
#4112=CARTESIAN_POINT('Ctrl Pts',(19.057913418221,-10.3,7.13394188729564));
#4113=CARTESIAN_POINT('Ctrl Pts',(18.9370066241885,-10.5,7.34521506098158));
#4114=CARTESIAN_POINT('Ctrl Pts',(18.9370066241885,-10.3,7.34521506098158));
#4115=CARTESIAN_POINT('',(19.3465152666604,-10.5,5.77129417168404));
#4116=CARTESIAN_POINT('Ctrl Pts',(19.3465152666604,-10.5,5.77129417168404));
#4117=CARTESIAN_POINT('Ctrl Pts',(19.3424580536375,-10.5,6.08793776864275));
#4118=CARTESIAN_POINT('Ctrl Pts',(19.3352652693906,-10.5,6.64929579033144));
#4119=CARTESIAN_POINT('Ctrl Pts',(19.057913418221,-10.5,7.13394188729564));
#4120=CARTESIAN_POINT('Ctrl Pts',(18.9370066241885,-10.5,7.34521506098158));
#4121=CARTESIAN_POINT('',(19.3465152666604,-10.3,5.77129417168404));
#4122=CARTESIAN_POINT('',(19.3465152666604,-10.5,5.77129417168404));
#4123=CARTESIAN_POINT('Ctrl Pts',(19.3465152666604,-10.3,5.77129417168404));
#4124=CARTESIAN_POINT('Ctrl Pts',(19.3424580536375,-10.3,6.08793776864275));
#4125=CARTESIAN_POINT('Ctrl Pts',(19.3352652693906,-10.3,6.64929579033144));
#4126=CARTESIAN_POINT('Ctrl Pts',(19.057913418221,-10.3,7.13394188729564));
#4127=CARTESIAN_POINT('Ctrl Pts',(18.9370066241885,-10.3,7.34521506098158));
#4128=CARTESIAN_POINT('Ctrl Pts',(18.8940745513154,-10.5,4.21193155993567));
#4129=CARTESIAN_POINT('Ctrl Pts',(18.8940745513154,-10.3,4.21193155993567));
#4130=CARTESIAN_POINT('Ctrl Pts',(19.0236757052378,-10.5,4.42311760117319));
#4131=CARTESIAN_POINT('Ctrl Pts',(19.0236757052378,-10.3,4.42311760117319));
#4132=CARTESIAN_POINT('Ctrl Pts',(19.3156610387501,-10.5,4.89890986704137));
#4133=CARTESIAN_POINT('Ctrl Pts',(19.3156610387501,-10.3,4.89890986704137));
#4134=CARTESIAN_POINT('Ctrl Pts',(19.3354884738374,-10.5,5.459518391154));
#4135=CARTESIAN_POINT('Ctrl Pts',(19.3354884738374,-10.3,5.459518391154));
#4136=CARTESIAN_POINT('Ctrl Pts',(19.3465152666604,-10.5,5.77129417168404));
#4137=CARTESIAN_POINT('Ctrl Pts',(19.3465152666604,-10.3,5.77129417168404));
#4138=CARTESIAN_POINT('',(18.8940745513154,-10.5,4.21193155993567));
#4139=CARTESIAN_POINT('Ctrl Pts',(18.8940745513154,-10.5,4.21193155993567));
#4140=CARTESIAN_POINT('Ctrl Pts',(19.0236757052378,-10.5,4.42311760117319));
#4141=CARTESIAN_POINT('Ctrl Pts',(19.3156610387501,-10.5,4.89890986704137));
#4142=CARTESIAN_POINT('Ctrl Pts',(19.3354884738374,-10.5,5.459518391154));
#4143=CARTESIAN_POINT('Ctrl Pts',(19.3465152666604,-10.5,5.77129417168404));
#4144=CARTESIAN_POINT('',(18.8940745513154,-10.3,4.21193155993567));
#4145=CARTESIAN_POINT('',(18.8940745513154,-10.5,4.21193155993567));
#4146=CARTESIAN_POINT('Ctrl Pts',(18.8940745513154,-10.3,4.21193155993567));
#4147=CARTESIAN_POINT('Ctrl Pts',(19.0236757052378,-10.3,4.42311760117319));
#4148=CARTESIAN_POINT('Ctrl Pts',(19.3156610387501,-10.3,4.89890986704137));
#4149=CARTESIAN_POINT('Ctrl Pts',(19.3354884738374,-10.3,5.459518391154));
#4150=CARTESIAN_POINT('Ctrl Pts',(19.3465152666604,-10.3,5.77129417168404));
#4151=CARTESIAN_POINT('Ctrl Pts',(17.8462640994035,-10.5,3.69589697832391));
#4152=CARTESIAN_POINT('Ctrl Pts',(17.8462640994035,-10.3,3.69589697832391));
#4153=CARTESIAN_POINT('Ctrl Pts',(18.0433153294436,-10.5,3.71917233548835));
#4154=CARTESIAN_POINT('Ctrl Pts',(18.0433153294436,-10.3,3.71917233548835));
#4155=CARTESIAN_POINT('Ctrl Pts',(18.452224125105,-10.5,3.7674719490699));
#4156=CARTESIAN_POINT('Ctrl Pts',(18.452224125105,-10.3,3.7674719490699));
#4157=CARTESIAN_POINT('Ctrl Pts',(18.7432781140338,-10.5,4.06024464993549));
#4158=CARTESIAN_POINT('Ctrl Pts',(18.7432781140338,-10.3,4.06024464993549));
#4159=CARTESIAN_POINT('Ctrl Pts',(18.8940745513154,-10.5,4.21193155993567));
#4160=CARTESIAN_POINT('Ctrl Pts',(18.8940745513154,-10.3,4.21193155993567));
#4161=CARTESIAN_POINT('',(17.8462640994035,-10.5,3.69589697832391));
#4162=CARTESIAN_POINT('Ctrl Pts',(17.8462640994035,-10.5,3.69589697832391));
#4163=CARTESIAN_POINT('Ctrl Pts',(18.0433153294436,-10.5,3.71917233548835));
#4164=CARTESIAN_POINT('Ctrl Pts',(18.452224125105,-10.5,3.7674719490699));
#4165=CARTESIAN_POINT('Ctrl Pts',(18.7432781140338,-10.5,4.06024464993549));
#4166=CARTESIAN_POINT('Ctrl Pts',(18.8940745513154,-10.5,4.21193155993567));
#4167=CARTESIAN_POINT('',(17.8462640994035,-10.3,3.69589697832391));
#4168=CARTESIAN_POINT('',(17.8462640994035,-10.5,3.69589697832391));
#4169=CARTESIAN_POINT('Ctrl Pts',(17.8462640994035,-10.3,3.69589697832391));
#4170=CARTESIAN_POINT('Ctrl Pts',(18.0433153294436,-10.3,3.71917233548835));
#4171=CARTESIAN_POINT('Ctrl Pts',(18.452224125105,-10.3,3.7674719490699));
#4172=CARTESIAN_POINT('Ctrl Pts',(18.7432781140338,-10.3,4.06024464993549));
#4173=CARTESIAN_POINT('Ctrl Pts',(18.8940745513154,-10.3,4.21193155993567));
#4174=CARTESIAN_POINT('Ctrl Pts',(16.6753099819325,-10.5,4.41639002857101));
#4175=CARTESIAN_POINT('Ctrl Pts',(16.6753099819325,-10.3,4.41639002857101));
#4176=CARTESIAN_POINT('Ctrl Pts',(16.8267190323085,-10.5,4.20784162971787));
#4177=CARTESIAN_POINT('Ctrl Pts',(16.8267190323085,-10.3,4.20784162971787));
#4178=CARTESIAN_POINT('Ctrl Pts',(17.1191670251403,-10.5,3.80502845242485));
#4179=CARTESIAN_POINT('Ctrl Pts',(17.1191670251403,-10.3,3.80502845242485));
#4180=CARTESIAN_POINT('Ctrl Pts',(17.6096964105786,-10.5,3.73140390239216));
#4181=CARTESIAN_POINT('Ctrl Pts',(17.6096964105786,-10.3,3.73140390239216));
#4182=CARTESIAN_POINT('Ctrl Pts',(17.8462640994035,-10.5,3.69589697832391));
#4183=CARTESIAN_POINT('Ctrl Pts',(17.8462640994035,-10.3,3.69589697832391));
#4184=CARTESIAN_POINT('',(16.6753099819325,-10.5,4.41639002857101));
#4185=CARTESIAN_POINT('Ctrl Pts',(16.6753099819325,-10.5,4.41639002857101));
#4186=CARTESIAN_POINT('Ctrl Pts',(16.8267190323085,-10.5,4.20784162971787));
#4187=CARTESIAN_POINT('Ctrl Pts',(17.1191670251403,-10.5,3.80502845242485));
#4188=CARTESIAN_POINT('Ctrl Pts',(17.6096964105786,-10.5,3.73140390239216));
#4189=CARTESIAN_POINT('Ctrl Pts',(17.8462640994035,-10.5,3.69589697832391));
#4190=CARTESIAN_POINT('',(16.6753099819325,-10.3,4.41639002857101));
#4191=CARTESIAN_POINT('',(16.6753099819325,-10.5,4.41639002857101));
#4192=CARTESIAN_POINT('Ctrl Pts',(16.6753099819325,-10.3,4.41639002857101));
#4193=CARTESIAN_POINT('Ctrl Pts',(16.8267190323085,-10.3,4.20784162971787));
#4194=CARTESIAN_POINT('Ctrl Pts',(17.1191670251403,-10.3,3.80502845242485));
#4195=CARTESIAN_POINT('Ctrl Pts',(17.6096964105786,-10.3,3.73140390239216));
#4196=CARTESIAN_POINT('Ctrl Pts',(17.8462640994035,-10.3,3.69589697832391));
#4197=CARTESIAN_POINT('Ctrl Pts',(16.4205652137376,-10.5,5.83047499591963));
#4198=CARTESIAN_POINT('Ctrl Pts',(16.4205652137376,-10.3,5.83047499591963));
#4199=CARTESIAN_POINT('Ctrl Pts',(16.419846364857,-10.5,5.5456030387223));
#4200=CARTESIAN_POINT('Ctrl Pts',(16.419846364857,-10.3,5.5456030387223));
#4201=CARTESIAN_POINT('Ctrl Pts',(16.4186129310518,-10.5,5.05680669832095));
#4202=CARTESIAN_POINT('Ctrl Pts',(16.4186129310518,-10.3,5.05680669832095));
#4203=CARTESIAN_POINT('Ctrl Pts',(16.5997430384481,-10.5,4.60491704952199));
#4204=CARTESIAN_POINT('Ctrl Pts',(16.5997430384481,-10.3,4.60491704952199));
#4205=CARTESIAN_POINT('Ctrl Pts',(16.6753099819325,-10.5,4.41639002857101));
#4206=CARTESIAN_POINT('Ctrl Pts',(16.6753099819325,-10.3,4.41639002857101));
#4207=CARTESIAN_POINT('',(16.4205652137376,-10.5,5.83047499591963));
#4208=CARTESIAN_POINT('Ctrl Pts',(16.4205652137376,-10.5,5.83047499591963));
#4209=CARTESIAN_POINT('Ctrl Pts',(16.419846364857,-10.5,5.5456030387223));
#4210=CARTESIAN_POINT('Ctrl Pts',(16.4186129310518,-10.5,5.05680669832095));
#4211=CARTESIAN_POINT('Ctrl Pts',(16.5997430384481,-10.5,4.60491704952199));
#4212=CARTESIAN_POINT('Ctrl Pts',(16.6753099819325,-10.5,4.41639002857101));
#4213=CARTESIAN_POINT('',(16.4205652137376,-10.3,5.83047499591963));
#4214=CARTESIAN_POINT('',(16.4205652137376,-10.5,5.83047499591963));
#4215=CARTESIAN_POINT('Ctrl Pts',(16.4205652137376,-10.3,5.83047499591963));
#4216=CARTESIAN_POINT('Ctrl Pts',(16.419846364857,-10.3,5.5456030387223));
#4217=CARTESIAN_POINT('Ctrl Pts',(16.4186129310518,-10.3,5.05680669832095));
#4218=CARTESIAN_POINT('Ctrl Pts',(16.5997430384481,-10.3,4.60491704952199));
#4219=CARTESIAN_POINT('Ctrl Pts',(16.6753099819325,-10.3,4.41639002857101));
#4220=CARTESIAN_POINT('Ctrl Pts',(16.8726370244419,-10.5,7.34379568953202));
#4221=CARTESIAN_POINT('Ctrl Pts',(16.8726370244419,-10.3,7.34379568953202));
#4222=CARTESIAN_POINT('Ctrl Pts',(16.7429891167139,-10.5,7.13658796543578));
#4223=CARTESIAN_POINT('Ctrl Pts',(16.7429891167139,-10.3,7.13658796543578));
#4224=CARTESIAN_POINT('Ctrl Pts',(16.454749223378,-10.5,6.67591310119349));
#4225=CARTESIAN_POINT('Ctrl Pts',(16.454749223378,-10.3,6.67591310119349));
#4226=CARTESIAN_POINT('Ctrl Pts',(16.4326979872043,-10.5,6.13054245784943));
#4227=CARTESIAN_POINT('Ctrl Pts',(16.4326979872043,-10.3,6.13054245784943));
#4228=CARTESIAN_POINT('Ctrl Pts',(16.4205652137376,-10.5,5.83047499591963));
#4229=CARTESIAN_POINT('Ctrl Pts',(16.4205652137376,-10.3,5.83047499591963));
#4230=CARTESIAN_POINT('Ctrl Pts',(16.8726370244419,-10.5,7.34379568953202));
#4231=CARTESIAN_POINT('Ctrl Pts',(16.7429891167139,-10.5,7.13658796543578));
#4232=CARTESIAN_POINT('Ctrl Pts',(16.454749223378,-10.5,6.67591310119349));
#4233=CARTESIAN_POINT('Ctrl Pts',(16.4326979872043,-10.5,6.13054245784943));
#4234=CARTESIAN_POINT('Ctrl Pts',(16.4205652137376,-10.5,5.83047499591963));
#4235=CARTESIAN_POINT('Ctrl Pts',(16.8726370244419,-10.3,7.34379568953202));
#4236=CARTESIAN_POINT('Ctrl Pts',(16.7429891167139,-10.3,7.13658796543578));
#4237=CARTESIAN_POINT('Ctrl Pts',(16.454749223378,-10.3,6.67591310119349));
#4238=CARTESIAN_POINT('Ctrl Pts',(16.4326979872043,-10.3,6.13054245784943));
#4239=CARTESIAN_POINT('Ctrl Pts',(16.4205652137376,-10.3,5.83047499591963));
#4240=CARTESIAN_POINT('Ctrl Pts',(17.9169545750449,-10.5,2.93814569288851));
#4241=CARTESIAN_POINT('Ctrl Pts',(17.9169545750449,-10.3,2.93814569288851));
#4242=CARTESIAN_POINT('Ctrl Pts',(17.613615504766,-10.5,2.97445679375558));
#4243=CARTESIAN_POINT('Ctrl Pts',(17.613615504766,-10.3,2.97445679375558));
#4244=CARTESIAN_POINT('Ctrl Pts',(17.0050166116246,-10.5,3.04730891852845));
#4245=CARTESIAN_POINT('Ctrl Pts',(17.0050166116246,-10.3,3.04730891852845));
#4246=CARTESIAN_POINT('Ctrl Pts',(16.6115585267489,-10.5,3.51752757540274));
#4247=CARTESIAN_POINT('Ctrl Pts',(16.6115585267489,-10.3,3.51752757540274));
#4248=CARTESIAN_POINT('Ctrl Pts',(16.4142086027735,-10.5,3.75337891447303));
#4249=CARTESIAN_POINT('Ctrl Pts',(16.4142086027735,-10.3,3.75337891447303));
#4250=CARTESIAN_POINT('',(17.9169545750449,-10.5,2.93814569288851));
#4251=CARTESIAN_POINT('',(16.4142086027735,-10.5,3.75337891447303));
#4252=CARTESIAN_POINT('Ctrl Pts',(17.9169545750449,-10.5,2.93814569288851));
#4253=CARTESIAN_POINT('Ctrl Pts',(17.613615504766,-10.5,2.97445679375558));
#4254=CARTESIAN_POINT('Ctrl Pts',(17.0050166116246,-10.5,3.04730891852845));
#4255=CARTESIAN_POINT('Ctrl Pts',(16.6115585267489,-10.5,3.51752757540274));
#4256=CARTESIAN_POINT('Ctrl Pts',(16.4142086027735,-10.5,3.75337891447303));
#4257=CARTESIAN_POINT('',(17.9169545750449,-10.3,2.93814569288851));
#4258=CARTESIAN_POINT('',(17.9169545750449,-10.5,2.93814569288851));
#4259=CARTESIAN_POINT('',(16.4142086027735,-10.3,3.75337891447303));
#4260=CARTESIAN_POINT('Ctrl Pts',(17.9169545750449,-10.3,2.93814569288851));
#4261=CARTESIAN_POINT('Ctrl Pts',(17.613615504766,-10.3,2.97445679375558));
#4262=CARTESIAN_POINT('Ctrl Pts',(17.0050166116246,-10.3,3.04730891852845));
#4263=CARTESIAN_POINT('Ctrl Pts',(16.6115585267489,-10.3,3.51752757540274));
#4264=CARTESIAN_POINT('Ctrl Pts',(16.4142086027735,-10.3,3.75337891447303));
#4265=CARTESIAN_POINT('',(16.4142086027735,-10.5,3.75337891447303));
#4266=CARTESIAN_POINT('Ctrl Pts',(19.580561228691,-10.5,3.68716209189899));
#4267=CARTESIAN_POINT('Ctrl Pts',(19.580561228691,-10.3,3.68716209189899));
#4268=CARTESIAN_POINT('Ctrl Pts',(19.3400003833341,-10.5,3.46676520511308));
#4269=CARTESIAN_POINT('Ctrl Pts',(19.3400003833341,-10.3,3.46676520511308));
#4270=CARTESIAN_POINT('Ctrl Pts',(18.8672154538721,-10.5,3.03360940031799));
#4271=CARTESIAN_POINT('Ctrl Pts',(18.8672154538721,-10.3,3.03360940031799));
#4272=CARTESIAN_POINT('Ctrl Pts',(18.2299625763612,-10.5,2.96959064124587));
#4273=CARTESIAN_POINT('Ctrl Pts',(18.2299625763612,-10.3,2.96959064124587));
#4274=CARTESIAN_POINT('Ctrl Pts',(17.9169545750449,-10.5,2.93814569288851));
#4275=CARTESIAN_POINT('Ctrl Pts',(17.9169545750449,-10.3,2.93814569288851));
#4276=CARTESIAN_POINT('',(19.580561228691,-10.5,3.68716209189899));
#4277=CARTESIAN_POINT('Ctrl Pts',(19.580561228691,-10.5,3.68716209189899));
#4278=CARTESIAN_POINT('Ctrl Pts',(19.3400003833341,-10.5,3.46676520511308));
#4279=CARTESIAN_POINT('Ctrl Pts',(18.8672154538721,-10.5,3.03360940031799));
#4280=CARTESIAN_POINT('Ctrl Pts',(18.2299625763612,-10.5,2.96959064124587));
#4281=CARTESIAN_POINT('Ctrl Pts',(17.9169545750449,-10.5,2.93814569288851));
#4282=CARTESIAN_POINT('',(19.580561228691,-10.3,3.68716209189899));
#4283=CARTESIAN_POINT('',(19.580561228691,-10.5,3.68716209189899));
#4284=CARTESIAN_POINT('Ctrl Pts',(19.580561228691,-10.3,3.68716209189899));
#4285=CARTESIAN_POINT('Ctrl Pts',(19.3400003833341,-10.3,3.46676520511308));
#4286=CARTESIAN_POINT('Ctrl Pts',(18.8672154538721,-10.3,3.03360940031799));
#4287=CARTESIAN_POINT('Ctrl Pts',(18.2299625763612,-10.3,2.96959064124587));
#4288=CARTESIAN_POINT('Ctrl Pts',(17.9169545750449,-10.3,2.93814569288851));
#4289=CARTESIAN_POINT('Ctrl Pts',(20.2884366468294,-10.5,5.84051377792591));
#4290=CARTESIAN_POINT('Ctrl Pts',(20.2884366468294,-10.3,5.84051377792591));
#4291=CARTESIAN_POINT('Ctrl Pts',(20.2672392585782,-10.5,5.41456379208318));
#4292=CARTESIAN_POINT('Ctrl Pts',(20.2672392585782,-10.3,5.41456379208318));
#4293=CARTESIAN_POINT('Ctrl Pts',(20.2281254219898,-10.5,4.62859252318533));
#4294=CARTESIAN_POINT('Ctrl Pts',(20.2281254219898,-10.3,4.62859252318533));
#4295=CARTESIAN_POINT('Ctrl Pts',(19.7839978839596,-10.5,3.98291880619983));
#4296=CARTESIAN_POINT('Ctrl Pts',(19.7839978839596,-10.3,3.98291880619983));
#4297=CARTESIAN_POINT('Ctrl Pts',(19.580561228691,-10.5,3.68716209189899));
#4298=CARTESIAN_POINT('Ctrl Pts',(19.580561228691,-10.3,3.68716209189899));
#4299=CARTESIAN_POINT('',(20.2884366468294,-10.5,5.84051377792591));
#4300=CARTESIAN_POINT('Ctrl Pts',(20.2884366468294,-10.5,5.84051377792591));
#4301=CARTESIAN_POINT('Ctrl Pts',(20.2672392585782,-10.5,5.41456379208318));
#4302=CARTESIAN_POINT('Ctrl Pts',(20.2281254219898,-10.5,4.62859252318533));
#4303=CARTESIAN_POINT('Ctrl Pts',(19.7839978839596,-10.5,3.98291880619983));
#4304=CARTESIAN_POINT('Ctrl Pts',(19.580561228691,-10.5,3.68716209189899));
#4305=CARTESIAN_POINT('',(20.2884366468294,-10.3,5.84051377792591));
#4306=CARTESIAN_POINT('',(20.2884366468294,-10.5,5.84051377792591));
#4307=CARTESIAN_POINT('Ctrl Pts',(20.2884366468294,-10.3,5.84051377792591));
#4308=CARTESIAN_POINT('Ctrl Pts',(20.2672392585782,-10.3,5.41456379208318));
#4309=CARTESIAN_POINT('Ctrl Pts',(20.2281254219898,-10.3,4.62859252318533));
#4310=CARTESIAN_POINT('Ctrl Pts',(19.7839978839596,-10.3,3.98291880619983));
#4311=CARTESIAN_POINT('Ctrl Pts',(19.580561228691,-10.3,3.68716209189899));
#4312=CARTESIAN_POINT('Ctrl Pts',(20.1335545158144,-10.5,6.94683344563784));
#4313=CARTESIAN_POINT('Ctrl Pts',(20.1335545158144,-10.3,6.94683344563784));
#4314=CARTESIAN_POINT('Ctrl Pts',(20.1798822140563,-10.5,6.76927279858874));
#4315=CARTESIAN_POINT('Ctrl Pts',(20.1798822140563,-10.3,6.76927279858874));
#4316=CARTESIAN_POINT('Ctrl Pts',(20.2745104474654,-10.5,6.40659019205148));
#4317=CARTESIAN_POINT('Ctrl Pts',(20.2745104474654,-10.3,6.40659019205148));
#4318=CARTESIAN_POINT('Ctrl Pts',(20.2837305062194,-10.5,6.0318104218427));
#4319=CARTESIAN_POINT('Ctrl Pts',(20.2837305062194,-10.3,6.0318104218427));
#4320=CARTESIAN_POINT('Ctrl Pts',(20.2884366468294,-10.5,5.84051377792591));
#4321=CARTESIAN_POINT('Ctrl Pts',(20.2884366468294,-10.3,5.84051377792591));
#4322=CARTESIAN_POINT('',(20.1335545158144,-10.5,6.94683344563784));
#4323=CARTESIAN_POINT('Ctrl Pts',(20.1335545158144,-10.5,6.94683344563784));
#4324=CARTESIAN_POINT('Ctrl Pts',(20.1798822140563,-10.5,6.76927279858874));
#4325=CARTESIAN_POINT('Ctrl Pts',(20.2745104474654,-10.5,6.40659019205148));
#4326=CARTESIAN_POINT('Ctrl Pts',(20.2837305062194,-10.5,6.0318104218427));
#4327=CARTESIAN_POINT('Ctrl Pts',(20.2884366468294,-10.5,5.84051377792591));
#4328=CARTESIAN_POINT('',(20.1335545158144,-10.3,6.94683344563784));
#4329=CARTESIAN_POINT('',(20.1335545158144,-10.5,6.94683344563784));
#4330=CARTESIAN_POINT('Ctrl Pts',(20.1335545158144,-10.3,6.94683344563784));
#4331=CARTESIAN_POINT('Ctrl Pts',(20.1798822140563,-10.3,6.76927279858874));
#4332=CARTESIAN_POINT('Ctrl Pts',(20.2745104474654,-10.3,6.40659019205148));
#4333=CARTESIAN_POINT('Ctrl Pts',(20.2837305062194,-10.3,6.0318104218427));
#4334=CARTESIAN_POINT('Ctrl Pts',(20.2884366468294,-10.3,5.84051377792591));
#4335=CARTESIAN_POINT('Ctrl Pts',(19.6878551686851,-10.5,7.83292454574109));
#4336=CARTESIAN_POINT('Ctrl Pts',(19.6878551686851,-10.3,7.83292454574109));
#4337=CARTESIAN_POINT('Ctrl Pts',(19.7788898519847,-10.5,7.70088459921029));
#4338=CARTESIAN_POINT('Ctrl Pts',(19.7788898519847,-10.3,7.70088459921029));
#4339=CARTESIAN_POINT('Ctrl Pts',(19.9682552511704,-10.5,7.42622228066351));
#4340=CARTESIAN_POINT('Ctrl Pts',(19.9682552511704,-10.3,7.42622228066351));
#4341=CARTESIAN_POINT('Ctrl Pts',(20.0770574198288,-10.5,7.11068219042915));
#4342=CARTESIAN_POINT('Ctrl Pts',(20.0770574198288,-10.3,7.11068219042915));
#4343=CARTESIAN_POINT('Ctrl Pts',(20.1335545158144,-10.5,6.94683344563784));
#4344=CARTESIAN_POINT('Ctrl Pts',(20.1335545158144,-10.3,6.94683344563784));
#4345=CARTESIAN_POINT('',(19.6878551686851,-10.5,7.83292454574109));
#4346=CARTESIAN_POINT('Ctrl Pts',(19.6878551686851,-10.5,7.83292454574109));
#4347=CARTESIAN_POINT('Ctrl Pts',(19.7788898519847,-10.5,7.70088459921029));
#4348=CARTESIAN_POINT('Ctrl Pts',(19.9682552511704,-10.5,7.42622228066351));
#4349=CARTESIAN_POINT('Ctrl Pts',(20.0770574198288,-10.5,7.11068219042915));
#4350=CARTESIAN_POINT('Ctrl Pts',(20.1335545158144,-10.5,6.94683344563784));
#4351=CARTESIAN_POINT('',(19.6878551686851,-10.3,7.83292454574109));
#4352=CARTESIAN_POINT('',(19.6878551686851,-10.5,7.83292454574109));
#4353=CARTESIAN_POINT('Ctrl Pts',(19.6878551686851,-10.3,7.83292454574109));
#4354=CARTESIAN_POINT('Ctrl Pts',(19.7788898519847,-10.3,7.70088459921029));
#4355=CARTESIAN_POINT('Ctrl Pts',(19.9682552511704,-10.3,7.42622228066351));
#4356=CARTESIAN_POINT('Ctrl Pts',(20.0770574198288,-10.3,7.11068219042915));
#4357=CARTESIAN_POINT('Ctrl Pts',(20.1335545158144,-10.3,6.94683344563784));
#4358=CARTESIAN_POINT('Ctrl Pts',(18.9557147068317,-10.5,8.40666180379157));
#4359=CARTESIAN_POINT('Ctrl Pts',(18.9557147068317,-10.3,8.40666180379157));
#4360=CARTESIAN_POINT('Ctrl Pts',(19.0970568402684,-10.5,8.33219823076783));
#4361=CARTESIAN_POINT('Ctrl Pts',(19.0970568402684,-10.3,8.33219823076783));
#4362=CARTESIAN_POINT('Ctrl Pts',(19.3759500531277,-10.5,8.18526833366897));
#4363=CARTESIAN_POINT('Ctrl Pts',(19.3759500531277,-10.3,8.18526833366897));
#4364=CARTESIAN_POINT('Ctrl Pts',(19.5848332612715,-10.5,7.94930330096854));
#4365=CARTESIAN_POINT('Ctrl Pts',(19.5848332612715,-10.3,7.94930330096854));
#4366=CARTESIAN_POINT('Ctrl Pts',(19.6878551686851,-10.5,7.83292454574109));
#4367=CARTESIAN_POINT('Ctrl Pts',(19.6878551686851,-10.3,7.83292454574109));
#4368=CARTESIAN_POINT('',(18.9557147068317,-10.5,8.40666180379157));
#4369=CARTESIAN_POINT('Ctrl Pts',(18.9557147068317,-10.5,8.40666180379157));
#4370=CARTESIAN_POINT('Ctrl Pts',(19.0970568402684,-10.5,8.33219823076783));
#4371=CARTESIAN_POINT('Ctrl Pts',(19.3759500531277,-10.5,8.18526833366897));
#4372=CARTESIAN_POINT('Ctrl Pts',(19.5848332612715,-10.5,7.94930330096854));
#4373=CARTESIAN_POINT('Ctrl Pts',(19.6878551686851,-10.5,7.83292454574109));
#4374=CARTESIAN_POINT('',(18.9557147068317,-10.3,8.40666180379157));
#4375=CARTESIAN_POINT('',(18.9557147068317,-10.5,8.40666180379157));
#4376=CARTESIAN_POINT('Ctrl Pts',(18.9557147068317,-10.3,8.40666180379157));
#4377=CARTESIAN_POINT('Ctrl Pts',(19.0970568402684,-10.3,8.33219823076783));
#4378=CARTESIAN_POINT('Ctrl Pts',(19.3759500531277,-10.3,8.18526833366897));
#4379=CARTESIAN_POINT('Ctrl Pts',(19.5848332612715,-10.3,7.94930330096854));
#4380=CARTESIAN_POINT('Ctrl Pts',(19.6878551686851,-10.3,7.83292454574109));
#4381=CARTESIAN_POINT('Ctrl Pts',(18.0083479818482,-10.5,8.616314974078));
#4382=CARTESIAN_POINT('Ctrl Pts',(18.0083479818482,-10.3,8.616314974078));
#4383=CARTESIAN_POINT('Ctrl Pts',(18.172758725891,-10.5,8.60676252098851));
#4384=CARTESIAN_POINT('Ctrl Pts',(18.172758725891,-10.3,8.60676252098851));
#4385=CARTESIAN_POINT('Ctrl Pts',(18.4998381781018,-10.5,8.58775882909493));
#4386=CARTESIAN_POINT('Ctrl Pts',(18.4998381781018,-10.3,8.58775882909493));
#4387=CARTESIAN_POINT('Ctrl Pts',(18.8042963820436,-10.5,8.46681275798072));
#4388=CARTESIAN_POINT('Ctrl Pts',(18.8042963820436,-10.3,8.46681275798072));
#4389=CARTESIAN_POINT('Ctrl Pts',(18.9557147068317,-10.5,8.40666180379157));
#4390=CARTESIAN_POINT('Ctrl Pts',(18.9557147068317,-10.3,8.40666180379157));
#4391=CARTESIAN_POINT('',(18.0083479818482,-10.5,8.616314974078));
#4392=CARTESIAN_POINT('Ctrl Pts',(18.0083479818482,-10.5,8.616314974078));
#4393=CARTESIAN_POINT('Ctrl Pts',(18.172758725891,-10.5,8.60676252098851));
#4394=CARTESIAN_POINT('Ctrl Pts',(18.4998381781018,-10.5,8.58775882909493));
#4395=CARTESIAN_POINT('Ctrl Pts',(18.8042963820436,-10.5,8.46681275798072));
#4396=CARTESIAN_POINT('Ctrl Pts',(18.9557147068317,-10.5,8.40666180379157));
#4397=CARTESIAN_POINT('',(18.0083479818482,-10.3,8.616314974078));
#4398=CARTESIAN_POINT('',(18.0083479818482,-10.5,8.616314974078));
#4399=CARTESIAN_POINT('Ctrl Pts',(18.0083479818482,-10.3,8.616314974078));
#4400=CARTESIAN_POINT('Ctrl Pts',(18.172758725891,-10.3,8.60676252098851));
#4401=CARTESIAN_POINT('Ctrl Pts',(18.4998381781018,-10.3,8.58775882909493));
#4402=CARTESIAN_POINT('Ctrl Pts',(18.8042963820436,-10.3,8.46681275798072));
#4403=CARTESIAN_POINT('Ctrl Pts',(18.9557147068317,-10.3,8.40666180379157));
#4404=CARTESIAN_POINT('Ctrl Pts',(16.5138076676224,-10.5,7.89664510634966));
#4405=CARTESIAN_POINT('Ctrl Pts',(16.5138076676224,-10.3,7.89664510634966));
#4406=CARTESIAN_POINT('Ctrl Pts',(16.7218801515655,-10.5,8.10836284794361));
#4407=CARTESIAN_POINT('Ctrl Pts',(16.7218801515655,-10.3,8.10836284794361));
#4408=CARTESIAN_POINT('Ctrl Pts',(17.1341042307002,-10.5,8.52780875165526));
#4409=CARTESIAN_POINT('Ctrl Pts',(17.1341042307002,-10.3,8.52780875165526));
#4410=CARTESIAN_POINT('Ctrl Pts',(17.7187871444933,-10.5,8.58700056852211));
#4411=CARTESIAN_POINT('Ctrl Pts',(17.7187871444933,-10.3,8.58700056852211));
#4412=CARTESIAN_POINT('Ctrl Pts',(18.0083479818482,-10.5,8.616314974078));
#4413=CARTESIAN_POINT('Ctrl Pts',(18.0083479818482,-10.3,8.616314974078));
#4414=CARTESIAN_POINT('',(16.5138076676224,-10.5,7.89664510634966));
#4415=CARTESIAN_POINT('Ctrl Pts',(16.5138076676224,-10.5,7.89664510634966));
#4416=CARTESIAN_POINT('Ctrl Pts',(16.7218801515655,-10.5,8.10836284794361));
#4417=CARTESIAN_POINT('Ctrl Pts',(17.1341042307002,-10.5,8.52780875165526));
#4418=CARTESIAN_POINT('Ctrl Pts',(17.7187871444933,-10.5,8.58700056852211));
#4419=CARTESIAN_POINT('Ctrl Pts',(18.0083479818482,-10.5,8.616314974078));
#4420=CARTESIAN_POINT('',(16.5138076676224,-10.3,7.89664510634966));
#4421=CARTESIAN_POINT('',(16.5138076676224,-10.5,7.89664510634966));
#4422=CARTESIAN_POINT('Ctrl Pts',(16.5138076676224,-10.3,7.89664510634966));
#4423=CARTESIAN_POINT('Ctrl Pts',(16.7218801515655,-10.3,8.10836284794361));
#4424=CARTESIAN_POINT('Ctrl Pts',(17.1341042307002,-10.3,8.52780875165526));
#4425=CARTESIAN_POINT('Ctrl Pts',(17.7187871444933,-10.3,8.58700056852211));
#4426=CARTESIAN_POINT('Ctrl Pts',(18.0083479818482,-10.3,8.616314974078));
#4427=CARTESIAN_POINT('Origin',(16.5351759777926,-10.5,10.5722081106424));
#4428=CARTESIAN_POINT('',(16.5351759777926,-10.5,10.5722081106424));
#4429=CARTESIAN_POINT('',(16.4921310885813,-10.5,5.1824832245557));
#4430=CARTESIAN_POINT('',(16.5351759777926,-10.3,10.5722081106424));
#4431=CARTESIAN_POINT('',(16.5351759777926,-10.5,10.5722081106424));
#4432=CARTESIAN_POINT('',(16.5351759777926,-10.3,10.5722081106424));
#4433=CARTESIAN_POINT('Origin',(15.6143326564474,-10.5,10.5795624004563));
#4434=CARTESIAN_POINT('',(15.6143326564474,-10.5,10.5795624004563));
#4435=CARTESIAN_POINT('',(3.10021121752495,-10.5,10.6795060865265));
#4436=CARTESIAN_POINT('',(15.6143326564474,-10.3,10.5795624004563));
#4437=CARTESIAN_POINT('',(15.6143326564474,-10.5,10.5795624004563));
#4438=CARTESIAN_POINT('',(15.6143326564474,-10.3,10.5795624004563));
#4439=CARTESIAN_POINT('Origin',(15.5544360186428,-10.5,3.07980098201926));
#4440=CARTESIAN_POINT('',(15.5544360186428,-10.5,3.07980098201926));
#4441=CARTESIAN_POINT('',(15.5413394483337,-10.5,1.43995680514356));
#4442=CARTESIAN_POINT('',(15.5544360186428,-10.3,3.07980098201926));
#4443=CARTESIAN_POINT('',(15.5544360186428,-10.5,3.07980098201926));
#4444=CARTESIAN_POINT('',(15.5544360186428,-10.3,3.07980098201926));
#4445=CARTESIAN_POINT('Origin',(16.4087745982745,-10.5,3.07297783049263));
#4446=CARTESIAN_POINT('',(16.4087745982745,-10.5,3.07297783049263));
#4447=CARTESIAN_POINT('',(3.46748386947485,-10.5,3.17633309232665));
#4448=CARTESIAN_POINT('',(16.4087745982745,-10.3,3.07297783049263));
#4449=CARTESIAN_POINT('',(16.4087745982745,-10.5,3.07297783049263));
#4450=CARTESIAN_POINT('',(16.4087745982745,-10.3,3.07297783049263));
#4451=CARTESIAN_POINT('Origin',(16.4142086027735,-10.5,3.75337891447303));
#4452=CARTESIAN_POINT('',(16.3983950302149,-10.5,1.77333419561411));
#4453=CARTESIAN_POINT('',(16.4142086027735,-10.3,3.75337891447303));
#4454=CARTESIAN_POINT('Origin',(13.0099813805686,-10.3,5.81768513413835));
#4455=CARTESIAN_POINT('Ctrl Pts',(11.6147042367085,-10.5,1.11853467507791));
#4456=CARTESIAN_POINT('Ctrl Pts',(11.6147042367085,-10.3,1.11853467507791));
#4457=CARTESIAN_POINT('Ctrl Pts',(11.5007797608904,-10.5,1.05754272761593));
#4458=CARTESIAN_POINT('Ctrl Pts',(11.5007797608904,-10.3,1.05754272761593));
#4459=CARTESIAN_POINT('Ctrl Pts',(11.2639658518974,-10.5,0.930759247667101));
#4460=CARTESIAN_POINT('Ctrl Pts',(11.2639658518974,-10.3,0.930759247667101));
#4461=CARTESIAN_POINT('Ctrl Pts',(10.9952924624852,-10.5,0.918591009227976));
#4462=CARTESIAN_POINT('Ctrl Pts',(10.9952924624852,-10.3,0.918591009227976));
#4463=CARTESIAN_POINT('Ctrl Pts',(10.8558702441095,-10.5,0.912276566250876));
#4464=CARTESIAN_POINT('Ctrl Pts',(10.8558702441095,-10.3,0.912276566250876));
#4465=CARTESIAN_POINT('',(11.6147042367085,-10.5,1.11853467507791));
#4466=CARTESIAN_POINT('',(10.8558702441095,-10.5,0.912276566250876));
#4467=CARTESIAN_POINT('Ctrl Pts',(11.6147042367085,-10.5,1.11853467507791));
#4468=CARTESIAN_POINT('Ctrl Pts',(11.5007797608904,-10.5,1.05754272761593));
#4469=CARTESIAN_POINT('Ctrl Pts',(11.2639658518974,-10.5,0.930759247667101));
#4470=CARTESIAN_POINT('Ctrl Pts',(10.9952924624852,-10.5,0.918591009227976));
#4471=CARTESIAN_POINT('Ctrl Pts',(10.8558702441095,-10.5,0.912276566250876));
#4472=CARTESIAN_POINT('',(11.6147042367085,-10.3,1.11853467507791));
#4473=CARTESIAN_POINT('',(11.6147042367085,-10.5,1.11853467507791));
#4474=CARTESIAN_POINT('',(10.8558702441095,-10.3,0.912276566250876));
#4475=CARTESIAN_POINT('Ctrl Pts',(11.6147042367085,-10.3,1.11853467507791));
#4476=CARTESIAN_POINT('Ctrl Pts',(11.5007797608904,-10.3,1.05754272761593));
#4477=CARTESIAN_POINT('Ctrl Pts',(11.2639658518974,-10.3,0.930759247667101));
#4478=CARTESIAN_POINT('Ctrl Pts',(10.9952924624852,-10.3,0.918591009227976));
#4479=CARTESIAN_POINT('Ctrl Pts',(10.8558702441095,-10.3,0.912276566250876));
#4480=CARTESIAN_POINT('',(10.8558702441095,-10.5,0.912276566250876));
#4481=CARTESIAN_POINT('Ctrl Pts',(12.1827742128334,-10.5,1.78165190980793));
#4482=CARTESIAN_POINT('Ctrl Pts',(12.1827742128334,-10.3,1.78165190980793));
#4483=CARTESIAN_POINT('Ctrl Pts',(12.1016715578269,-10.5,1.64404904906784));
#4484=CARTESIAN_POINT('Ctrl Pts',(12.1016715578269,-10.3,1.64404904906784));
#4485=CARTESIAN_POINT('Ctrl Pts',(11.9513145802203,-10.5,1.38894580677287));
#4486=CARTESIAN_POINT('Ctrl Pts',(11.9513145802203,-10.3,1.38894580677287));
#4487=CARTESIAN_POINT('Ctrl Pts',(11.7208541538491,-10.5,1.20380870119326));
#4488=CARTESIAN_POINT('Ctrl Pts',(11.7208541538491,-10.3,1.20380870119326));
#4489=CARTESIAN_POINT('Ctrl Pts',(11.6147042367085,-10.5,1.11853467507791));
#4490=CARTESIAN_POINT('Ctrl Pts',(11.6147042367085,-10.3,1.11853467507791));
#4491=CARTESIAN_POINT('',(12.1827742128334,-10.5,1.78165190980793));
#4492=CARTESIAN_POINT('Ctrl Pts',(12.1827742128334,-10.5,1.78165190980793));
#4493=CARTESIAN_POINT('Ctrl Pts',(12.1016715578269,-10.5,1.64404904906784));
#4494=CARTESIAN_POINT('Ctrl Pts',(11.9513145802203,-10.5,1.38894580677287));
#4495=CARTESIAN_POINT('Ctrl Pts',(11.7208541538491,-10.5,1.20380870119326));
#4496=CARTESIAN_POINT('Ctrl Pts',(11.6147042367085,-10.5,1.11853467507791));
#4497=CARTESIAN_POINT('',(12.1827742128334,-10.3,1.78165190980793));
#4498=CARTESIAN_POINT('',(12.1827742128334,-10.5,1.78165190980793));
#4499=CARTESIAN_POINT('Ctrl Pts',(12.1827742128334,-10.3,1.78165190980793));
#4500=CARTESIAN_POINT('Ctrl Pts',(12.1016715578269,-10.3,1.64404904906784));
#4501=CARTESIAN_POINT('Ctrl Pts',(11.9513145802203,-10.3,1.38894580677287));
#4502=CARTESIAN_POINT('Ctrl Pts',(11.7208541538491,-10.3,1.20380870119326));
#4503=CARTESIAN_POINT('Ctrl Pts',(11.6147042367085,-10.3,1.11853467507791));
#4504=CARTESIAN_POINT('Ctrl Pts',(12.7093157922814,-10.5,3.01043313148455));
#4505=CARTESIAN_POINT('Ctrl Pts',(12.7093157922814,-10.3,3.01043313148455));
#4506=CARTESIAN_POINT('Ctrl Pts',(12.6134628902136,-10.5,2.75724259083966));
#4507=CARTESIAN_POINT('Ctrl Pts',(12.6134628902136,-10.3,2.75724259083966));
#4508=CARTESIAN_POINT('Ctrl Pts',(12.4554997346272,-10.5,2.3399909907095));
#4509=CARTESIAN_POINT('Ctrl Pts',(12.4554997346272,-10.3,2.3399909907095));
#4510=CARTESIAN_POINT('Ctrl Pts',(12.259744217381,-10.5,1.93922924732083));
#4511=CARTESIAN_POINT('Ctrl Pts',(12.259744217381,-10.3,1.93922924732083));
#4512=CARTESIAN_POINT('Ctrl Pts',(12.1827742128334,-10.5,1.78165190980793));
#4513=CARTESIAN_POINT('Ctrl Pts',(12.1827742128334,-10.3,1.78165190980793));
#4514=CARTESIAN_POINT('',(12.7093157922814,-10.5,3.01043313148455));
#4515=CARTESIAN_POINT('Ctrl Pts',(12.7093157922814,-10.5,3.01043313148455));
#4516=CARTESIAN_POINT('Ctrl Pts',(12.6134628902136,-10.5,2.75724259083966));
#4517=CARTESIAN_POINT('Ctrl Pts',(12.4554997346272,-10.5,2.3399909907095));
#4518=CARTESIAN_POINT('Ctrl Pts',(12.259744217381,-10.5,1.93922924732083));
#4519=CARTESIAN_POINT('Ctrl Pts',(12.1827742128334,-10.5,1.78165190980793));
#4520=CARTESIAN_POINT('',(12.7093157922814,-10.3,3.01043313148455));
#4521=CARTESIAN_POINT('',(12.7093157922814,-10.5,3.01043313148455));
#4522=CARTESIAN_POINT('Ctrl Pts',(12.7093157922814,-10.3,3.01043313148455));
#4523=CARTESIAN_POINT('Ctrl Pts',(12.6134628902136,-10.3,2.75724259083966));
#4524=CARTESIAN_POINT('Ctrl Pts',(12.4554997346272,-10.3,2.3399909907095));
#4525=CARTESIAN_POINT('Ctrl Pts',(12.259744217381,-10.3,1.93922924732083));
#4526=CARTESIAN_POINT('Ctrl Pts',(12.1827742128334,-10.3,1.78165190980793));
#4527=CARTESIAN_POINT('Origin',(14.8202251124701,-10.5,8.51898972975735));
#4528=CARTESIAN_POINT('',(14.8202251124701,-10.5,8.51898972975735));
#4529=CARTESIAN_POINT('',(11.8399381315303,-10.5,0.741734990963085));
#4530=CARTESIAN_POINT('',(14.8202251124701,-10.3,8.51898972975735));
#4531=CARTESIAN_POINT('',(14.8202251124701,-10.5,8.51898972975735));
#4532=CARTESIAN_POINT('',(14.8202251124701,-10.3,8.51898972975735));
#4533=CARTESIAN_POINT('Origin',(13.89938059907,-10.5,8.52634402909158));
#4534=CARTESIAN_POINT('',(13.89938059907,-10.5,8.52634402909158));
#4535=CARTESIAN_POINT('',(2.23448203624802,-10.5,8.61950542006047));
#4536=CARTESIAN_POINT('',(13.89938059907,-10.3,8.52634402909158));
#4537=CARTESIAN_POINT('',(13.89938059907,-10.5,8.52634402909158));
#4538=CARTESIAN_POINT('',(13.89938059907,-10.3,8.52634402909158));
#4539=CARTESIAN_POINT('Origin',(12.7128032499247,-10.5,5.36893913165087));
#4540=CARTESIAN_POINT('',(12.7128032499247,-10.5,5.36893913165087));
#4541=CARTESIAN_POINT('',(10.4543497549371,-10.5,-0.640658245926088));
#4542=CARTESIAN_POINT('',(12.7128032499247,-10.3,5.36893913165087));
#4543=CARTESIAN_POINT('',(12.7128032499247,-10.5,5.36893913165087));
#4544=CARTESIAN_POINT('',(12.7128032499247,-10.3,5.36893913165087));
#4545=CARTESIAN_POINT('Ctrl Pts',(12.3243477890753,-10.5,4.13393905917972));
#4546=CARTESIAN_POINT('Ctrl Pts',(12.3243477890753,-10.3,4.13393905917972));
#4547=CARTESIAN_POINT('Ctrl Pts',(12.3812809369366,-10.5,4.34322510161029));
#4548=CARTESIAN_POINT('Ctrl Pts',(12.3812809369366,-10.3,4.34322510161029));
#4549=CARTESIAN_POINT('Ctrl Pts',(12.4946483974195,-10.5,4.75996346996212));
#4550=CARTESIAN_POINT('Ctrl Pts',(12.4946483974195,-10.3,4.75996346996212));
#4551=CARTESIAN_POINT('Ctrl Pts',(12.6402985939302,-10.5,5.16654358393465));
#4552=CARTESIAN_POINT('Ctrl Pts',(12.6402985939302,-10.3,5.16654358393465));
#4553=CARTESIAN_POINT('Ctrl Pts',(12.7128032499247,-10.5,5.36893913165087));
#4554=CARTESIAN_POINT('Ctrl Pts',(12.7128032499247,-10.3,5.36893913165087));
#4555=CARTESIAN_POINT('',(12.3243477890753,-10.5,4.13393905917972));
#4556=CARTESIAN_POINT('Ctrl Pts',(12.3243477890753,-10.5,4.13393905917972));
#4557=CARTESIAN_POINT('Ctrl Pts',(12.3812809369366,-10.5,4.34322510161029));
#4558=CARTESIAN_POINT('Ctrl Pts',(12.4946483974195,-10.5,4.75996346996212));
#4559=CARTESIAN_POINT('Ctrl Pts',(12.6402985939302,-10.5,5.16654358393465));
#4560=CARTESIAN_POINT('Ctrl Pts',(12.7128032499247,-10.5,5.36893913165087));
#4561=CARTESIAN_POINT('',(12.3243477890753,-10.3,4.13393905917972));
#4562=CARTESIAN_POINT('',(12.3243477890753,-10.5,4.13393905917972));
#4563=CARTESIAN_POINT('Ctrl Pts',(12.3243477890753,-10.3,4.13393905917972));
#4564=CARTESIAN_POINT('Ctrl Pts',(12.3812809369366,-10.3,4.34322510161029));
#4565=CARTESIAN_POINT('Ctrl Pts',(12.4946483974195,-10.3,4.75996346996212));
#4566=CARTESIAN_POINT('Ctrl Pts',(12.6402985939302,-10.3,5.16654358393465));
#4567=CARTESIAN_POINT('Ctrl Pts',(12.7128032499247,-10.3,5.36893913165087));
#4568=CARTESIAN_POINT('Ctrl Pts',(11.9404817410923,-10.5,5.39557197141895));
#4569=CARTESIAN_POINT('Ctrl Pts',(11.9404817410923,-10.3,5.39557197141895));
#4570=CARTESIAN_POINT('Ctrl Pts',(12.0107364938886,-10.5,5.19111617335972));
#4571=CARTESIAN_POINT('Ctrl Pts',(12.0107364938886,-10.3,5.19111617335972));
#4572=CARTESIAN_POINT('Ctrl Pts',(12.1536745183091,-10.5,4.7751370873524));
#4573=CARTESIAN_POINT('Ctrl Pts',(12.1536745183091,-10.3,4.7751370873524));
#4574=CARTESIAN_POINT('Ctrl Pts',(12.2668159407577,-10.5,4.35007898274685));
#4575=CARTESIAN_POINT('Ctrl Pts',(12.2668159407577,-10.3,4.35007898274685));
#4576=CARTESIAN_POINT('Ctrl Pts',(12.3243477890753,-10.5,4.13393905917972));
#4577=CARTESIAN_POINT('Ctrl Pts',(12.3243477890753,-10.3,4.13393905917972));
#4578=CARTESIAN_POINT('',(11.9404817410923,-10.5,5.39557197141895));
#4579=CARTESIAN_POINT('Ctrl Pts',(11.9404817410923,-10.5,5.39557197141895));
#4580=CARTESIAN_POINT('Ctrl Pts',(12.0107364938886,-10.5,5.19111617335972));
#4581=CARTESIAN_POINT('Ctrl Pts',(12.1536745183091,-10.5,4.7751370873524));
#4582=CARTESIAN_POINT('Ctrl Pts',(12.2668159407577,-10.5,4.35007898274685));
#4583=CARTESIAN_POINT('Ctrl Pts',(12.3243477890753,-10.5,4.13393905917972));
#4584=CARTESIAN_POINT('',(11.9404817410923,-10.3,5.39557197141895));
#4585=CARTESIAN_POINT('',(11.9404817410923,-10.5,5.39557197141895));
#4586=CARTESIAN_POINT('Ctrl Pts',(11.9404817410923,-10.3,5.39557197141895));
#4587=CARTESIAN_POINT('Ctrl Pts',(12.0107364938886,-10.3,5.19111617335972));
#4588=CARTESIAN_POINT('Ctrl Pts',(12.1536745183091,-10.3,4.7751370873524));
#4589=CARTESIAN_POINT('Ctrl Pts',(12.2668159407577,-10.3,4.35007898274685));
#4590=CARTESIAN_POINT('Ctrl Pts',(12.3243477890753,-10.3,4.13393905917972));
#4591=CARTESIAN_POINT('Origin',(10.8350175713877,-10.5,8.55081747997973));
#4592=CARTESIAN_POINT('',(10.8350175713877,-10.5,8.55081747997973));
#4593=CARTESIAN_POINT('',(11.05755656832,-10.5,7.91564070103638));
#4594=CARTESIAN_POINT('',(10.8350175713877,-10.3,8.55081747997973));
#4595=CARTESIAN_POINT('',(10.8350175713877,-10.5,8.55081747997973));
#4596=CARTESIAN_POINT('',(10.8350175713877,-10.3,8.55081747997973));
#4597=CARTESIAN_POINT('Origin',(9.84255201673228,-10.5,8.55874377878657));
#4598=CARTESIAN_POINT('',(9.84255201673228,-10.5,8.55874377878657));
#4599=CARTESIAN_POINT('',(0.206067745079172,-10.5,8.63570529490796));
#4600=CARTESIAN_POINT('',(9.84255201673228,-10.3,8.55874377878657));
#4601=CARTESIAN_POINT('',(9.84255201673228,-10.5,8.55874377878657));
#4602=CARTESIAN_POINT('',(9.84255201673228,-10.3,8.55874377878657));
#4603=CARTESIAN_POINT('Origin',(11.8607472292732,-10.5,3.09906846613725));
#4604=CARTESIAN_POINT('',(11.8607472292732,-10.5,3.09906846613725));
#4605=CARTESIAN_POINT('',(11.0807115468421,-10.5,5.20924171988967));
#4606=CARTESIAN_POINT('',(11.8607472292732,-10.3,3.09906846613725));
#4607=CARTESIAN_POINT('',(11.8607472292732,-10.5,3.09906846613725));
#4608=CARTESIAN_POINT('',(11.8607472292732,-10.3,3.09906846613725));
#4609=CARTESIAN_POINT('Ctrl Pts',(11.7770970649647,-10.5,2.87462705163816));
#4610=CARTESIAN_POINT('Ctrl Pts',(11.7770970649647,-10.3,2.87462705163816));
#4611=CARTESIAN_POINT('Ctrl Pts',(11.7883095701745,-10.5,2.90613156021684));
#4612=CARTESIAN_POINT('Ctrl Pts',(11.7883095701745,-10.3,2.90613156021684));
#4613=CARTESIAN_POINT('Ctrl Pts',(11.815082531633,-10.5,2.9813572995289));
#4614=CARTESIAN_POINT('Ctrl Pts',(11.815082531633,-10.3,2.9813572995289));
#4615=CARTESIAN_POINT('Ctrl Pts',(11.8439622974575,-10.5,3.05580147856107));
#4616=CARTESIAN_POINT('Ctrl Pts',(11.8439622974575,-10.3,3.05580147856107));
#4617=CARTESIAN_POINT('Ctrl Pts',(11.8607472292732,-10.5,3.09906846613725));
#4618=CARTESIAN_POINT('Ctrl Pts',(11.8607472292732,-10.3,3.09906846613725));
#4619=CARTESIAN_POINT('',(11.7770970649647,-10.5,2.87462705163816));
#4620=CARTESIAN_POINT('Ctrl Pts',(11.7770970649647,-10.5,2.87462705163816));
#4621=CARTESIAN_POINT('Ctrl Pts',(11.7883095701745,-10.5,2.90613156021684));
#4622=CARTESIAN_POINT('Ctrl Pts',(11.815082531633,-10.5,2.9813572995289));
#4623=CARTESIAN_POINT('Ctrl Pts',(11.8439622974575,-10.5,3.05580147856107));
#4624=CARTESIAN_POINT('Ctrl Pts',(11.8607472292732,-10.5,3.09906846613725));
#4625=CARTESIAN_POINT('',(11.7770970649647,-10.3,2.87462705163816));
#4626=CARTESIAN_POINT('',(11.7770970649647,-10.5,2.87462705163816));
#4627=CARTESIAN_POINT('Ctrl Pts',(11.7770970649647,-10.3,2.87462705163816));
#4628=CARTESIAN_POINT('Ctrl Pts',(11.7883095701745,-10.3,2.90613156021684));
#4629=CARTESIAN_POINT('Ctrl Pts',(11.815082531633,-10.3,2.9813572995289));
#4630=CARTESIAN_POINT('Ctrl Pts',(11.8439622974575,-10.3,3.05580147856107));
#4631=CARTESIAN_POINT('Ctrl Pts',(11.8607472292732,-10.3,3.09906846613725));
#4632=CARTESIAN_POINT('Ctrl Pts',(11.4902531417461,-10.5,2.19135681434144));
#4633=CARTESIAN_POINT('Ctrl Pts',(11.4902531417461,-10.3,2.19135681434144));
#4634=CARTESIAN_POINT('Ctrl Pts',(11.5300335679486,-10.5,2.27068182301563));
#4635=CARTESIAN_POINT('Ctrl Pts',(11.5300335679486,-10.3,2.27068182301563));
#4636=CARTESIAN_POINT('Ctrl Pts',(11.640928440458,-10.5,2.4918141125228));
#4637=CARTESIAN_POINT('Ctrl Pts',(11.640928440458,-10.3,2.4918141125228));
#4638=CARTESIAN_POINT('Ctrl Pts',(11.7238934356168,-10.5,2.7250548737884));
#4639=CARTESIAN_POINT('Ctrl Pts',(11.7238934356168,-10.3,2.7250548737884));
#4640=CARTESIAN_POINT('Ctrl Pts',(11.7770970649647,-10.5,2.87462705163816));
#4641=CARTESIAN_POINT('Ctrl Pts',(11.7770970649647,-10.3,2.87462705163816));
#4642=CARTESIAN_POINT('',(11.4902531417461,-10.5,2.19135681434144));
#4643=CARTESIAN_POINT('Ctrl Pts',(11.4902531417461,-10.5,2.19135681434144));
#4644=CARTESIAN_POINT('Ctrl Pts',(11.5300335679486,-10.5,2.27068182301563));
#4645=CARTESIAN_POINT('Ctrl Pts',(11.640928440458,-10.5,2.4918141125228));
#4646=CARTESIAN_POINT('Ctrl Pts',(11.7238934356168,-10.5,2.7250548737884));
#4647=CARTESIAN_POINT('Ctrl Pts',(11.7770970649647,-10.5,2.87462705163816));
#4648=CARTESIAN_POINT('',(11.4902531417461,-10.3,2.19135681434144));
#4649=CARTESIAN_POINT('',(11.4902531417461,-10.5,2.19135681434144));
#4650=CARTESIAN_POINT('Ctrl Pts',(11.4902531417461,-10.3,2.19135681434144));
#4651=CARTESIAN_POINT('Ctrl Pts',(11.5300335679486,-10.3,2.27068182301563));
#4652=CARTESIAN_POINT('Ctrl Pts',(11.640928440458,-10.3,2.4918141125228));
#4653=CARTESIAN_POINT('Ctrl Pts',(11.7238934356168,-10.3,2.7250548737884));
#4654=CARTESIAN_POINT('Ctrl Pts',(11.7770970649647,-10.3,2.87462705163816));
#4655=CARTESIAN_POINT('Ctrl Pts',(11.1861320802139,-10.5,1.90728323076657));
#4656=CARTESIAN_POINT('Ctrl Pts',(11.1861320802139,-10.3,1.90728323076657));
#4657=CARTESIAN_POINT('Ctrl Pts',(11.2452369264631,-10.5,1.94461898878433));
#4658=CARTESIAN_POINT('Ctrl Pts',(11.2452369264631,-10.3,1.94461898878433));
#4659=CARTESIAN_POINT('Ctrl Pts',(11.3645913954963,-10.5,2.0200136451779));
#4660=CARTESIAN_POINT('Ctrl Pts',(11.3645913954963,-10.3,2.0200136451779));
#4661=CARTESIAN_POINT('Ctrl Pts',(11.4480989083246,-10.5,2.13387838384324));
#4662=CARTESIAN_POINT('Ctrl Pts',(11.4480989083246,-10.3,2.13387838384324));
#4663=CARTESIAN_POINT('Ctrl Pts',(11.4902531417461,-10.5,2.19135681434144));
#4664=CARTESIAN_POINT('Ctrl Pts',(11.4902531417461,-10.3,2.19135681434144));
#4665=CARTESIAN_POINT('',(11.1861320802139,-10.5,1.90728323076657));
#4666=CARTESIAN_POINT('Ctrl Pts',(11.1861320802139,-10.5,1.90728323076657));
#4667=CARTESIAN_POINT('Ctrl Pts',(11.2452369264631,-10.5,1.94461898878433));
#4668=CARTESIAN_POINT('Ctrl Pts',(11.3645913954963,-10.5,2.0200136451779));
#4669=CARTESIAN_POINT('Ctrl Pts',(11.4480989083246,-10.5,2.13387838384324));
#4670=CARTESIAN_POINT('Ctrl Pts',(11.4902531417461,-10.5,2.19135681434144));
#4671=CARTESIAN_POINT('',(11.1861320802139,-10.3,1.90728323076657));
#4672=CARTESIAN_POINT('',(11.1861320802139,-10.5,1.90728323076657));
#4673=CARTESIAN_POINT('Ctrl Pts',(11.1861320802139,-10.3,1.90728323076657));
#4674=CARTESIAN_POINT('Ctrl Pts',(11.2452369264631,-10.3,1.94461898878433));
#4675=CARTESIAN_POINT('Ctrl Pts',(11.3645913954963,-10.3,2.0200136451779));
#4676=CARTESIAN_POINT('Ctrl Pts',(11.4480989083246,-10.3,2.13387838384324));
#4677=CARTESIAN_POINT('Ctrl Pts',(11.4902531417461,-10.3,2.19135681434144));
#4678=CARTESIAN_POINT('Ctrl Pts',(10.6941990509131,-10.5,1.80888905982842));
#4679=CARTESIAN_POINT('Ctrl Pts',(10.6941990509131,-10.3,1.80888905982842));
#4680=CARTESIAN_POINT('Ctrl Pts',(10.7876720525594,-10.5,1.81047451175022));
#4681=CARTESIAN_POINT('Ctrl Pts',(10.7876720525594,-10.3,1.81047451175022));
#4682=CARTESIAN_POINT('Ctrl Pts',(10.9580149169366,-10.5,1.81336379974713));
#4683=CARTESIAN_POINT('Ctrl Pts',(10.9580149169366,-10.3,1.81336379974713));
#4684=CARTESIAN_POINT('Ctrl Pts',(11.1151999108519,-10.5,1.87807933882023));
#4685=CARTESIAN_POINT('Ctrl Pts',(11.1151999108519,-10.3,1.87807933882023));
#4686=CARTESIAN_POINT('Ctrl Pts',(11.1861320802139,-10.5,1.90728323076657));
#4687=CARTESIAN_POINT('Ctrl Pts',(11.1861320802139,-10.3,1.90728323076657));
#4688=CARTESIAN_POINT('',(10.6941990509131,-10.5,1.80888905982842));
#4689=CARTESIAN_POINT('Ctrl Pts',(10.6941990509131,-10.5,1.80888905982842));
#4690=CARTESIAN_POINT('Ctrl Pts',(10.7876720525594,-10.5,1.81047451175022));
#4691=CARTESIAN_POINT('Ctrl Pts',(10.9580149169366,-10.5,1.81336379974713));
#4692=CARTESIAN_POINT('Ctrl Pts',(11.1151999108519,-10.5,1.87807933882023));
#4693=CARTESIAN_POINT('Ctrl Pts',(11.1861320802139,-10.5,1.90728323076657));
#4694=CARTESIAN_POINT('',(10.6941990509131,-10.3,1.80888905982842));
#4695=CARTESIAN_POINT('',(10.6941990509131,-10.5,1.80888905982842));
#4696=CARTESIAN_POINT('Ctrl Pts',(10.6941990509131,-10.3,1.80888905982842));
#4697=CARTESIAN_POINT('Ctrl Pts',(10.7876720525594,-10.3,1.81047451175022));
#4698=CARTESIAN_POINT('Ctrl Pts',(10.9580149169366,-10.3,1.81336379974713));
#4699=CARTESIAN_POINT('Ctrl Pts',(11.1151999108519,-10.3,1.87807933882023));
#4700=CARTESIAN_POINT('Ctrl Pts',(11.1861320802139,-10.3,1.90728323076657));
#4701=CARTESIAN_POINT('Ctrl Pts',(10.1679251687936,-10.5,1.89494980082693));
#4702=CARTESIAN_POINT('Ctrl Pts',(10.1679251687936,-10.3,1.89494980082693));
#4703=CARTESIAN_POINT('Ctrl Pts',(10.2614475336654,-10.5,1.87037822040251));
#4704=CARTESIAN_POINT('Ctrl Pts',(10.2614475336654,-10.3,1.87037822040251));
#4705=CARTESIAN_POINT('Ctrl Pts',(10.4342319700448,-10.5,1.82498173496922));
#4706=CARTESIAN_POINT('Ctrl Pts',(10.4342319700448,-10.3,1.82498173496922));
#4707=CARTESIAN_POINT('Ctrl Pts',(10.612446165201,-10.5,1.81394978762208));
#4708=CARTESIAN_POINT('Ctrl Pts',(10.612446165201,-10.3,1.81394978762208));
#4709=CARTESIAN_POINT('Ctrl Pts',(10.6941990509131,-10.5,1.80888905982842));
#4710=CARTESIAN_POINT('Ctrl Pts',(10.6941990509131,-10.3,1.80888905982842));
#4711=CARTESIAN_POINT('',(10.1679251687936,-10.5,1.89494980082693));
#4712=CARTESIAN_POINT('Ctrl Pts',(10.1679251687936,-10.5,1.89494980082693));
#4713=CARTESIAN_POINT('Ctrl Pts',(10.2614475336654,-10.5,1.87037822040251));
#4714=CARTESIAN_POINT('Ctrl Pts',(10.4342319700448,-10.5,1.82498173496922));
#4715=CARTESIAN_POINT('Ctrl Pts',(10.612446165201,-10.5,1.81394978762208));
#4716=CARTESIAN_POINT('Ctrl Pts',(10.6941990509131,-10.5,1.80888905982842));
#4717=CARTESIAN_POINT('',(10.1679251687936,-10.3,1.89494980082693));
#4718=CARTESIAN_POINT('',(10.1679251687936,-10.5,1.89494980082693));
#4719=CARTESIAN_POINT('Ctrl Pts',(10.1679251687936,-10.3,1.89494980082693));
#4720=CARTESIAN_POINT('Ctrl Pts',(10.2614475336654,-10.3,1.87037822040251));
#4721=CARTESIAN_POINT('Ctrl Pts',(10.4342319700448,-10.3,1.82498173496922));
#4722=CARTESIAN_POINT('Ctrl Pts',(10.612446165201,-10.3,1.81394978762208));
#4723=CARTESIAN_POINT('Ctrl Pts',(10.6941990509131,-10.3,1.80888905982842));
#4724=CARTESIAN_POINT('Origin',(10.2633367588269,-10.5,1.02956266662258));
#4725=CARTESIAN_POINT('',(10.2633367588269,-10.5,1.02956266662258));
#4726=CARTESIAN_POINT('',(10.2007349628919,-10.5,1.59736358851631));
#4727=CARTESIAN_POINT('',(10.2633367588269,-10.3,1.02956266662258));
#4728=CARTESIAN_POINT('',(10.2633367588269,-10.5,1.02956266662258));
#4729=CARTESIAN_POINT('',(10.2633367588269,-10.3,1.02956266662258));
#4730=CARTESIAN_POINT('Ctrl Pts',(10.8558702441095,-10.5,0.912276566250876));
#4731=CARTESIAN_POINT('Ctrl Pts',(10.8558702441095,-10.3,0.912276566250876));
#4732=CARTESIAN_POINT('Ctrl Pts',(10.7614738210682,-10.5,0.918856483648047));
#4733=CARTESIAN_POINT('Ctrl Pts',(10.7614738210682,-10.3,0.918856483648047));
#4734=CARTESIAN_POINT('Ctrl Pts',(10.5591584990689,-10.5,0.932958904736139));
#4735=CARTESIAN_POINT('Ctrl Pts',(10.5591584990689,-10.3,0.932958904736139));
#4736=CARTESIAN_POINT('Ctrl Pts',(10.3662420940161,-10.5,0.99595782578388));
#4737=CARTESIAN_POINT('Ctrl Pts',(10.3662420940161,-10.3,0.99595782578388));
#4738=CARTESIAN_POINT('Ctrl Pts',(10.2633367588269,-10.5,1.02956266662258));
#4739=CARTESIAN_POINT('Ctrl Pts',(10.2633367588269,-10.3,1.02956266662258));
#4740=CARTESIAN_POINT('Ctrl Pts',(10.8558702441095,-10.5,0.912276566250876));
#4741=CARTESIAN_POINT('Ctrl Pts',(10.7614738210682,-10.5,0.918856483648047));
#4742=CARTESIAN_POINT('Ctrl Pts',(10.5591584990689,-10.5,0.932958904736139));
#4743=CARTESIAN_POINT('Ctrl Pts',(10.3662420940161,-10.5,0.99595782578388));
#4744=CARTESIAN_POINT('Ctrl Pts',(10.2633367588269,-10.5,1.02956266662258));
#4745=CARTESIAN_POINT('Ctrl Pts',(10.8558702441095,-10.3,0.912276566250876));
#4746=CARTESIAN_POINT('Ctrl Pts',(10.7614738210682,-10.3,0.918856483648047));
#4747=CARTESIAN_POINT('Ctrl Pts',(10.5591584990689,-10.3,0.932958904736139));
#4748=CARTESIAN_POINT('Ctrl Pts',(10.3662420940161,-10.3,0.99595782578388));
#4749=CARTESIAN_POINT('Ctrl Pts',(10.2633367588269,-10.3,1.02956266662258));
#4750=CARTESIAN_POINT('Origin',(13.0099813805686,-10.3,5.81768513413835));
#4751=CARTESIAN_POINT('Origin',(-1.40414558245751,-10.5,5.81423165303775));
#4752=CARTESIAN_POINT('',(-1.40414558245751,-10.5,5.81423165303775));
#4753=CARTESIAN_POINT('',(-1.424901031971,-10.5,3.2154059895421));
#4754=CARTESIAN_POINT('',(-1.42761987752449,-10.5,2.87497464427526));
#4755=CARTESIAN_POINT('',(-1.40414558245751,-10.3,5.81423165303775));
#4756=CARTESIAN_POINT('',(-1.40414558245751,-10.5,5.81423165303775));
#4757=CARTESIAN_POINT('',(-1.424901031971,-10.3,3.2154059895421));
#4758=CARTESIAN_POINT('',(-1.40414558245751,-10.3,5.81423165303775));
#4759=CARTESIAN_POINT('',(-1.424901031971,-10.5,3.2154059895421));
#4760=CARTESIAN_POINT('Origin',(-0.166793207610416,-10.5,7.00152319912523));
#4761=CARTESIAN_POINT('',(-0.166793207610416,-10.5,7.00152319912523));
#4762=CARTESIAN_POINT('',(-4.34529279554718,-10.5,2.99207743659505));
#4763=CARTESIAN_POINT('',(-0.166793207610416,-10.3,7.00152319912523));
#4764=CARTESIAN_POINT('',(-0.166793207610416,-10.5,7.00152319912523));
#4765=CARTESIAN_POINT('',(-0.166793207610416,-10.3,7.00152319912523));
#4766=CARTESIAN_POINT('Origin',(2.47333776128568,-10.5,3.18427281282798));
#4767=CARTESIAN_POINT('',(2.47333776128568,-10.5,3.18427281282798));
#4768=CARTESIAN_POINT('',(1.28108176594382,-10.5,4.90810383197127));
#4769=CARTESIAN_POINT('',(2.47333776128568,-10.3,3.18427281282798));
#4770=CARTESIAN_POINT('',(2.47333776128568,-10.5,3.18427281282798));
#4771=CARTESIAN_POINT('',(2.47333776128568,-10.3,3.18427281282798));
#4772=CARTESIAN_POINT('Origin',(3.78298229807569,-10.5,3.17381337281956));
#4773=CARTESIAN_POINT('',(3.78298229807569,-10.5,3.17381337281956));
#4774=CARTESIAN_POINT('',(-2.84541228062455,-10.5,3.22675086349011));
#4775=CARTESIAN_POINT('',(3.78298229807569,-10.3,3.17381337281956));
#4776=CARTESIAN_POINT('',(3.78298229807569,-10.5,3.17381337281956));
#4777=CARTESIAN_POINT('',(3.78298229807569,-10.3,3.17381337281956));
#4778=CARTESIAN_POINT('Origin',(0.534267013403852,-10.5,7.66101999798948));
#4779=CARTESIAN_POINT('',(0.534267013403852,-10.5,7.66101999798948));
#4780=CARTESIAN_POINT('',(0.628380829841405,-10.5,7.53102764604926));
#4781=CARTESIAN_POINT('',(0.534267013403852,-10.3,7.66101999798948));
#4782=CARTESIAN_POINT('',(0.534267013403852,-10.5,7.66101999798948));
#4783=CARTESIAN_POINT('',(0.534267013403851,-10.3,7.66101999798948));
#4784=CARTESIAN_POINT('Origin',(3.70475255688395,-10.5,10.6746779337767));
#4785=CARTESIAN_POINT('',(3.70475255688395,-10.5,10.6746779337767));
#4786=CARTESIAN_POINT('',(-2.42900099913879,-10.5,4.84432960801814));
#4787=CARTESIAN_POINT('',(3.70475255688395,-10.3,10.6746779337767));
#4788=CARTESIAN_POINT('',(3.70475255688395,-10.5,10.6746779337767));
#4789=CARTESIAN_POINT('',(3.70475255688395,-10.3,10.6746779337767));
#4790=CARTESIAN_POINT('Origin',(2.35929749946629,-10.5,10.6854233735214));
#4791=CARTESIAN_POINT('',(2.35929749946629,-10.5,10.6854233735214));
#4792=CARTESIAN_POINT('',(-3.52730636096559,-10.5,10.7324365730591));
#4793=CARTESIAN_POINT('',(2.35929749946629,-10.3,10.6854233735214));
#4794=CARTESIAN_POINT('',(2.35929749946629,-10.5,10.6854233735214));
#4795=CARTESIAN_POINT('',(2.35929749946629,-10.3,10.6854233735214));
#4796=CARTESIAN_POINT('Origin',(-1.39470757213816,-10.5,6.99598121786024));
#4797=CARTESIAN_POINT('',(-1.39470757213816,-10.5,6.99598121786024));
#4798=CARTESIAN_POINT('',(-5.20491200065076,-10.5,3.25130624483657));
#4799=CARTESIAN_POINT('',(-1.39470757213816,-10.3,6.99598121786024));
#4800=CARTESIAN_POINT('',(-1.39470757213816,-10.5,6.99598121786024));
#4801=CARTESIAN_POINT('',(-1.39470757213816,-10.3,6.99598121786024));
#4802=CARTESIAN_POINT('Origin',(-1.36500439416644,-10.5,10.7151674079791));
#4803=CARTESIAN_POINT('',(-1.36500439416644,-10.5,10.7151674079791));
#4804=CARTESIAN_POINT('',(-1.40804928337896,-10.5,5.32544252174595));
#4805=CARTESIAN_POINT('',(-1.36500439416644,-10.3,10.7151674079791));
#4806=CARTESIAN_POINT('',(-1.36500439416644,-10.5,10.7151674079791));
#4807=CARTESIAN_POINT('',(-1.36500439416644,-10.3,10.7151674079791));
#4808=CARTESIAN_POINT('Origin',(-2.35746935279444,-10.5,10.7230937020258));
#4809=CARTESIAN_POINT('',(-2.35746935279444,-10.5,10.7230937020258));
#4810=CARTESIAN_POINT('',(-5.88568978709596,-10.5,10.7512717373113));
#4811=CARTESIAN_POINT('',(-2.35746935279444,-10.3,10.7230937020258));
#4812=CARTESIAN_POINT('',(-2.35746935279444,-10.5,10.7230937020258));
#4813=CARTESIAN_POINT('',(-2.35746935279444,-10.3,10.7230937020258));
#4814=CARTESIAN_POINT('Origin',(-2.417365990599,-10.5,3.22333228358878));
#4815=CARTESIAN_POINT('',(-2.417365990599,-10.5,3.22333228358878));
#4816=CARTESIAN_POINT('',(-2.43046256090929,-10.5,1.58348810656599));
#4817=CARTESIAN_POINT('',(-2.417365990599,-10.3,3.22333228358878));
#4818=CARTESIAN_POINT('',(-2.417365990599,-10.5,3.22333228358878));
#4819=CARTESIAN_POINT('',(-2.417365990599,-10.3,3.22333228358878));
#4820=CARTESIAN_POINT('Origin',(-1.424901031971,-10.5,3.2154059895421));
#4821=CARTESIAN_POINT('',(-5.44935394564789,-10.5,3.24754717185138));
#4822=CARTESIAN_POINT('',(-1.424901031971,-10.3,3.2154059895421));
#4823=CARTESIAN_POINT('Origin',(13.0099813805686,-10.3,5.81768513413835));
#4824=CARTESIAN_POINT('Origin',(-9.5,-10.5,0.));
#4825=CARTESIAN_POINT('',(-4.5,-10.5,0.));
#4826=CARTESIAN_POINT('',(-4.5,-10.5,15.87));
#4827=CARTESIAN_POINT('',(-4.5,-10.5,0.));
#4828=CARTESIAN_POINT('',(92.41,-10.5,0.));
#4829=CARTESIAN_POINT('',(-9.5,-10.5,0.));
#4830=CARTESIAN_POINT('',(92.41,-10.5,15.87));
#4831=CARTESIAN_POINT('',(92.41,-10.5,0.));
#4832=CARTESIAN_POINT('',(-9.5,-10.5,15.87));
#4833=CARTESIAN_POINT('Origin',(-9.5,-10.5,0.));
#4834=CARTESIAN_POINT('Origin',(-9.5,-10.5,0.));
#4835=CARTESIAN_POINT('Origin',(62.463,94.49999968171,13.));
#4836=CARTESIAN_POINT('',(62.463,94.49999968171,15.87));
#4837=CARTESIAN_POINT('',(62.463,85.0000009483087,15.87));
#4838=CARTESIAN_POINT('',(62.463,44.499999840855,15.87));
#4839=CARTESIAN_POINT('',(62.463,94.49999968171,5.5));
#4840=CARTESIAN_POINT('',(62.463,94.5,6.5));
#4841=CARTESIAN_POINT('',(62.463,85.0000009483087,5.5));
#4842=CARTESIAN_POINT('',(62.463,94.49999968171,5.5));
#4843=CARTESIAN_POINT('',(62.463,85.,6.5));
#4844=CARTESIAN_POINT('Origin',(43.963,85.0000009483087,13.));
#4845=CARTESIAN_POINT('',(43.963,85.0000009483087,15.87));
#4846=CARTESIAN_POINT('',(43.963,94.49999968171,15.87));
#4847=CARTESIAN_POINT('',(43.963,39.7500004741543,15.87));
#4848=CARTESIAN_POINT('',(43.963,85.0000009483087,5.5));
#4849=CARTESIAN_POINT('',(43.963,85.,6.5));
#4850=CARTESIAN_POINT('',(43.963,94.49999968171,5.5));
#4851=CARTESIAN_POINT('',(43.963,85.0000009483087,5.5));
#4852=CARTESIAN_POINT('',(43.963,94.5,6.5));
#4853=CARTESIAN_POINT('Origin',(53.213,89.7500003150093,5.5));
#4854=CARTESIAN_POINT('',(26.6065,85.,5.5));
#4855=CARTESIAN_POINT('',(75.3115,94.5,5.5));
#4856=CARTESIAN_POINT('Origin',(97.41,94.5,0.));
#4857=CARTESIAN_POINT('',(92.41,94.5,15.87));
#4858=CARTESIAN_POINT('',(97.41,94.5,15.87));
#4859=CARTESIAN_POINT('',(92.41,94.5,0.));
#4860=CARTESIAN_POINT('',(92.41,94.5,0.));
#4861=CARTESIAN_POINT('',(-4.50000000000001,94.5,0.));
#4862=CARTESIAN_POINT('',(97.41,94.5,0.));
#4863=CARTESIAN_POINT('',(-4.50000000000001,94.5,15.87));
#4864=CARTESIAN_POINT('',(-4.5,94.5,0.));
#4865=CARTESIAN_POINT('',(97.41,94.5,15.87));
#4866=CARTESIAN_POINT('Origin',(-4.5,-5.50000000000001,0.));
#4867=CARTESIAN_POINT('',(-9.5,-5.50000000000001,15.87));
#4868=CARTESIAN_POINT('Origin',(-4.5,-5.50000000000001,15.87));
#4869=CARTESIAN_POINT('',(-9.5,-5.50000000000001,0.));
#4870=CARTESIAN_POINT('',(-9.5,-5.50000000000001,0.));
#4871=CARTESIAN_POINT('Origin',(-4.5,-5.50000000000001,0.));
#4872=CARTESIAN_POINT('Origin',(-9.5,94.5,0.));
#4873=CARTESIAN_POINT('',(-9.5,89.5,15.87));
#4874=CARTESIAN_POINT('',(-9.5,94.5,15.87));
#4875=CARTESIAN_POINT('',(-9.5,89.5,0.));
#4876=CARTESIAN_POINT('',(-9.5,89.5,0.));
#4877=CARTESIAN_POINT('',(-9.5,94.5,0.));
#4878=CARTESIAN_POINT('Origin',(-4.5,-5.50000000000001,15.87));
#4879=CARTESIAN_POINT('Origin',(-4.5,89.5,15.87));
#4880=CARTESIAN_POINT('',(97.41,-5.50000000000001,15.87));
#4881=CARTESIAN_POINT('Origin',(92.41,-5.50000000000001,15.87));
#4882=CARTESIAN_POINT('',(97.41,89.5,15.87));
#4883=CARTESIAN_POINT('',(97.41,-10.5,15.87));
#4884=CARTESIAN_POINT('Origin',(92.41,89.5,15.87));
#4885=CARTESIAN_POINT('',(86.91,85.,15.87));
#4886=CARTESIAN_POINT('',(86.91,85.,15.87));
#4887=CARTESIAN_POINT('',(86.91,0.,15.87));
#4888=CARTESIAN_POINT('',(86.91,0.,15.87));
#4889=CARTESIAN_POINT('',(0.,0.,15.87));
#4890=CARTESIAN_POINT('',(0.,0.,15.87));
#4891=CARTESIAN_POINT('',(0.,85.,15.87));
#4892=CARTESIAN_POINT('',(0.,85.,15.87));
#4893=CARTESIAN_POINT('',(86.91,85.,15.87));
#4894=CARTESIAN_POINT('',(90.71,-5.50000000000001,15.87));
#4895=CARTESIAN_POINT('Origin',(92.41,-5.50000000000001,15.87));
#4896=CARTESIAN_POINT('',(-6.2,89.5,15.87));
#4897=CARTESIAN_POINT('Origin',(-4.5,89.5,15.87));
#4898=CARTESIAN_POINT('',(90.71,89.5,15.87));
#4899=CARTESIAN_POINT('Origin',(92.41,89.5,15.87));
#4900=CARTESIAN_POINT('',(-6.2,-5.50000000000001,15.87));
#4901=CARTESIAN_POINT('Origin',(-4.5,-5.50000000000001,15.87));
#4902=CARTESIAN_POINT('Origin',(92.41,89.5,0.));
#4903=CARTESIAN_POINT('',(97.41,89.5,0.));
#4904=CARTESIAN_POINT('',(97.41,89.5,0.));
#4905=CARTESIAN_POINT('Origin',(92.41,89.5,0.));
#4906=CARTESIAN_POINT('Origin',(-4.5,89.5,0.));
#4907=CARTESIAN_POINT('Origin',(-4.5,89.5,0.));
#4908=CARTESIAN_POINT('Origin',(92.41,-5.50000000000001,0.));
#4909=CARTESIAN_POINT('',(97.41,-5.50000000000001,0.));
#4910=CARTESIAN_POINT('Origin',(92.41,-5.50000000000001,0.));
#4911=CARTESIAN_POINT('',(97.41,-5.50000000000001,0.));
#4912=CARTESIAN_POINT('Origin',(97.41,-10.5,0.));
#4913=CARTESIAN_POINT('',(97.41,-10.5,0.));
#4914=CARTESIAN_POINT('Origin',(86.91,0.,0.));
#4915=CARTESIAN_POINT('',(0.,0.,3.));
#4916=CARTESIAN_POINT('',(86.91,0.,3.));
#4917=CARTESIAN_POINT('',(0.,0.,3.));
#4918=CARTESIAN_POINT('',(0.,0.,0.));
#4919=CARTESIAN_POINT('',(86.91,0.,0.));
#4920=CARTESIAN_POINT('Origin',(0.,0.,0.));
#4921=CARTESIAN_POINT('',(0.,85.,3.));
#4922=CARTESIAN_POINT('',(0.,85.,3.));
#4923=CARTESIAN_POINT('',(0.,85.,0.));
#4924=CARTESIAN_POINT('Origin',(-4.5,-5.50000000000001,0.));
#4925=CARTESIAN_POINT('',(-7.5,-5.50000000000001,3.1));
#4926=CARTESIAN_POINT('Origin',(-4.5,-5.50000000000001,3.1));
#4927=CARTESIAN_POINT('',(-7.5,-5.50000000000001,0.));
#4928=CARTESIAN_POINT('',(-7.5,-5.50000000000001,0.));
#4929=CARTESIAN_POINT('Origin',(-4.5,-5.50000000000001,0.));
#4930=CARTESIAN_POINT('Origin',(92.41,-5.50000000000001,0.));
#4931=CARTESIAN_POINT('',(89.41,-5.50000000000001,3.1));
#4932=CARTESIAN_POINT('Origin',(92.41,-5.50000000000001,3.1));
#4933=CARTESIAN_POINT('',(89.41,-5.50000000000001,0.));
#4934=CARTESIAN_POINT('',(89.41,-5.50000000000001,0.));
#4935=CARTESIAN_POINT('Origin',(92.41,-5.50000000000001,0.));
#4936=CARTESIAN_POINT('Origin',(92.41,89.5,0.));
#4937=CARTESIAN_POINT('',(89.41,89.5,3.1));
#4938=CARTESIAN_POINT('Origin',(92.41,89.5,3.1));
#4939=CARTESIAN_POINT('',(89.41,89.5,0.));
#4940=CARTESIAN_POINT('',(89.41,89.5,0.));
#4941=CARTESIAN_POINT('Origin',(92.41,89.5,0.));
#4942=CARTESIAN_POINT('Origin',(-4.5,89.5,0.));
#4943=CARTESIAN_POINT('',(-7.5,89.5,3.1));
#4944=CARTESIAN_POINT('Origin',(-4.5,89.5,3.1));
#4945=CARTESIAN_POINT('',(-7.5,89.5,0.));
#4946=CARTESIAN_POINT('',(-7.5,89.5,0.));
#4947=CARTESIAN_POINT('Origin',(-4.5,89.5,0.));
#4948=CARTESIAN_POINT('Origin',(86.91,85.,0.));
#4949=CARTESIAN_POINT('',(86.91,85.,3.));
#4950=CARTESIAN_POINT('',(86.91,0.,3.));
#4951=CARTESIAN_POINT('',(86.91,85.,0.));
#4952=CARTESIAN_POINT('Origin',(0.,85.,0.));
#4953=CARTESIAN_POINT('',(86.91,85.,3.));
#4954=CARTESIAN_POINT('Origin',(-9.5,-10.5,0.));
#4955=CARTESIAN_POINT('Origin',(43.455,42.5,3.));
#4956=CARTESIAN_POINT('Origin',(43.455,42.5,0.));
#4957=CARTESIAN_POINT('Origin',(-4.5,89.5,3.1));
#4958=CARTESIAN_POINT('',(-6.2,89.5,3.1));
#4959=CARTESIAN_POINT('',(-6.2,89.5,3.1));
#4960=CARTESIAN_POINT('Origin',(-4.5,89.5,3.1));
#4961=CARTESIAN_POINT('Origin',(-4.5,89.5,3.1));
#4962=CARTESIAN_POINT('Origin',(92.41,89.5,3.1));
#4963=CARTESIAN_POINT('',(90.71,89.5,3.1));
#4964=CARTESIAN_POINT('',(90.71,89.5,3.1));
#4965=CARTESIAN_POINT('Origin',(92.41,89.5,3.1));
#4966=CARTESIAN_POINT('Origin',(92.41,89.5,3.1));
#4967=CARTESIAN_POINT('Origin',(92.41,-5.50000000000001,3.1));
#4968=CARTESIAN_POINT('',(90.71,-5.50000000000001,3.1));
#4969=CARTESIAN_POINT('',(90.71,-5.50000000000001,3.1));
#4970=CARTESIAN_POINT('Origin',(92.41,-5.50000000000001,3.1));
#4971=CARTESIAN_POINT('Origin',(92.41,-5.50000000000001,3.1));
#4972=CARTESIAN_POINT('Origin',(-4.5,-5.50000000000001,3.1));
#4973=CARTESIAN_POINT('',(-6.2,-5.50000000000001,3.1));
#4974=CARTESIAN_POINT('',(-6.2,-5.50000000000001,3.1));
#4975=CARTESIAN_POINT('Origin',(-4.5,-5.50000000000001,3.1));
#4976=CARTESIAN_POINT('Origin',(-4.5,-5.50000000000001,3.1));
#4977=CARTESIAN_POINT('Origin',(3.4476869838883,3.29325603976979,3.));
#4978=CARTESIAN_POINT('',(5.9476869838883,3.29325603976979,7.));
#4979=CARTESIAN_POINT('Origin',(3.4476869838883,3.29325603976979,7.));
#4980=CARTESIAN_POINT('',(5.9476869838883,3.29325603976979,3.));
#4981=CARTESIAN_POINT('',(5.9476869838883,3.29325603976979,3.));
#4982=CARTESIAN_POINT('Origin',(3.4476869838883,3.29325603976979,3.));
#4983=CARTESIAN_POINT('Origin',(3.4476869838883,3.29325603976979,7.));
#4984=CARTESIAN_POINT('Origin',(3.4476869838883,3.29325603976979,3.));
#4985=CARTESIAN_POINT('Origin',(83.1704191514645,3.67829863569131,3.));
#4986=CARTESIAN_POINT('',(85.6704191514645,3.67829863569131,7.));
#4987=CARTESIAN_POINT('Origin',(83.1704191514645,3.67829863569131,7.));
#4988=CARTESIAN_POINT('',(85.6704191514645,3.67829863569131,3.));
#4989=CARTESIAN_POINT('',(85.6704191514645,3.67829863569131,3.));
#4990=CARTESIAN_POINT('Origin',(83.1704191514645,3.67829863569131,3.));
#4991=CARTESIAN_POINT('Origin',(83.1704191514645,3.67829863569131,7.));
#4992=CARTESIAN_POINT('Origin',(83.1704191514645,3.67829863569131,3.));
#4993=UNCERTAINTY_MEASURE_WITH_UNIT(LENGTH_MEASURE(0.01),#4997,
'DISTANCE_ACCURACY_VALUE',
'Maximum model space distance between geometric entities at asserted c
onnectivities');
#4994=UNCERTAINTY_MEASURE_WITH_UNIT(LENGTH_MEASURE(0.01),#4997,
'DISTANCE_ACCURACY_VALUE',
'Maximum model space distance between geometric entities at asserted c
onnectivities');
#4995=(
GEOMETRIC_REPRESENTATION_CONTEXT(3)
GLOBAL_UNCERTAINTY_ASSIGNED_CONTEXT((#4993))
GLOBAL_UNIT_ASSIGNED_CONTEXT((#4997,#4998,#4999))
REPRESENTATION_CONTEXT('','3D')
);
#4996=(
GEOMETRIC_REPRESENTATION_CONTEXT(3)
GLOBAL_UNCERTAINTY_ASSIGNED_CONTEXT((#4994))
GLOBAL_UNIT_ASSIGNED_CONTEXT((#4997,#4998,#4999))
REPRESENTATION_CONTEXT('','3D')
);
#4997=(
LENGTH_UNIT()
NAMED_UNIT(*)
SI_UNIT(.MILLI.,.METRE.)
);
#4998=(
NAMED_UNIT(*)
PLANE_ANGLE_UNIT()
SI_UNIT($,.RADIAN.)
);
#4999=(
NAMED_UNIT(*)
SI_UNIT($,.STERADIAN.)
SOLID_ANGLE_UNIT()
);
#5000=SHAPE_DEFINITION_REPRESENTATION(#5001,#5002);
#5001=PRODUCT_DEFINITION_SHAPE('',$,#5004);
#5002=SHAPE_REPRESENTATION('',(#2621),#4995);
#5003=PRODUCT_DEFINITION_CONTEXT('part definition',#5008,'design');
#5004=PRODUCT_DEFINITION('2026-01-04-20-39-14-527','Case bottom',#5005,
#5003);
#5005=PRODUCT_DEFINITION_FORMATION('',$,#5010);
#5006=PRODUCT_RELATED_PRODUCT_CATEGORY('Case bottom','Case bottom',(#5010));
#5007=APPLICATION_PROTOCOL_DEFINITION('international standard',
'automotive_design',2009,#5008);
#5008=APPLICATION_CONTEXT(
'Core Data for Automotive Mechanical Design Process');
#5009=PRODUCT_CONTEXT('part definition',#5008,'mechanical');
#5010=PRODUCT('2026-01-04-20-39-14-527','Case bottom',$,(#5009));
#5011=PRESENTATION_STYLE_ASSIGNMENT((#5012));
#5012=SURFACE_STYLE_USAGE(.BOTH.,#5013);
#5013=SURFACE_SIDE_STYLE('',(#5014));
#5014=SURFACE_STYLE_FILL_AREA(#5015);
#5015=FILL_AREA_STYLE('Steel - Satin',(#5016));
#5016=FILL_AREA_STYLE_COLOUR('Steel - Satin',#5017);
#5017=COLOUR_RGB('Steel - Satin',0.627450980392157,0.627450980392157,0.627450980392157);
ENDSEC;
END-ISO-10303-21;
